{
"type": "FeatureCollection",
"name": "villages_bhopal",
"crs": { "type": "name", "properties": { "name": "urn:ogc:def:crs:OGC:1.3:CRS84" } },
"features": [
{ "type": "Feature", "properties": { "Vill_LGD": "482227", "Villl_name": "Mahua kheda", "Sub_dist": "BERASIA", "District": "BHOPAL" }, "geometry": { "type": "Polygon", "coordinates": [ [ [ 77.347277075651476, 23.64468381981537, 0.0 ], [ 77.350264041069707, 23.638306180608616, 0.0 ], [ 77.359433194725597, 23.638865586935385, 0.0 ], [ 77.358651224724298, 23.631805262785612, 0.0 ], [ 77.361415095344853, 23.62593070563701, 0.0 ], [ 77.35999915718898, 23.623259285545025, 0.0 ], [ 77.355995714088095, 23.624710756334341, 0.0 ], [ 77.352509803444008, 23.622420524808668, 0.0 ], [ 77.351354099018081, 23.626231310820494, 0.0 ], [ 77.348860424612766, 23.627697059670208, 0.0 ], [ 77.347689729161687, 23.632855729592773, 0.0 ], [ 77.341734031033241, 23.636301248259041, 0.0 ], [ 77.341122509120652, 23.64315171603354, 0.0 ], [ 77.343170868266398, 23.645185203284868, 0.0 ], [ 77.347277075651476, 23.64468381981537, 0.0 ] ] ] } },
{ "type": "Feature", "properties": { "Vill_LGD": "482343", "Villl_name": "Agra", "Sub_dist": "BERASIA", "District": "BHOPAL" }, "geometry": { "type": "Polygon", "coordinates": [ [ [ 77.277255449223063, 23.600180892700497, 0.0 ], [ 77.266556993129868, 23.601923297950144, 0.0 ], [ 77.25605756567019, 23.607048770725278, 0.0 ], [ 77.25782898821555, 23.619299296177921, 0.0 ], [ 77.263813826717623, 23.625123337218529, 0.0 ], [ 77.270541826692011, 23.621062623950483, 0.0 ], [ 77.273218720299496, 23.617314973015858, 0.0 ], [ 77.28006220545123, 23.615028373991443, 0.0 ], [ 77.276036298559589, 23.608200448429706, 0.0 ], [ 77.277255449223063, 23.600180892700497, 0.0 ] ] ] } },
{ "type": "Feature", "properties": { "Vill_LGD": "482110", "Villl_name": "Kadia khoh", "Sub_dist": "BERASIA", "District": "BHOPAL" }, "geometry": { "type": "Polygon", "coordinates": [ [ [ 77.299163410877043, 23.651760209053595, 0.0 ], [ 77.300008277408622, 23.642272425331253, 0.0 ], [ 77.302777971024213, 23.639540804228563, 0.0 ], [ 77.297734603328124, 23.618303638335405, 0.0 ], [ 77.294884802984384, 23.611701824942109, 0.0 ], [ 77.292390366486188, 23.612235490503583, 0.0 ], [ 77.291645563241389, 23.609692568134111, 0.0 ], [ 77.277255449223063, 23.600180892700497, 0.0 ], [ 77.276036298559589, 23.608200448429706, 0.0 ], [ 77.28006220545123, 23.615028373991443, 0.0 ], [ 77.273218720299496, 23.617314973015858, 0.0 ], [ 77.270541826692011, 23.621062623950483, 0.0 ], [ 77.263813826717623, 23.625123337218529, 0.0 ], [ 77.273956442790308, 23.631472657138264, 0.0 ], [ 77.2784036546023, 23.638661009144556, 0.0 ], [ 77.279458984718616, 23.643318153042664, 0.0 ], [ 77.285305321320877, 23.647289474769938, 0.0 ], [ 77.28546950421179, 23.650764081243569, 0.0 ], [ 77.289371819800081, 23.652340474756556, 0.0 ], [ 77.299163410877043, 23.651760209053595, 0.0 ] ] ] } },
{ "type": "Feature", "properties": { "Vill_LGD": "482113", "Villl_name": "Ajabpura", "Sub_dist": "BERASIA", "District": "BHOPAL" }, "geometry": { "type": "Polygon", "coordinates": [ [ [ 77.292390366486188, 23.612235490503583, 0.0 ], [ 77.301158648930667, 23.611174972266042, 0.0 ], [ 77.300030783843837, 23.605078793584784, 0.0 ], [ 77.301634540167669, 23.602123502800961, 0.0 ], [ 77.291498036979746, 23.597892820344583, 0.0 ], [ 77.285500605211993, 23.602209163126954, 0.0 ], [ 77.284816509771986, 23.604576727081344, 0.0 ], [ 77.291859714946369, 23.609871028034291, 0.0 ], [ 77.292390366486188, 23.612235490503583, 0.0 ] ] ] } },
{ "type": "Feature", "properties": { "Vill_LGD": "482111", "Villl_name": "Kadia chabar", "Sub_dist": "BERASIA", "District": "BHOPAL" }, "geometry": { "type": "Polygon", "coordinates": [ [ [ 77.315810278810133, 23.641431286047528, 0.0 ], [ 77.317214160763243, 23.631665978304898, 0.0 ], [ 77.316439546894571, 23.617830324971081, 0.0 ], [ 77.305308429691394, 23.615991000813612, 0.0 ], [ 77.304142492611788, 23.61295480957731, 0.0 ], [ 77.301158648930667, 23.611174972266042, 0.0 ], [ 77.294896700129641, 23.611868386971853, 0.0 ], [ 77.301190771337346, 23.628874394647543, 0.0 ], [ 77.302949291732659, 23.639921517736131, 0.0 ], [ 77.315810278810133, 23.641431286047528, 0.0 ] ] ] } },
{ "type": "Feature", "properties": { "Vill_LGD": "482239", "Villl_name": "Rampura balachon", "Sub_dist": "BERASIA", "District": "BHOPAL" }, "geometry": { "type": "Polygon", "coordinates": [ [ [ 77.284816509771986, 23.604576727081344, 0.0 ], [ 77.285500605211993, 23.602209163126954, 0.0 ], [ 77.291498036979746, 23.597892820344583, 0.0 ], [ 77.301634540167669, 23.602123502800961, 0.0 ], [ 77.308605965029756, 23.600249875153068, 0.0 ], [ 77.311318550303866, 23.596733031886242, 0.0 ], [ 77.311398546511441, 23.592283839567411, 0.0 ], [ 77.321107652606131, 23.587486446092996, 0.0 ], [ 77.320071250954868, 23.575128012236629, 0.0 ], [ 77.308358263600084, 23.57786128922778, 0.0 ], [ 77.295460719786888, 23.574672105102088, 0.0 ], [ 77.283595536021537, 23.581339894428012, 0.0 ], [ 77.27374397227895, 23.58161418020126, 0.0 ], [ 77.272701221432726, 23.594082360373623, 0.0 ], [ 77.278766334378076, 23.60228669456756, 0.0 ], [ 77.284816509771986, 23.604576727081344, 0.0 ] ] ] } },
{ "type": "Feature", "properties": { "Vill_LGD": "482114", "Villl_name": "Karanpura", "Sub_dist": "BERASIA", "District": "BHOPAL" }, "geometry": { "type": "Polygon", "coordinates": [ [ [ 77.316504981570432, 23.618056372409708, 0.0 ], [ 77.319501517775805, 23.615568845565871, 0.0 ], [ 77.318797195853918, 23.611404787756328, 0.0 ], [ 77.316436771113075, 23.611400029717164, 0.0 ], [ 77.30874397402286, 23.600383125350309, 0.0 ], [ 77.301634540167669, 23.602123502800961, 0.0 ], [ 77.300030783843837, 23.605078793584784, 0.0 ], [ 77.300654203395879, 23.609371341389352, 0.0 ], [ 77.305308429691394, 23.615991000813612, 0.0 ], [ 77.316504981570432, 23.618056372409708, 0.0 ] ] ] } },
{ "type": "Feature", "properties": { "Vill_LGD": "482237", "Villl_name": "Kachnariya", "Sub_dist": "BERASIA", "District": "BHOPAL" }, "geometry": { "type": "Polygon", "coordinates": [ [ [ 77.356202826157798, 23.583778077722041, 0.0 ], [ 77.354120210694688, 23.573793775604205, 0.0 ], [ 77.35180261609122, 23.574969229451003, 0.0 ], [ 77.346025285816737, 23.57333216062975, 0.0 ], [ 77.341009380810704, 23.566393652014042, 0.0 ], [ 77.340084445052838, 23.561486727549777, 0.0 ], [ 77.338080939122662, 23.560335067734197, 0.0 ], [ 77.327982505937186, 23.562923922299468, 0.0 ], [ 77.322090009283471, 23.568376218386021, 0.0 ], [ 77.320341104583704, 23.572873399965843, 0.0 ], [ 77.321250421038286, 23.587172357898528, 0.0 ], [ 77.324654781573884, 23.588904328899471, 0.0 ], [ 77.341330044385202, 23.593154046992588, 0.0 ], [ 77.356202826157798, 23.583778077722041, 0.0 ] ] ] } },
{ "type": "Feature", "properties": { "Vill_LGD": "482235", "Villl_name": "Chapadiya", "Sub_dist": "BERASIA", "District": "BHOPAL" }, "geometry": { "type": "Polygon", "coordinates": [ [ [ 77.339469544674998, 23.624551985995708, 0.0 ], [ 77.355732941780161, 23.619313423208936, 0.0 ], [ 77.361097197511128, 23.609299298507398, 0.0 ], [ 77.357782450876698, 23.608293743281873, 0.0 ], [ 77.354718895324453, 23.600899569355693, 0.0 ], [ 77.342917145274285, 23.602272141188049, 0.0 ], [ 77.336399802144442, 23.60821841413183, 0.0 ], [ 77.339922593599468, 23.612794117091788, 0.0 ], [ 77.339911886179479, 23.618636884550757, 0.0 ], [ 77.336828343285049, 23.620092876009821, 0.0 ], [ 77.336728405084116, 23.62326707676819, 0.0 ], [ 77.339469544674998, 23.624551985995708, 0.0 ] ] ] } },
{ "type": "Feature", "properties": { "Vill_LGD": "937871", "Villl_name": "Unchi Laloi", "Sub_dist": "BERASIA", "District": "BHOPAL" }, "geometry": { "type": "Polygon", "coordinates": [ [ [ 77.351354099018081, 23.626231310820494, 0.0 ], [ 77.351849503137998, 23.621450894729662, 0.0 ], [ 77.339469544674998, 23.624551985995708, 0.0 ], [ 77.336652263637689, 23.623257558337304, 0.0 ], [ 77.325707885518881, 23.634458989700892, 0.0 ], [ 77.339020968283421, 23.63040081904958, 0.0 ], [ 77.341367118569607, 23.632475708851722, 0.0 ], [ 77.341480813385573, 23.637000103737638, 0.0 ], [ 77.347689729161687, 23.632855729592773, 0.0 ], [ 77.348860424612766, 23.627697059670208, 0.0 ], [ 77.351354099018081, 23.626231310820494, 0.0 ] ] ] } },
{ "type": "Feature", "properties": { "Vill_LGD": "482240", "Villl_name": "Babdi khar", "Sub_dist": "BERASIA", "District": "BHOPAL" }, "geometry": { "type": "Polygon", "coordinates": [ [ [ 77.321886019763156, 23.58791862955362, 0.0 ], [ 77.311398546511441, 23.592283839567411, 0.0 ], [ 77.311318550303866, 23.596733031886242, 0.0 ], [ 77.308605965029756, 23.600249875153068, 0.0 ], [ 77.315661066667829, 23.608949184620098, 0.0 ], [ 77.319882237959007, 23.598993540965541, 0.0 ], [ 77.321886019763156, 23.58791862955362, 0.0 ] ] ] } },
{ "type": "Feature", "properties": { "Vill_LGD": "482238", "Villl_name": "Khukaria", "Sub_dist": "BERASIA", "District": "BHOPAL" }, "geometry": { "type": "Polygon", "coordinates": [ [ [ 77.36928315261116, 23.604677756927071, 0.0 ], [ 77.369493735017585, 23.589112513285937, 0.0 ], [ 77.366069260697699, 23.582342073295024, 0.0 ], [ 77.355860184474793, 23.583899430309781, 0.0 ], [ 77.341330044385202, 23.593154046992588, 0.0 ], [ 77.346077070561535, 23.596468635988877, 0.0 ], [ 77.348753962977199, 23.600644589595809, 0.0 ], [ 77.354718895324453, 23.600899569355693, 0.0 ], [ 77.357782450876698, 23.608293743281873, 0.0 ], [ 77.361173182794005, 23.60933475814285, 0.0 ], [ 77.36928315261116, 23.604677756927071, 0.0 ] ] ] } },
{ "type": "Feature", "properties": { "Vill_LGD": "482233", "Villl_name": "Birha shyam khedi", "Sub_dist": "BERASIA", "District": "BHOPAL" }, "geometry": { "type": "Polygon", "coordinates": [ [ [ 77.390700313057366, 23.623730803979051, 0.0 ], [ 77.391555910981467, 23.618318385430655, 0.0 ], [ 77.388805253349574, 23.607464236689065, 0.0 ], [ 77.369461612120887, 23.601197796310768, 0.0 ], [ 77.36928315261116, 23.604677756927071, 0.0 ], [ 77.361815638109178, 23.608406767594705, 0.0 ], [ 77.355732941780161, 23.619313423208936, 0.0 ], [ 77.351849503137998, 23.621450894729662, 0.0 ], [ 77.35587079127076, 23.624663166907066, 0.0 ], [ 77.35999915718898, 23.623259285545025, 0.0 ], [ 77.36378812625459, 23.624589693665559, 0.0 ], [ 77.364035589930523, 23.62619820833531, 0.0 ], [ 77.37102168782738, 23.622562392605548, 0.0 ], [ 77.375100084204036, 23.623114427548376, 0.0 ], [ 77.37354391664725, 23.625655691596634, 0.0 ], [ 77.374695576000747, 23.628748991510363, 0.0 ], [ 77.373220309734236, 23.630076731105611, 0.0 ], [ 77.374965119001132, 23.631814986481526, 0.0 ], [ 77.38214514278657, 23.630792710846361, 0.0 ], [ 77.384369939039615, 23.629103293542268, 0.0 ], [ 77.385525185750325, 23.624936978890673, 0.0 ], [ 77.388801751316237, 23.622744110462989, 0.0 ], [ 77.390700313057366, 23.623730803979051, 0.0 ] ] ] } },
{ "type": "Feature", "properties": { "Vill_LGD": "482259", "Villl_name": "Semra kalan", "Sub_dist": "BERASIA", "District": "BHOPAL" }, "geometry": { "type": "Polygon", "coordinates": [ [ [ 77.447452996576033, 23.599439743197181, 0.0 ], [ 77.466045896667907, 23.599491065631579, 0.0 ], [ 77.472649962875551, 23.581277201832432, 0.0 ], [ 77.471406694845982, 23.574132869525961, 0.0 ], [ 77.467151742379528, 23.567621535367824, 0.0 ], [ 77.459889581347028, 23.568621971946385, 0.0 ], [ 77.455338292882558, 23.577928061168649, 0.0 ], [ 77.443796223709995, 23.576925640240553, 0.0 ], [ 77.437326469011538, 23.58374874392786, 0.0 ], [ 77.447452996576033, 23.599439743197181, 0.0 ] ] ] } },
{ "type": "Feature", "properties": { "Vill_LGD": "482043", "Villl_name": "Surajpura", "Sub_dist": "BERASIA", "District": "BHOPAL" }, "geometry": { "type": "Polygon", "coordinates": [ [ [ 77.249936310583365, 23.892572265424313, 0.0 ], [ 77.25298126474776, 23.889759200869435, 0.0 ], [ 77.250698619578174, 23.883280615040377, 0.0 ], [ 77.243576654358506, 23.878403908808789, 0.0 ], [ 77.238787990033117, 23.872401719620647, 0.0 ], [ 77.232785800023223, 23.872128080364664, 0.0 ], [ 77.230679977358506, 23.874103033255214, 0.0 ], [ 77.223196783464374, 23.875249634130526, 0.0 ], [ 77.226123309892628, 23.892454625667455, 0.0 ], [ 77.232325757061503, 23.892824555789407, 0.0 ], [ 77.23951693790147, 23.890341665507037, 0.0 ], [ 77.249936310583365, 23.892572265424313, 0.0 ] ] ] } },
{ "type": "Feature", "properties": { "Vill_LGD": "482046", "Villl_name": "Amalya", "Sub_dist": "BERASIA", "District": "BHOPAL" }, "geometry": { "type": "Polygon", "coordinates": [ [ [ 77.270201635270524, 23.886604240587889, 0.0 ], [ 77.268537121065435, 23.87948341727682, 0.0 ], [ 77.271392125274232, 23.867572263755886, 0.0 ], [ 77.259339790078897, 23.866001867042076, 0.0 ], [ 77.238853424934916, 23.872502845831182, 0.0 ], [ 77.243576654358506, 23.878403908808789, 0.0 ], [ 77.250007149235202, 23.882335969165979, 0.0 ], [ 77.25298126474776, 23.889759200869435, 0.0 ], [ 77.270201635270524, 23.886604240587889, 0.0 ] ] ] } },
{ "type": "Feature", "properties": { "Vill_LGD": "482044", "Villl_name": "Babukhedi", "Sub_dist": "BERASIA", "District": "BHOPAL" }, "geometry": { "type": "Polygon", "coordinates": [ [ [ 77.238680913685087, 23.872371975941764, 0.0 ], [ 77.240628303875269, 23.865676356917838, 0.0 ], [ 77.239726487616508, 23.858586752627836, 0.0 ], [ 77.223066691780161, 23.856910787227953, 0.0 ], [ 77.219738852510616, 23.864579183475826, 0.0 ], [ 77.223196783464374, 23.875249634130526, 0.0 ], [ 77.230679977358506, 23.874103033255214, 0.0 ], [ 77.232785800023223, 23.872128080364664, 0.0 ], [ 77.238680913685087, 23.872371975941764, 0.0 ] ] ] } },
{ "type": "Feature", "properties": { "Vill_LGD": "482052", "Villl_name": "Shahodra", "Sub_dist": "BERASIA", "District": "BHOPAL" }, "geometry": { "type": "Polygon", "coordinates": [ [ [ 77.239726487616508, 23.858586752627836, 0.0 ], [ 77.244507969673634, 23.856167337999409, 0.0 ], [ 77.241329283407879, 23.847417829600872, 0.0 ], [ 77.237391275068759, 23.848214950527034, 0.0 ], [ 77.236808306661757, 23.845389340095455, 0.0 ], [ 77.222511861740884, 23.847939855638561, 0.0 ], [ 77.223066691780161, 23.856910787227953, 0.0 ], [ 77.239726487616508, 23.858586752627836, 0.0 ] ] ] } },
{ "type": "Feature", "properties": { "Vill_LGD": "482181", "Villl_name": "Umariya", "Sub_dist": "BERASIA", "District": "BHOPAL" }, "geometry": { "type": "Polygon", "coordinates": [ [ [ 77.271392125274232, 23.867572263755886, 0.0 ], [ 77.266281103554789, 23.861848864785941, 0.0 ], [ 77.260927316906674, 23.859052997552631, 0.0 ], [ 77.252539717024789, 23.85607867194523, 0.0 ], [ 77.244507969673634, 23.856167337999409, 0.0 ], [ 77.239726487616508, 23.858586752627836, 0.0 ], [ 77.240628303875269, 23.865676356917838, 0.0 ], [ 77.238680913685087, 23.872371975941764, 0.0 ], [ 77.248308608789543, 23.870489529923898, 0.0 ], [ 77.259339790078897, 23.866001867042076, 0.0 ], [ 77.271392125274232, 23.867572263755886, 0.0 ] ] ] } },
{ "type": "Feature", "properties": { "Vill_LGD": "482053", "Villl_name": "Pipakhedi", "Sub_dist": "BERASIA", "District": "BHOPAL" }, "geometry": { "type": "Polygon", "coordinates": [ [ [ 77.232781069022224, 23.845811693744814, 0.0 ], [ 77.233996072182009, 23.84036111247142, 0.0 ], [ 77.237353490844853, 23.836979897960124, 0.0 ], [ 77.237101268486427, 23.831726047349331, 0.0 ], [ 77.229239528536837, 23.831145459996076, 0.0 ], [ 77.227521558155814, 23.829108641100007, 0.0 ], [ 77.225277990706118, 23.830002259908799, 0.0 ], [ 77.223477737941948, 23.834378385482633, 0.0 ], [ 77.213790097714906, 23.839182431131164, 0.0 ], [ 77.222108466317522, 23.845930376755128, 0.0 ], [ 77.222511861740884, 23.847939855638561, 0.0 ], [ 77.232781069022224, 23.845811693744814, 0.0 ] ] ] } },
{ "type": "Feature", "properties": { "Vill_LGD": "482056", "Villl_name": "Sindhoda", "Sub_dist": "BERASIA", "District": "BHOPAL" }, "geometry": { "type": "Polygon", "coordinates": [ [ [ 77.27828032883572, 23.860705739520331, 0.0 ], [ 77.277779487550447, 23.852631564867615, 0.0 ], [ 77.285617430967591, 23.847934508729285, 0.0 ], [ 77.288175265081122, 23.842801005918552, 0.0 ], [ 77.282376604668585, 23.83224434283952, 0.0 ], [ 77.277722380093238, 23.829488926434198, 0.0 ], [ 77.271833213862266, 23.832686921938571, 0.0 ], [ 77.268635217156898, 23.832651229510262, 0.0 ], [ 77.266379488713184, 23.83059537573488, 0.0 ], [ 77.261254844433253, 23.830609336264363, 0.0 ], [ 77.254106943273896, 23.827934820509299, 0.0 ], [ 77.254649460378332, 23.82661184083079, 0.0 ], [ 77.252584087913434, 23.826212092188548, 0.0 ], [ 77.25229855312655, 23.824517915104956, 0.0 ], [ 77.239261089125009, 23.826962018017035, 0.0 ], [ 77.232556958049571, 23.830180239104859, 0.0 ], [ 77.23450765516597, 23.832411332541678, 0.0 ], [ 77.237353491287905, 23.83185453913104, 0.0 ], [ 77.237458187628931, 23.833815215133299, 0.0 ], [ 77.237353490844853, 23.836979897960124, 0.0 ], [ 77.233996072182009, 23.84036111247142, 0.0 ], [ 77.232781069022224, 23.845811693744814, 0.0 ], [ 77.237093842620808, 23.845401236509026, 0.0 ], [ 77.237391275068759, 23.848214950527034, 0.0 ], [ 77.241329283407879, 23.847417829600872, 0.0 ], [ 77.244507969673634, 23.856167337999409, 0.0 ], [ 77.252539717024789, 23.85607867194523, 0.0 ], [ 77.260927316906674, 23.859052997552631, 0.0 ], [ 77.266281103554789, 23.861848864785941, 0.0 ], [ 77.271447758287451, 23.86756717531436, 0.0 ], [ 77.27828032883572, 23.860705739520331, 0.0 ] ] ] } },
{ "type": "Feature", "properties": { "Vill_LGD": "482048", "Villl_name": "Gnakhedi", "Sub_dist": "BERASIA", "District": "BHOPAL" }, "geometry": { "type": "Polygon", "coordinates": [ [ [ 77.295755877903574, 23.894910502707848, 0.0 ], [ 77.30076248065744, 23.89009872512209, 0.0 ], [ 77.311308346826408, 23.888899997340594, 0.0 ], [ 77.31475638541805, 23.887462406306561, 0.0 ], [ 77.315596683944818, 23.885521066301973, 0.0 ], [ 77.324436852011388, 23.883036839398301, 0.0 ], [ 77.31862145028694, 23.873814048063736, 0.0 ], [ 77.319439983697237, 23.86920741122562, 0.0 ], [ 77.313152952792151, 23.863258818607061, 0.0 ], [ 77.303980113493608, 23.871113691291868, 0.0 ], [ 77.299623832417012, 23.870197266954939, 0.0 ], [ 77.296337915171321, 23.87451566837882, 0.0 ], [ 77.293830083178733, 23.888140544586005, 0.0 ], [ 77.295076920299195, 23.889848997910416, 0.0 ], [ 77.291839307482505, 23.893591178397894, 0.0 ], [ 77.293108050414958, 23.895263548273956, 0.0 ], [ 77.295755877903574, 23.894910502707848, 0.0 ] ] ] } },
{ "type": "Feature", "properties": { "Vill_LGD": "482047", "Villl_name": "Khata khedi", "Sub_dist": "BERASIA", "District": "BHOPAL" }, "geometry": { "type": "Polygon", "coordinates": [ [ [ 77.313152952792151, 23.863258818607061, 0.0 ], [ 77.289323234117404, 23.867889660039822, 0.0 ], [ 77.27828032883572, 23.860705739520331, 0.0 ], [ 77.270502556891344, 23.868976669456806, 0.0 ], [ 77.27030981903313, 23.875693888281056, 0.0 ], [ 77.268537121065435, 23.87948341727682, 0.0 ], [ 77.270201635270524, 23.886604240587889, 0.0 ], [ 77.279570923949876, 23.886709063434015, 0.0 ], [ 77.293040101692966, 23.893594269387737, 0.0 ], [ 77.29509595715524, 23.889739542009064, 0.0 ], [ 77.293825324848086, 23.888207170339776, 0.0 ], [ 77.296067729130655, 23.88113683856783, 0.0 ], [ 77.295243245163462, 23.877938843758045, 0.0 ], [ 77.298177121753071, 23.87163446197658, 0.0 ], [ 77.299623832417012, 23.870197266954939, 0.0 ], [ 77.303980113493608, 23.871113691291868, 0.0 ], [ 77.313152952792151, 23.863258818607061, 0.0 ] ] ] } },
{ "type": "Feature", "properties": { "Vill_LGD": "482060", "Villl_name": "Dhamantori", "Sub_dist": "BERASIA", "District": "BHOPAL" }, "geometry": { "type": "Polygon", "coordinates": [ [ [ 77.235710826655037, 23.806078069304991, 0.0 ], [ 77.238563928951621, 23.804674504936283, 0.0 ], [ 77.237345645510629, 23.802999364865379, 0.0 ], [ 77.242323477394123, 23.800515207990554, 0.0 ], [ 77.240995738347252, 23.79965860217338, 0.0 ], [ 77.244031930441565, 23.797312452761471, 0.0 ], [ 77.243865368174383, 23.794192979943517, 0.0 ], [ 77.239553784781108, 23.791216273919272, 0.0 ], [ 77.234614023454995, 23.791665992043562, 0.0 ], [ 77.2286177819812, 23.789859981250558, 0.0 ], [ 77.221814902693353, 23.78499160354664, 0.0 ], [ 77.220351533929232, 23.786326482398774, 0.0 ], [ 77.217693320221102, 23.78579087765636, 0.0 ], [ 77.217241134169697, 23.791686050867469, 0.0 ], [ 77.214355923789384, 23.797344900102576, 0.0 ], [ 77.21666050929241, 23.805423334880576, 0.0 ], [ 77.223611230049428, 23.813191328556837, 0.0 ], [ 77.229959798687005, 23.810844448251185, 0.0 ], [ 77.235937003737078, 23.810870621806266, 0.0 ], [ 77.235710826655037, 23.806078069304991, 0.0 ] ] ] } },
{ "type": "Feature", "properties": { "Vill_LGD": "482061", "Villl_name": "Nazirabad", "Sub_dist": "BERASIA", "District": "BHOPAL" }, "geometry": { "type": "Polygon", "coordinates": [ [ [ 77.259748270377315, 23.809344197892425, 0.0 ], [ 77.262774692897153, 23.801373313995011, 0.0 ], [ 77.258821589176833, 23.799165458270629, 0.0 ], [ 77.259311757879615, 23.796524256825236, 0.0 ], [ 77.257120274609917, 23.795505846583932, 0.0 ], [ 77.2534582839141, 23.785019562819393, 0.0 ], [ 77.246577121560705, 23.785749461824562, 0.0 ], [ 77.240033602910984, 23.789116400373835, 0.0 ], [ 77.244022412386215, 23.794399992603971, 0.0 ], [ 77.244031930441565, 23.797312452761471, 0.0 ], [ 77.240995738347252, 23.79965860217338, 0.0 ], [ 77.242332994639114, 23.800410511236777, 0.0 ], [ 77.240886283067979, 23.801947643050177, 0.0 ], [ 77.237141010834833, 23.803232552183953, 0.0 ], [ 77.238563928951621, 23.804674504936283, 0.0 ], [ 77.235710826655037, 23.806078069304991, 0.0 ], [ 77.238073760095205, 23.805792851620346, 0.0 ], [ 77.239629927977219, 23.807506064393003, 0.0 ], [ 77.23996781158371, 23.806293729498869, 0.0 ], [ 77.24390581887279, 23.806733929210427, 0.0 ], [ 77.244405505665185, 23.805306252441557, 0.0 ], [ 77.247403627058375, 23.804949332516163, 0.0 ], [ 77.24809842915117, 23.808858787806532, 0.0 ], [ 77.251446330151197, 23.808980140172871, 0.0 ], [ 77.252859731375594, 23.811935430599146, 0.0 ], [ 77.254572942827807, 23.810129419639328, 0.0 ], [ 77.259748270377315, 23.809344197892425, 0.0 ] ] ] } },
{ "type": "Feature", "properties": { "Vill_LGD": "482054", "Villl_name": "Ghogalpur", "Sub_dist": "BERASIA", "District": "BHOPAL" }, "geometry": { "type": "Polygon", "coordinates": [ [ [ 77.229239528536837, 23.831145459996076, 0.0 ], [ 77.243840165953358, 23.826102772403875, 0.0 ], [ 77.242520972993177, 23.820162417214149, 0.0 ], [ 77.239137379362347, 23.817849581310117, 0.0 ], [ 77.240186721418254, 23.812245950136901, 0.0 ], [ 77.238073760095205, 23.805792851620346, 0.0 ], [ 77.235710826655037, 23.806078069304991, 0.0 ], [ 77.235937003737078, 23.810870621806266, 0.0 ], [ 77.229959798687005, 23.810844448251185, 0.0 ], [ 77.223611230049428, 23.813191328556837, 0.0 ], [ 77.225277990706118, 23.830002259908799, 0.0 ], [ 77.227797576617391, 23.829089605681048, 0.0 ], [ 77.229239528536837, 23.831145459996076, 0.0 ] ] ] } },
{ "type": "Feature", "properties": { "Vill_LGD": "482055", "Villl_name": "Kherkhedi", "Sub_dist": "BERASIA", "District": "BHOPAL" }, "geometry": { "type": "Polygon", "coordinates": [ [ [ 77.252679266052908, 23.824536950598116, 0.0 ], [ 77.251971002292407, 23.817934290684239, 0.0 ], [ 77.250148334231241, 23.815583381604043, 0.0 ], [ 77.251780644445219, 23.815174115153095, 0.0 ], [ 77.249558228905329, 23.814369857118315, 0.0 ], [ 77.25293230423317, 23.813551322891332, 0.0 ], [ 77.251446330151197, 23.808980140172871, 0.0 ], [ 77.24809842915117, 23.808858787806532, 0.0 ], [ 77.247403627058375, 23.804949332516163, 0.0 ], [ 77.244405505665185, 23.805306252441557, 0.0 ], [ 77.24390581887279, 23.806733929210427, 0.0 ], [ 77.23996781158371, 23.806293729498869, 0.0 ], [ 77.239137379362347, 23.817849581310117, 0.0 ], [ 77.242520972993177, 23.820162417214149, 0.0 ], [ 77.243840165953358, 23.826102772403875, 0.0 ], [ 77.252679266052908, 23.824536950598116, 0.0 ] ] ] } },
{ "type": "Feature", "properties": { "Vill_LGD": "482062", "Villl_name": "Barbeli kalan", "Sub_dist": "BERASIA", "District": "BHOPAL" }, "geometry": { "type": "Polygon", "coordinates": [ [ [ 77.250852060653003, 23.784997791299983, 0.0 ], [ 77.249824132102319, 23.779215700112641, 0.0 ], [ 77.251132836998849, 23.778582764048618, 0.0 ], [ 77.24946721450975, 23.772776878827081, 0.0 ], [ 77.246645173438324, 23.770616327600351, 0.0 ], [ 77.24113910119118, 23.770130917806831, 0.0 ], [ 77.234271975262132, 23.770763854863716, 0.0 ], [ 77.233388005722901, 23.774057029003163, 0.0 ], [ 77.227939635632794, 23.779495049646577, 0.0 ], [ 77.220415779832564, 23.781800747332376, 0.0 ], [ 77.219694802706456, 23.784898805184682, 0.0 ], [ 77.220165935479315, 23.786312205091509, 0.0 ], [ 77.221814902693353, 23.78499160354664, 0.0 ], [ 77.224727362943185, 23.788168184043883, 0.0 ], [ 77.233877979799132, 23.791574186357462, 0.0 ], [ 77.241037108192245, 23.791737091715799, 0.0 ], [ 77.240206114724486, 23.788991478261178, 0.0 ], [ 77.250852060653003, 23.784997791299983, 0.0 ] ] ] } },
{ "type": "Feature", "properties": { "Vill_LGD": "482328", "Villl_name": "Bijapura", "Sub_dist": "BERASIA", "District": "BHOPAL" }, "geometry": { "type": "Polygon", "coordinates": [ [ [ 77.289489795920915, 23.867883710643195, 0.0 ], [ 77.291825357586205, 23.849025676118924, 0.0 ], [ 77.288175265081122, 23.842801005918552, 0.0 ], [ 77.285617430967591, 23.847934508729285, 0.0 ], [ 77.277622442289797, 23.852931376872132, 0.0 ], [ 77.27828032883572, 23.860705739520331, 0.0 ], [ 77.289489795920915, 23.867883710643195, 0.0 ] ] ] } },
{ "type": "Feature", "properties": { "Vill_LGD": "482327", "Villl_name": "Chandpura", "Sub_dist": "BERASIA", "District": "BHOPAL" }, "geometry": { "type": "Polygon", "coordinates": [ [ [ 77.313152952792151, 23.863258818607061, 0.0 ], [ 77.313743366000764, 23.861094302252393, 0.0 ], [ 77.310959397003202, 23.857191986695081, 0.0 ], [ 77.314742740538989, 23.851766815337751, 0.0 ], [ 77.313505419405146, 23.847103070567805, 0.0 ], [ 77.307152259492611, 23.837609022623813, 0.0 ], [ 77.305010682996084, 23.836772921467571, 0.0 ], [ 77.2957927122699, 23.840250223762499, 0.0 ], [ 77.285248011357709, 23.837154768999088, 0.0 ], [ 77.291825357586205, 23.849025676118924, 0.0 ], [ 77.289489795920915, 23.867883710643195, 0.0 ], [ 77.313152952792151, 23.863258818607061, 0.0 ] ] ] } },
{ "type": "Feature", "properties": { "Vill_LGD": "482049", "Villl_name": "Majidgarh", "Sub_dist": "BERASIA", "District": "BHOPAL" }, "geometry": { "type": "Polygon", "coordinates": [ [ [ 77.358735638119441, 23.887022746055461, 0.0 ], [ 77.352695143534888, 23.880386019655518, 0.0 ], [ 77.348583001581346, 23.878202129550598, 0.0 ], [ 77.348119438577612, 23.876151173891138, 0.0 ], [ 77.335378614434077, 23.870604650416205, 0.0 ], [ 77.3346219461516, 23.87523508231553, 0.0 ], [ 77.335792641390512, 23.877652614086291, 0.0 ], [ 77.333503600576393, 23.877976221000125, 0.0 ], [ 77.333456010806273, 23.880241468361888, 0.0 ], [ 77.330429337350338, 23.882330634559853, 0.0 ], [ 77.331509611279458, 23.886861127520319, 0.0 ], [ 77.328801785740453, 23.890268516024658, 0.0 ], [ 77.332403345990869, 23.893200148944167, 0.0 ], [ 77.33436948698926, 23.890786434081523, 0.0 ], [ 77.346061754836853, 23.890190302184852, 0.0 ], [ 77.358735638119441, 23.887022746055461, 0.0 ] ] ] } },
{ "type": "Feature", "properties": { "Vill_LGD": "482344", "Villl_name": "Khedli", "Sub_dist": "BERASIA", "District": "BHOPAL" }, "geometry": { "type": "Polygon", "coordinates": [ [ [ 77.329770785390323, 23.891911999755347, 0.0 ], [ 77.328816061640353, 23.890006775933514, 0.0 ], [ 77.331585755008518, 23.886409030268563, 0.0 ], [ 77.330429337350338, 23.882330634559853, 0.0 ], [ 77.333456010806273, 23.880241468361888, 0.0 ], [ 77.333503600576393, 23.877976221000125, 0.0 ], [ 77.335792641390512, 23.877652614086291, 0.0 ], [ 77.3346219461516, 23.87523508231553, 0.0 ], [ 77.335378614434077, 23.870604650416205, 0.0 ], [ 77.321606295500686, 23.870466939247315, 0.0 ], [ 77.318507235493982, 23.873461888094734, 0.0 ], [ 77.324436852011388, 23.883036839398301, 0.0 ], [ 77.317671199183849, 23.884876074996281, 0.0 ], [ 77.31615889251276, 23.890782660458651, 0.0 ], [ 77.320540439866306, 23.889771081022722, 0.0 ], [ 77.326016306527592, 23.89266130052124, 0.0 ], [ 77.329770785390323, 23.891911999755347, 0.0 ] ] ] } },
{ "type": "Feature", "properties": { "Vill_LGD": "482326", "Villl_name": "Kolu khedi(khurd)", "Sub_dist": "BERASIA", "District": "BHOPAL" }, "geometry": { "type": "Polygon", "coordinates": [ [ [ 77.354469983006879, 23.859859064527356, 0.0 ], [ 77.3452067415339, 23.852172216601314, 0.0 ], [ 77.337339145551056, 23.849404297724369, 0.0 ], [ 77.324325781193338, 23.852776599773804, 0.0 ], [ 77.314282814442393, 23.850033249353796, 0.0 ], [ 77.314480999340546, 23.853741767029007, 0.0 ], [ 77.310959397003202, 23.857191986695081, 0.0 ], [ 77.313743366000764, 23.861094302252393, 0.0 ], [ 77.313152952792151, 23.863258818607061, 0.0 ], [ 77.319439983697237, 23.86920741122562, 0.0 ], [ 77.318621907248939, 23.872190982330686, 0.0 ], [ 77.328341360004316, 23.869572262219929, 0.0 ], [ 77.338770298616879, 23.872370269973818, 0.0 ], [ 77.34174938398337, 23.869752863735975, 0.0 ], [ 77.341230662615899, 23.867292500051491, 0.0 ], [ 77.347212626860596, 23.865350859996347, 0.0 ], [ 77.354469983006879, 23.859859064527356, 0.0 ] ] ] } },
{ "type": "Feature", "properties": { "Vill_LGD": "482050", "Villl_name": "Garha brahman", "Sub_dist": "BERASIA", "District": "BHOPAL" }, "geometry": { "type": "Polygon", "coordinates": [ [ [ 77.380003750930371, 23.882827708199518, 0.0 ], [ 77.380327037182056, 23.872648255318158, 0.0 ], [ 77.3863927179207, 23.858397588830876, 0.0 ], [ 77.374961787294723, 23.85741487058954, 0.0 ], [ 77.370431293348645, 23.85848086932296, 0.0 ], [ 77.359511333347896, 23.855938856003448, 0.0 ], [ 77.347212626860596, 23.865350859996347, 0.0 ], [ 77.341230662615899, 23.867292500051491, 0.0 ], [ 77.34174938398337, 23.869752863735975, 0.0 ], [ 77.338104106064577, 23.872637274218722, 0.0 ], [ 77.347952877387542, 23.876036959415462, 0.0 ], [ 77.349435281308502, 23.879017829898093, 0.0 ], [ 77.359487884354039, 23.887046227957729, 0.0 ], [ 77.377362649019972, 23.884404690654446, 0.0 ], [ 77.380003750930371, 23.882827708199518, 0.0 ] ] ] } },
{ "type": "Feature", "properties": { "Vill_LGD": "482057", "Villl_name": "Khejra kalyanpur", "Sub_dist": "BERASIA", "District": "BHOPAL" }, "geometry": { "type": "Polygon", "coordinates": [ [ [ 77.306018200041024, 23.836668560869217, 0.0 ], [ 77.308924308060796, 23.831523262267904, 0.0 ], [ 77.286200455388524, 23.82700228592384, 0.0 ], [ 77.282520618448231, 23.824261840795529, 0.0 ], [ 77.279490375572308, 23.824058397575069, 0.0 ], [ 77.27778073243212, 23.821270857705901, 0.0 ], [ 77.273554809276192, 23.822006111662969, 0.0 ], [ 77.272373407947924, 23.815895656315419, 0.0 ], [ 77.269939219421147, 23.815006926484664, 0.0 ], [ 77.265345670164919, 23.818908053504384, 0.0 ], [ 77.264342727786271, 23.816777246015228, 0.0 ], [ 77.259520748867004, 23.817423270402731, 0.0 ], [ 77.254106943273896, 23.827934820509299, 0.0 ], [ 77.270255631861758, 23.832765444474209, 0.0 ], [ 77.277722380093238, 23.829488926434198, 0.0 ], [ 77.284332522229533, 23.833779094856261, 0.0 ], [ 77.285248011357709, 23.837154768999088, 0.0 ], [ 77.2957927122699, 23.840250223762499, 0.0 ], [ 77.306018200041024, 23.836668560869217, 0.0 ] ] ] } },
{ "type": "Feature", "properties": { "Vill_LGD": "482330", "Villl_name": "Rawatpura", "Sub_dist": "BERASIA", "District": "BHOPAL" }, "geometry": { "type": "Polygon", "coordinates": [ [ [ 77.324325781193338, 23.852776599773804, 0.0 ], [ 77.339385770911207, 23.848068843214552, 0.0 ], [ 77.33909071847367, 23.844014241986205, 0.0 ], [ 77.342326785024227, 23.84039746172548, 0.0 ], [ 77.336292472320778, 23.840254693573453, 0.0 ], [ 77.331190907686548, 23.832421508200529, 0.0 ], [ 77.324376130527668, 23.831498278658568, 0.0 ], [ 77.315895731983616, 23.827776801023042, 0.0 ], [ 77.31097500728049, 23.827643550602073, 0.0 ], [ 77.306018200041024, 23.836668560869217, 0.0 ], [ 77.314282814442393, 23.850033249353796, 0.0 ], [ 77.324325781193338, 23.852776599773804, 0.0 ] ] ] } },
{ "type": "Feature", "properties": { "Vill_LGD": "482336", "Villl_name": "Khandariya", "Sub_dist": "BERASIA", "District": "BHOPAL" }, "geometry": { "type": "Polygon", "coordinates": [ [ [ 77.373857710320905, 23.833643245614258, 0.0 ], [ 77.390947645676235, 23.825677978288166, 0.0 ], [ 77.391063349265451, 23.824014963268162, 0.0 ], [ 77.386775465931819, 23.819505280445497, 0.0 ], [ 77.388956369041438, 23.814314405853878, 0.0 ], [ 77.387057390566156, 23.813769182512356, 0.0 ], [ 77.385197645242158, 23.807194042259667, 0.0 ], [ 77.375024743865097, 23.807293725533047, 0.0 ], [ 77.369873209738643, 23.809018835486082, 0.0 ], [ 77.36911178241867, 23.811303117980973, 0.0 ], [ 77.355081489326196, 23.816040624341667, 0.0 ], [ 77.358713142027668, 23.822750704438771, 0.0 ], [ 77.357191277966052, 23.82725938627895, 0.0 ], [ 77.370286556040568, 23.838773342382304, 0.0 ], [ 77.373857710320905, 23.833643245614258, 0.0 ] ] ] } },
{ "type": "Feature", "properties": { "Vill_LGD": "482051", "Villl_name": "Kalapatha", "Sub_dist": "BERASIA", "District": "BHOPAL" }, "geometry": { "type": "Polygon", "coordinates": [ [ [ 77.38938771761056, 23.855213958289049, 0.0 ], [ 77.395213167566439, 23.852850360941275, 0.0 ], [ 77.400429086132235, 23.848083056986418, 0.0 ], [ 77.39891441251666, 23.836987554037851, 0.0 ], [ 77.396759927313852, 23.836468603548401, 0.0 ], [ 77.391405171217897, 23.839034409137351, 0.0 ], [ 77.389635189560579, 23.837340418386891, 0.0 ], [ 77.3893241818528, 23.833620364397945, 0.0 ], [ 77.380897445247271, 23.831404034522354, 0.0 ], [ 77.373857710320905, 23.833643245614258, 0.0 ], [ 77.371580500416769, 23.83591942331363, 0.0 ], [ 77.366861084560369, 23.851115073180093, 0.0 ], [ 77.359511333347896, 23.855938856003448, 0.0 ], [ 77.370431293348645, 23.85848086932296, 0.0 ], [ 77.374961787294723, 23.85741487058954, 0.0 ], [ 77.386737635590819, 23.858509536498783, 0.0 ], [ 77.38938771761056, 23.855213958289049, 0.0 ] ] ] } },
{ "type": "Feature", "properties": { "Vill_LGD": "482337", "Villl_name": "Goria", "Sub_dist": "BERASIA", "District": "BHOPAL" }, "geometry": { "type": "Polygon", "coordinates": [ [ [ 77.407547851310113, 23.826348181932183, 0.0 ], [ 77.405188752591059, 23.821157422697183, 0.0 ], [ 77.408806871553239, 23.80830136433876, 0.0 ], [ 77.405552617205444, 23.804102729383093, 0.0 ], [ 77.403531037507364, 23.80961123884763, 0.0 ], [ 77.401211218347555, 23.811052743753482, 0.0 ], [ 77.396374061761549, 23.807716080340494, 0.0 ], [ 77.388956369041438, 23.814314405853878, 0.0 ], [ 77.386775465931819, 23.819505280445497, 0.0 ], [ 77.391063349265451, 23.824014963268162, 0.0 ], [ 77.390947645676235, 23.825677978288166, 0.0 ], [ 77.380897445247271, 23.831404034522354, 0.0 ], [ 77.3893241818528, 23.833620364397945, 0.0 ], [ 77.393531599116287, 23.829225382967898, 0.0 ], [ 77.407547851310113, 23.826348181932183, 0.0 ] ] ] } },
{ "type": "Feature", "properties": { "Vill_LGD": "482334", "Villl_name": "Patalpur", "Sub_dist": "BERASIA", "District": "BHOPAL" }, "geometry": { "type": "Polygon", "coordinates": [ [ [ 77.342326785024227, 23.84039746172548, 0.0 ], [ 77.34658007221644, 23.83482190873173, 0.0 ], [ 77.351223590163741, 23.834704125069027, 0.0 ], [ 77.356772493459928, 23.83070960555289, 0.0 ], [ 77.358713142027668, 23.822750704438771, 0.0 ], [ 77.355081489326196, 23.816040624341667, 0.0 ], [ 77.358329193400152, 23.814539406733797, 0.0 ], [ 77.356161815258446, 23.811996092492933, 0.0 ], [ 77.348975843408454, 23.810682630600638, 0.0 ], [ 77.338406103612613, 23.812813296163171, 0.0 ], [ 77.330594257735257, 23.820099984901102, 0.0 ], [ 77.329928008769315, 23.825582262149879, 0.0 ], [ 77.332079041723148, 23.830188900313654, 0.0 ], [ 77.330848905309551, 23.832396903723723, 0.0 ], [ 77.336292472320778, 23.840254693573453, 0.0 ], [ 77.342326785024227, 23.84039746172548, 0.0 ] ] ] } },
{ "type": "Feature", "properties": { "Vill_LGD": "482329", "Villl_name": "Ramaha", "Sub_dist": "BERASIA", "District": "BHOPAL" }, "geometry": { "type": "Polygon", "coordinates": [ [ [ 77.308924308060796, 23.831523262267904, 0.0 ], [ 77.315438804299774, 23.823478581927688, 0.0 ], [ 77.311453206935795, 23.814406886255025, 0.0 ], [ 77.312985237139515, 23.810988685940877, 0.0 ], [ 77.311573573826507, 23.804338145990698, 0.0 ], [ 77.294027481661999, 23.813322082459049, 0.0 ], [ 77.282705748505563, 23.810831746963512, 0.0 ], [ 77.282056155356983, 23.812445020946498, 0.0 ], [ 77.277666051259828, 23.811181526827223, 0.0 ], [ 77.272376977014915, 23.815967040739256, 0.0 ], [ 77.273504840089927, 23.821981128187915, 0.0 ], [ 77.27778073243212, 23.821270857705901, 0.0 ], [ 77.279490375572308, 23.824058397575069, 0.0 ], [ 77.282520618448231, 23.824261840795529, 0.0 ], [ 77.286200455388524, 23.82700228592384, 0.0 ], [ 77.308924308060796, 23.831523262267904, 0.0 ] ] ] } },
{ "type": "Feature", "properties": { "Vill_LGD": "482335", "Villl_name": "Patlapani", "Sub_dist": "BERASIA", "District": "BHOPAL" }, "geometry": { "type": "Polygon", "coordinates": [ [ [ 77.354469983006879, 23.859859064527356, 0.0 ], [ 77.366861084560369, 23.851115073180093, 0.0 ], [ 77.370286556040568, 23.838773342382304, 0.0 ], [ 77.357191277966052, 23.82725938627895, 0.0 ], [ 77.355439995081838, 23.832099209888796, 0.0 ], [ 77.351223590163741, 23.834704125069027, 0.0 ], [ 77.346301674845208, 23.835132427514818, 0.0 ], [ 77.33909071847367, 23.844014241986205, 0.0 ], [ 77.339385770911207, 23.848068843214552, 0.0 ], [ 77.337334293596939, 23.850011664929067, 0.0 ], [ 77.3452067415339, 23.852172216601314, 0.0 ], [ 77.354469983006879, 23.859859064527356, 0.0 ] ] ] } },
{ "type": "Feature", "properties": { "Vill_LGD": "482331", "Villl_name": "Keetai dewapura", "Sub_dist": "BERASIA", "District": "BHOPAL" }, "geometry": { "type": "Polygon", "coordinates": [ [ [ 77.330848905309551, 23.832396903723723, 0.0 ], [ 77.332079041723148, 23.830188900313654, 0.0 ], [ 77.329928008769315, 23.825582262149879, 0.0 ], [ 77.330594257735257, 23.820099984901102, 0.0 ], [ 77.338406103612613, 23.812813296163171, 0.0 ], [ 77.31735387443382, 23.812023856882949, 0.0 ], [ 77.312303967367257, 23.807214970043312, 0.0 ], [ 77.312985237139515, 23.810988685940877, 0.0 ], [ 77.311453206935795, 23.814406886255025, 0.0 ], [ 77.315438804299774, 23.823478581927688, 0.0 ], [ 77.315290087849746, 23.824222163400691, 0.0 ], [ 77.31175064002494, 23.826363678101941, 0.0 ], [ 77.31097500728049, 23.827643550602073, 0.0 ], [ 77.315895731983616, 23.827776801023042, 0.0 ], [ 77.324376130527668, 23.831498278658568, 0.0 ], [ 77.330848905309551, 23.832396903723723, 0.0 ] ] ] } },
{ "type": "Feature", "properties": { "Vill_LGD": "482074", "Villl_name": "Amarpur", "Sub_dist": "BERASIA", "District": "BHOPAL" }, "geometry": { "type": "Polygon", "coordinates": [ [ [ 77.21559226846334, 23.762327098539746, 0.0 ], [ 77.213444046302655, 23.762911663722299, 0.0 ], [ 77.213001034849299, 23.759130689214178, 0.0 ], [ 77.210973733696903, 23.759687483051326, 0.0 ], [ 77.210023140040036, 23.754715598691128, 0.0 ], [ 77.211507923167744, 23.754063627342735, 0.0 ], [ 77.208719194900496, 23.751731754498159, 0.0 ], [ 77.208319445722992, 23.748690804339038, 0.0 ], [ 77.210836914344824, 23.744983604123387, 0.0 ], [ 77.205497735081565, 23.740139115712918, 0.0 ], [ 77.201529983606164, 23.74096597961168, 0.0 ], [ 77.201030297176317, 23.747122833975602, 0.0 ], [ 77.198918525686466, 23.748157899821322, 0.0 ], [ 77.198222274630552, 23.750954843587159, 0.0 ], [ 77.204246745447477, 23.760762293378022, 0.0 ], [ 77.204894556359221, 23.771071459850159, 0.0 ], [ 77.208569664094171, 23.778357882368692, 0.0 ], [ 77.215117717336071, 23.781647281672885, 0.0 ], [ 77.214914599986727, 23.77898575462055, 0.0 ], [ 77.212205104847314, 23.776898917046836, 0.0 ], [ 77.215507797144411, 23.767955713129886, 0.0 ], [ 77.21559226846334, 23.762327098539746, 0.0 ] ] ] } },
{ "type": "Feature", "properties": { "Vill_LGD": "482064", "Villl_name": "Dongargaon", "Sub_dist": "BERASIA", "District": "BHOPAL" }, "geometry": { "type": "Polygon", "coordinates": [ [ [ 77.219801879050735, 23.785619782018379, 0.0 ], [ 77.220415779832564, 23.781800747332376, 0.0 ], [ 77.227939635632794, 23.779495049646577, 0.0 ], [ 77.235248314696904, 23.770280897733187, 0.0 ], [ 77.233900078554555, 23.763245650130472, 0.0 ], [ 77.235845288984947, 23.760741266910625, 0.0 ], [ 77.230270630229839, 23.755056191089402, 0.0 ], [ 77.227502898144664, 23.755022628959193, 0.0 ], [ 77.219193581736306, 23.762473435109204, 0.0 ], [ 77.21559226846334, 23.762327098539746, 0.0 ], [ 77.215507797144411, 23.767955713129886, 0.0 ], [ 77.212205104847314, 23.776898917046836, 0.0 ], [ 77.214914599986727, 23.77898575462055, 0.0 ], [ 77.217693320221102, 23.78579087765636, 0.0 ], [ 77.219801879050735, 23.785619782018379, 0.0 ] ] ] } },
{ "type": "Feature", "properties": { "Vill_LGD": "482075", "Villl_name": "Barkheda kalan", "Sub_dist": "BERASIA", "District": "BHOPAL" }, "geometry": { "type": "Polygon", "coordinates": [ [ [ 77.213444046302655, 23.762911663722299, 0.0 ], [ 77.219193581736306, 23.762473435109204, 0.0 ], [ 77.227502898144664, 23.755022628959193, 0.0 ], [ 77.230270630229839, 23.755056191089402, 0.0 ], [ 77.22613232912461, 23.740829936984106, 0.0 ], [ 77.2095658384047, 23.74609772511705, 0.0 ], [ 77.21016590714639, 23.747577215976339, 0.0 ], [ 77.208305169296437, 23.749323739442701, 0.0 ], [ 77.208771542116821, 23.751841210578156, 0.0 ], [ 77.211507923167744, 23.754063627342735, 0.0 ], [ 77.210023140040036, 23.754715598691128, 0.0 ], [ 77.210973733696903, 23.759687483051326, 0.0 ], [ 77.213001034849299, 23.759130689214178, 0.0 ], [ 77.213444046302655, 23.762911663722299, 0.0 ] ] ] } },
{ "type": "Feature", "properties": { "Vill_LGD": "482145", "Villl_name": "Dhokapura", "Sub_dist": "BERASIA", "District": "BHOPAL" }, "geometry": { "type": "Polygon", "coordinates": [ [ [ 77.43669640169513, 23.79648947806654, 0.0 ], [ 77.434134491887676, 23.793210803539893, 0.0 ], [ 77.428987717367846, 23.793549876235382, 0.0 ], [ 77.418237313669025, 23.797019129416146, 0.0 ], [ 77.414118872801907, 23.800881459005069, 0.0 ], [ 77.419688634556636, 23.804809228753506, 0.0 ], [ 77.425045038201631, 23.803998883233408, 0.0 ], [ 77.429499389088249, 23.802033449563467, 0.0 ], [ 77.429632507805692, 23.800479466624264, 0.0 ], [ 77.434377485110517, 23.799236573140448, 0.0 ], [ 77.43669640169513, 23.79648947806654, 0.0 ] ] ] } },
{ "type": "Feature", "properties": { "Vill_LGD": "482084", "Villl_name": "Megra naveen", "Sub_dist": "BERASIA", "District": "BHOPAL" }, "geometry": { "type": "Polygon", "coordinates": [ [ [ 77.195510473764813, 23.709581662472999, 0.0 ], [ 77.195450261603497, 23.707069178434018, 0.0 ], [ 77.188587896799035, 23.704508879258512, 0.0 ], [ 77.193371307738943, 23.699679069093264, 0.0 ], [ 77.185240688155304, 23.697238930600406, 0.0 ], [ 77.182543569596575, 23.699497039793648, 0.0 ], [ 77.183533426828774, 23.700720082880249, 0.0 ], [ 77.179557347840841, 23.700465479349795, 0.0 ], [ 77.181634616052818, 23.702542749873388, 0.0 ], [ 77.180072904882422, 23.703359471346182, 0.0 ], [ 77.183250252169188, 23.712150826958414, 0.0 ], [ 77.190359703306882, 23.708765437356266, 0.0 ], [ 77.195510473764813, 23.709581662472999, 0.0 ] ] ] } },
{ "type": "Feature", "properties": { "Vill_LGD": "482083", "Villl_name": "Sumer", "Sub_dist": "BERASIA", "District": "BHOPAL" }, "geometry": { "type": "Polygon", "coordinates": [ [ [ 77.194442957622456, 23.73022133357777, 0.0 ], [ 77.19526981990181, 23.724554648173743, 0.0 ], [ 77.193637509681977, 23.723688524247553, 0.0 ], [ 77.194936695447325, 23.722593972076169, 0.0 ], [ 77.192652412500152, 23.720333483698631, 0.0 ], [ 77.195791616880669, 23.717061148711611, 0.0 ], [ 77.195510473764813, 23.709581662472999, 0.0 ], [ 77.190359703306882, 23.708765437356266, 0.0 ], [ 77.183250252169188, 23.712150826958414, 0.0 ], [ 77.186006776549945, 23.71770296964057, 0.0 ], [ 77.188905388458963, 23.73317984422858, 0.0 ], [ 77.190623128917835, 23.732552263925868, 0.0 ], [ 77.190151995894965, 23.73099609673578, 0.0 ], [ 77.194442957622456, 23.73022133357777, 0.0 ] ] ] } },
{ "type": "Feature", "properties": { "Vill_LGD": "482097", "Villl_name": "Parason", "Sub_dist": "BERASIA", "District": "BHOPAL" }, "geometry": { "type": "Polygon", "coordinates": [ [ [ 77.184356718993385, 23.697712444040366, 0.0 ], [ 77.183095604879782, 23.696660722058844, 0.0 ], [ 77.184994414310538, 23.696251455062857, 0.0 ], [ 77.183452524674209, 23.69483329668931, 0.0 ], [ 77.184851647520347, 23.695109314771233, 0.0 ], [ 77.183966487284195, 23.692468111555531, 0.0 ], [ 77.185611289754021, 23.690611834194243, 0.0 ], [ 77.183755310462601, 23.688053913663996, 0.0 ], [ 77.185300771369683, 23.686784472107675, 0.0 ], [ 77.184896261724319, 23.682668003769162, 0.0 ], [ 77.182918929854353, 23.679755544774899, 0.0 ], [ 77.184360884004604, 23.679041705715143, 0.0 ], [ 77.184191942888049, 23.67604380318604, 0.0 ], [ 77.187968701751473, 23.677053189755178, 0.0 ], [ 77.189096566086917, 23.675953878871937, 0.0 ], [ 77.188486234147874, 23.672313303436443, 0.0 ], [ 77.19391045448522, 23.671841773709755, 0.0 ], [ 77.192079458512296, 23.667708649718353, 0.0 ], [ 77.181244283463911, 23.66754079498639, 0.0 ], [ 77.178835055485763, 23.669152451545379, 0.0 ], [ 77.175874598537845, 23.66342851403444, 0.0 ], [ 77.176789190457072, 23.658252032795691, 0.0 ], [ 77.174956145431537, 23.658562478455565, 0.0 ], [ 77.173323539521206, 23.659035039696551, 0.0 ], [ 77.172091275710827, 23.673330325273692, 0.0 ], [ 77.170543680247874, 23.672210163323861, 0.0 ], [ 77.168220369083627, 23.673363637048432, 0.0 ], [ 77.170144603460528, 23.677473705443649, 0.0 ], [ 77.166471787889193, 23.684390928310009, 0.0 ], [ 77.175948413463772, 23.692620630240572, 0.0 ], [ 77.180072904882422, 23.703359471346182, 0.0 ], [ 77.181634616052818, 23.702542749873388, 0.0 ], [ 77.179557347840841, 23.700465479349795, 0.0 ], [ 77.183533426828774, 23.700720082880249, 0.0 ], [ 77.182543569596575, 23.699497039793648, 0.0 ], [ 77.184356718993385, 23.697712444040366, 0.0 ] ] ] } },
{ "type": "Feature", "properties": { "Vill_LGD": "482082", "Villl_name": "Bandikhedi", "Sub_dist": "BERASIA", "District": "BHOPAL" }, "geometry": { "type": "Polygon", "coordinates": [ [ [ 77.203000404256571, 23.740789000731333, 0.0 ], [ 77.201462624482147, 23.734878673005674, 0.0 ], [ 77.204189486457878, 23.7326229434589, 0.0 ], [ 77.202709462215964, 23.730733652598037, 0.0 ], [ 77.190087750673172, 23.731038926905605, 0.0 ], [ 77.190623128917835, 23.732552263925868, 0.0 ], [ 77.188905388458963, 23.73317984422858, 0.0 ], [ 77.190367945965534, 23.739020119846888, 0.0 ], [ 77.198222274630552, 23.750954843587159, 0.0 ], [ 77.198918525686466, 23.748157899821322, 0.0 ], [ 77.201030297176317, 23.747122833975602, 0.0 ], [ 77.201232551195773, 23.741239616751514, 0.0 ], [ 77.203000404256571, 23.740789000731333, 0.0 ] ] ] } },
{ "type": "Feature", "properties": { "Vill_LGD": "482098", "Villl_name": "Manikhedi", "Sub_dist": "BERASIA", "District": "BHOPAL" }, "geometry": { "type": "Polygon", "coordinates": [ [ [ 77.206371693531324, 23.661522104695944, 0.0 ], [ 77.203110850103329, 23.654101113979003, 0.0 ], [ 77.204915330887246, 23.653369445517018, 0.0 ], [ 77.200281306157578, 23.64775912397166, 0.0 ], [ 77.195296498085142, 23.654162823707026, 0.0 ], [ 77.190774238780946, 23.655610745091973, 0.0 ], [ 77.190204595571203, 23.661210761998248, 0.0 ], [ 77.187775093729456, 23.662523682206348, 0.0 ], [ 77.185849465755823, 23.667321723568996, 0.0 ], [ 77.192079458512296, 23.667708649718353, 0.0 ], [ 77.19318233883854, 23.67138015900737, 0.0 ], [ 77.195068259721609, 23.671666347658348, 0.0 ], [ 77.194860056750755, 23.669590268543764, 0.0 ], [ 77.197269261581923, 23.669179812132523, 0.0 ], [ 77.196133068308612, 23.667383319272695, 0.0 ], [ 77.199714157625678, 23.667181063913571, 0.0 ], [ 77.201617726378629, 23.664272173104571, 0.0 ], [ 77.200880093496281, 23.662660087859354, 0.0 ], [ 77.204247031095505, 23.664313814713211, 0.0 ], [ 77.206371693531324, 23.661522104695944, 0.0 ] ] ] } },
{ "type": "Feature", "properties": { "Vill_LGD": "482058", "Villl_name": "Khejra ghat", "Sub_dist": "BERASIA", "District": "BHOPAL" }, "geometry": { "type": "Polygon", "coordinates": [ [ [ 77.272376977014915, 23.815967040739256, 0.0 ], [ 77.277666051259828, 23.811181526827223, 0.0 ], [ 77.282056155356983, 23.812445020946498, 0.0 ], [ 77.282705748505563, 23.810831746963512, 0.0 ], [ 77.294027481661999, 23.813322082459049, 0.0 ], [ 77.298544631252, 23.811611020732094, 0.0 ], [ 77.311573573826507, 23.804338145990698, 0.0 ], [ 77.312261671755465, 23.800776893767662, 0.0 ], [ 77.304813959078515, 23.802133187091179, 0.0 ], [ 77.298541460869657, 23.79930115264256, 0.0 ], [ 77.296312807934925, 23.801858470580139, 0.0 ], [ 77.296992431754646, 23.804533587342537, 0.0 ], [ 77.29019074315427, 23.80926752469664, 0.0 ], [ 77.278392185531118, 23.809870718293539, 0.0 ], [ 77.274222179903347, 23.81229181948996, 0.0 ], [ 77.265399138674084, 23.81026927784669, 0.0 ], [ 77.26139688437938, 23.811953936067397, 0.0 ], [ 77.259874030114972, 23.809422190208974, 0.0 ], [ 77.257820906491133, 23.809115768693076, 0.0 ], [ 77.253223788196962, 23.811128792940096, 0.0 ], [ 77.252898991617442, 23.81361318919306, 0.0 ], [ 77.249558229566404, 23.814274678852275, 0.0 ], [ 77.251780644445219, 23.815174115153095, 0.0 ], [ 77.250148334231241, 23.815583381604043, 0.0 ], [ 77.251971002292407, 23.817934290684239, 0.0 ], [ 77.252584087913434, 23.826212092188548, 0.0 ], [ 77.254649460378332, 23.82661184083079, 0.0 ], [ 77.259659947225927, 23.817337608670094, 0.0 ], [ 77.264342727786271, 23.816777246015228, 0.0 ], [ 77.265345670164919, 23.818908053504384, 0.0 ], [ 77.269764329149638, 23.815021203785594, 0.0 ], [ 77.272376977014915, 23.815967040739256, 0.0 ] ] ] } },
{ "type": "Feature", "properties": { "Vill_LGD": "482059", "Villl_name": "Barkheda khurd", "Sub_dist": "BERASIA", "District": "BHOPAL" }, "geometry": { "type": "Polygon", "coordinates": [ [ [ 77.296992431754646, 23.804533587342537, 0.0 ], [ 77.293323898460955, 23.799359449291895, 0.0 ], [ 77.278087019982507, 23.798458822735782, 0.0 ], [ 77.262565395064229, 23.800704006228166, 0.0 ], [ 77.259759815850472, 23.810197894248684, 0.0 ], [ 77.26139688437938, 23.811953936067397, 0.0 ], [ 77.265399138674084, 23.81026927784669, 0.0 ], [ 77.274222179903347, 23.81229181948996, 0.0 ], [ 77.278392185531118, 23.809870718293539, 0.0 ], [ 77.29019074315427, 23.80926752469664, 0.0 ], [ 77.296992431754646, 23.804533587342537, 0.0 ] ] ] } },
{ "type": "Feature", "properties": { "Vill_LGD": "482332", "Villl_name": "Keetgarh", "Sub_dist": "BERASIA", "District": "BHOPAL" }, "geometry": { "type": "Polygon", "coordinates": [ [ [ 77.334946977346476, 23.798252642976315, 0.0 ], [ 77.324591407524224, 23.794845840816581, 0.0 ], [ 77.319195183239898, 23.795600496401786, 0.0 ], [ 77.312261671755465, 23.800776893767662, 0.0 ], [ 77.312303967367257, 23.807214970043312, 0.0 ], [ 77.31735387443382, 23.812023856882949, 0.0 ], [ 77.338406103612613, 23.812813296163171, 0.0 ], [ 77.335038823426942, 23.804569874013279, 0.0 ], [ 77.334946977346476, 23.798252642976315, 0.0 ] ] ] } },
{ "type": "Feature", "properties": { "Vill_LGD": "482071", "Villl_name": "Syar kalan", "Sub_dist": "BERASIA", "District": "BHOPAL" }, "geometry": { "type": "Polygon", "coordinates": [ [ [ 77.378418558784119, 23.787352826428695, 0.0 ], [ 77.371724659563412, 23.775149850993486, 0.0 ], [ 77.373497357063371, 23.77455498476839, 0.0 ], [ 77.372084670642266, 23.770805906290366, 0.0 ], [ 77.366663070337452, 23.770935587466919, 0.0 ], [ 77.365096789086806, 23.777101842018428, 0.0 ], [ 77.360500464220763, 23.777527764953007, 0.0 ], [ 77.360528966183765, 23.783985569651957, 0.0 ], [ 77.358401324108812, 23.787664516844323, 0.0 ], [ 77.359365005567682, 23.799389311030225, 0.0 ], [ 77.367889811353749, 23.797103440195908, 0.0 ], [ 77.376103918528173, 23.791372311583761, 0.0 ], [ 77.378418558784119, 23.787352826428695, 0.0 ] ] ] } },
{ "type": "Feature", "properties": { "Vill_LGD": "482333", "Villl_name": "Kher kheda", "Sub_dist": "BERASIA", "District": "BHOPAL" }, "geometry": { "type": "Polygon", "coordinates": [ [ [ 77.359942024766596, 23.800192379073579, 0.0 ], [ 77.356685732930217, 23.800220932851573, 0.0 ], [ 77.345578408548633, 23.794310352414328, 0.0 ], [ 77.334946977346476, 23.798252642976315, 0.0 ], [ 77.335038823426942, 23.804569874013279, 0.0 ], [ 77.338406103612613, 23.812813296163171, 0.0 ], [ 77.349623055930749, 23.810711182968227, 0.0 ], [ 77.356161815258446, 23.811996092492933, 0.0 ], [ 77.358165323132297, 23.814338273276825, 0.0 ], [ 77.357351255138184, 23.809535414558422, 0.0 ], [ 77.359942024766596, 23.800192379073579, 0.0 ] ] ] } },
{ "type": "Feature", "properties": { "Vill_LGD": "482140", "Villl_name": "Haripur", "Sub_dist": "BERASIA", "District": "BHOPAL" }, "geometry": { "type": "Polygon", "coordinates": [ [ [ 77.385197645242158, 23.807194042259667, 0.0 ], [ 77.384555922586969, 23.796951236549386, 0.0 ], [ 77.381714439337273, 23.786217437033375, 0.0 ], [ 77.37860830252697, 23.786619339427247, 0.0 ], [ 77.376103918528173, 23.791372311583761, 0.0 ], [ 77.367889811353749, 23.797103440195908, 0.0 ], [ 77.359873021147862, 23.799225128044775, 0.0 ], [ 77.357351255138184, 23.809535414558422, 0.0 ], [ 77.358165323132297, 23.814338273276825, 0.0 ], [ 77.36911178241867, 23.811303117980973, 0.0 ], [ 77.369873209738643, 23.809018835486082, 0.0 ], [ 77.375714786622453, 23.807103368673125, 0.0 ], [ 77.385197645242158, 23.807194042259667, 0.0 ] ] ] } },
{ "type": "Feature", "properties": { "Vill_LGD": "482146", "Villl_name": "Beelkhoh", "Sub_dist": "BERASIA", "District": "BHOPAL" }, "geometry": { "type": "Polygon", "coordinates": [ [ [ 77.408806871553239, 23.80830136433876, 0.0 ], [ 77.418237313669025, 23.797019129416146, 0.0 ], [ 77.428987717367846, 23.793549876235382, 0.0 ], [ 77.434134491887676, 23.793210803539893, 0.0 ], [ 77.437086509766743, 23.796873238973003, 0.0 ], [ 77.440339064806906, 23.794422373077122, 0.0 ], [ 77.445011490019112, 23.794991194296198, 0.0 ], [ 77.446337599996966, 23.791304234485846, 0.0 ], [ 77.436220615921542, 23.7888914853073, 0.0 ], [ 77.433835502166005, 23.781219051697157, 0.0 ], [ 77.435683088002719, 23.777067356832983, 0.0 ], [ 77.433361622336292, 23.777098808826661, 0.0 ], [ 77.43176262347491, 23.775152408903732, 0.0 ], [ 77.429185073193807, 23.777894142267435, 0.0 ], [ 77.425772925876259, 23.777694268676942, 0.0 ], [ 77.425583759132294, 23.779723948667574, 0.0 ], [ 77.423274491968996, 23.781219439250368, 0.0 ], [ 77.419272238613587, 23.781100466081206, 0.0 ], [ 77.417654205565043, 23.784541166787616, 0.0 ], [ 77.41143887460376, 23.787487326999152, 0.0 ], [ 77.411335749426598, 23.788990266062481, 0.0 ], [ 77.408761172662707, 23.788995025366649, 0.0 ], [ 77.40826624501841, 23.800249874787202, 0.0 ], [ 77.405185862683098, 23.804166355933546, 0.0 ], [ 77.408806871553239, 23.80830136433876, 0.0 ] ] ] } },
{ "type": "Feature", "properties": { "Vill_LGD": "482069", "Villl_name": "Mainapura", "Sub_dist": "BERASIA", "District": "BHOPAL" }, "geometry": { "type": "Polygon", "coordinates": [ [ [ 77.312261671755465, 23.800776893767662, 0.0 ], [ 77.316523291020204, 23.787465745492071, 0.0 ], [ 77.303443394076638, 23.78838897573829, 0.0 ], [ 77.297267503344429, 23.786447336139936, 0.0 ], [ 77.288338575186273, 23.786298620241215, 0.0 ], [ 77.286374924718089, 23.788690424164734, 0.0 ], [ 77.282463090524672, 23.78611108842567, 0.0 ], [ 77.281092522436168, 23.786843962184317, 0.0 ], [ 77.278852684941867, 23.798507471622333, 0.0 ], [ 77.293323898460955, 23.799359449291895, 0.0 ], [ 77.296312807934925, 23.801858470580139, 0.0 ], [ 77.298541460869657, 23.79930115264256, 0.0 ], [ 77.304813959078515, 23.802133187091179, 0.0 ], [ 77.312261671755465, 23.800776893767662, 0.0 ] ] ] } },
{ "type": "Feature", "properties": { "Vill_LGD": "482065", "Villl_name": "Kadaiya kalan", "Sub_dist": "BERASIA", "District": "BHOPAL" }, "geometry": { "type": "Polygon", "coordinates": [ [ [ 77.278852684941867, 23.798507471622333, 0.0 ], [ 77.281092522436168, 23.786843962184317, 0.0 ], [ 77.280212121139343, 23.783722110413329, 0.0 ], [ 77.26479797299352, 23.784759554294734, 0.0 ], [ 77.263646313114876, 23.783250976396555, 0.0 ], [ 77.253315515284498, 23.784912486900744, 0.0 ], [ 77.257120274609917, 23.795505846583932, 0.0 ], [ 77.259311757879615, 23.796524256825236, 0.0 ], [ 77.258969116398603, 23.799298708044578, 0.0 ], [ 77.264018457168589, 23.800850180147535, 0.0 ], [ 77.278852684941867, 23.798507471622333, 0.0 ] ] ] } },
{ "type": "Feature", "properties": { "Vill_LGD": "482068", "Villl_name": "Surana", "Sub_dist": "BERASIA", "District": "BHOPAL" }, "geometry": { "type": "Polygon", "coordinates": [ [ [ 77.316523291020204, 23.787465745492071, 0.0 ], [ 77.314215213905499, 23.773075954846153, 0.0 ], [ 77.31129960193752, 23.766279480204044, 0.0 ], [ 77.291201127954977, 23.769724494882698, 0.0 ], [ 77.283451123069156, 23.775226184020202, 0.0 ], [ 77.280212121139343, 23.783722110413329, 0.0 ], [ 77.281092522436168, 23.786843962184317, 0.0 ], [ 77.282463090524672, 23.78611108842567, 0.0 ], [ 77.286374924718089, 23.788690424164734, 0.0 ], [ 77.288338575186273, 23.786298620241215, 0.0 ], [ 77.297267503344429, 23.786447336139936, 0.0 ], [ 77.303443394076638, 23.78838897573829, 0.0 ], [ 77.316523291020204, 23.787465745492071, 0.0 ] ] ] } },
{ "type": "Feature", "properties": { "Vill_LGD": "482080", "Villl_name": "Bhujpura kalan", "Sub_dist": "BERASIA", "District": "BHOPAL" }, "geometry": { "type": "Polygon", "coordinates": [ [ [ 77.257148077311285, 23.75920451758002, 0.0 ], [ 77.269841300094129, 23.757393698823126, 0.0 ], [ 77.276269413798801, 23.753546110710953, 0.0 ], [ 77.286583444871795, 23.751212664011089, 0.0 ], [ 77.287782693579473, 23.744992752983276, 0.0 ], [ 77.272909724614522, 23.745804110320663, 0.0 ], [ 77.269183391159089, 23.739786528324384, 0.0 ], [ 77.259859473459741, 23.737521677941178, 0.0 ], [ 77.260757718541669, 23.739234889376302, 0.0 ], [ 77.258000675224565, 23.741676510945254, 0.0 ], [ 77.254297482311486, 23.751257116811328, 0.0 ], [ 77.257148077311285, 23.75920451758002, 0.0 ] ] ] } },
{ "type": "Feature", "properties": { "Vill_LGD": "482338", "Villl_name": "Majheda majhedi", "Sub_dist": "BERASIA", "District": "BHOPAL" }, "geometry": { "type": "Polygon", "coordinates": [ [ [ 77.31129960193752, 23.766279480204044, 0.0 ], [ 77.307214839499494, 23.754892114808762, 0.0 ], [ 77.308288560771985, 23.751249900257424, 0.0 ], [ 77.305123877616111, 23.748442137084787, 0.0 ], [ 77.304421937294663, 23.741061882726225, 0.0 ], [ 77.296976931190144, 23.7452782877481, 0.0 ], [ 77.290999724315142, 23.744040968694737, 0.0 ], [ 77.287782693579473, 23.744992752983276, 0.0 ], [ 77.284827403293676, 23.756985236535268, 0.0 ], [ 77.286269356224039, 23.766165197171993, 0.0 ], [ 77.288591709466473, 23.76873977246661, 0.0 ], [ 77.29217194761334, 23.770276529523851, 0.0 ], [ 77.31129960193752, 23.766279480204044, 0.0 ] ] ] } },
{ "type": "Feature", "properties": { "Vill_LGD": "482066", "Villl_name": "Khajuriya kalan", "Sub_dist": "BERASIA", "District": "BHOPAL" }, "geometry": { "type": "Polygon", "coordinates": [ [ [ 77.250852060653003, 23.784997791299983, 0.0 ], [ 77.263646313114876, 23.783250976396555, 0.0 ], [ 77.26479797299352, 23.784759554294734, 0.0 ], [ 77.279683880988586, 23.783979090517555, 0.0 ], [ 77.28328408342351, 23.775782977557714, 0.0 ], [ 77.279832587205192, 23.769177950294399, 0.0 ], [ 77.26519771240703, 23.769825757686139, 0.0 ], [ 77.250238208799942, 23.775891724919724, 0.0 ], [ 77.250852060653003, 23.784997791299983, 0.0 ] ] ] } },
{ "type": "Feature", "properties": { "Vill_LGD": "482067", "Villl_name": "Bhatni", "Sub_dist": "BERASIA", "District": "BHOPAL" }, "geometry": { "type": "Polygon", "coordinates": [ [ [ 77.290442930957596, 23.770257869544192, 0.0 ], [ 77.286435918003974, 23.766436455537779, 0.0 ], [ 77.285465098100104, 23.76293864693783, 0.0 ], [ 77.284827403293676, 23.756985236535268, 0.0 ], [ 77.286583444871795, 23.751212664011089, 0.0 ], [ 77.276269413798801, 23.753546110710953, 0.0 ], [ 77.269841300094129, 23.757393698823126, 0.0 ], [ 77.263477431117266, 23.758996265640626, 0.0 ], [ 77.265912708412955, 23.769674615097806, 0.0 ], [ 77.279832587205192, 23.769177950294399, 0.0 ], [ 77.28328408342351, 23.775782977557714, 0.0 ], [ 77.290442930957596, 23.770257869544192, 0.0 ] ] ] } },
{ "type": "Feature", "properties": { "Vill_LGD": "482076", "Villl_name": "Bhakwaha", "Sub_dist": "BERASIA", "District": "BHOPAL" }, "geometry": { "type": "Polygon", "coordinates": [ [ [ 77.242573241672957, 23.754384707810079, 0.0 ], [ 77.241319592861728, 23.744806886249155, 0.0 ], [ 77.244321675534138, 23.739047250122418, 0.0 ], [ 77.242234368683654, 23.732085152107658, 0.0 ], [ 77.240211359240661, 23.732133281307956, 0.0 ], [ 77.231550120674527, 23.735255133849382, 0.0 ], [ 77.22613232912461, 23.740829936984106, 0.0 ], [ 77.230025126768879, 23.754607016239042, 0.0 ], [ 77.23585940352848, 23.76143251210479, 0.0 ], [ 77.238383338107326, 23.761015773165436, 0.0 ], [ 77.240010889066212, 23.75730857363811, 0.0 ], [ 77.241181583840017, 23.758084277860057, 0.0 ], [ 77.242573241672957, 23.754384707810079, 0.0 ] ] ] } },
{ "type": "Feature", "properties": { "Vill_LGD": "482079", "Villl_name": "Neem khedi", "Sub_dist": "BERASIA", "District": "BHOPAL" }, "geometry": { "type": "Polygon", "coordinates": [ [ [ 77.254904245068062, 23.75368416623515, 0.0 ], [ 77.25464250468346, 23.748479096024976, 0.0 ], [ 77.260781514209356, 23.739098071515208, 0.0 ], [ 77.257717957651238, 23.735207651868855, 0.0 ], [ 77.252501354429128, 23.733897689770597, 0.0 ], [ 77.247211147952214, 23.739742031485353, 0.0 ], [ 77.242580706476502, 23.741704068756277, 0.0 ], [ 77.241543262777554, 23.748875763797301, 0.0 ], [ 77.243517334391285, 23.754857241711264, 0.0 ], [ 77.254904245068062, 23.75368416623515, 0.0 ] ] ] } },
{ "type": "Feature", "properties": { "Vill_LGD": "482063", "Villl_name": "Bahrawal", "Sub_dist": "BERASIA", "District": "BHOPAL" }, "geometry": { "type": "Polygon", "coordinates": [ [ [ 77.265912708412955, 23.769674615097806, 0.0 ], [ 77.263477431117266, 23.758996265640626, 0.0 ], [ 77.257148077311285, 23.75920451758002, 0.0 ], [ 77.254904245068062, 23.75368416623515, 0.0 ], [ 77.242573241672957, 23.754384707810079, 0.0 ], [ 77.238383338107326, 23.761015773165436, 0.0 ], [ 77.233900078554555, 23.763245650130472, 0.0 ], [ 77.235248314696904, 23.770280897733187, 0.0 ], [ 77.246645173438324, 23.770616327600351, 0.0 ], [ 77.24946721450975, 23.772776878827081, 0.0 ], [ 77.250238208799942, 23.775891724919724, 0.0 ], [ 77.265912708412955, 23.769674615097806, 0.0 ] ] ] } },
{ "type": "Feature", "properties": { "Vill_LGD": "482081", "Villl_name": "Bhujpura khurd", "Sub_dist": "BERASIA", "District": "BHOPAL" }, "geometry": { "type": "Polygon", "coordinates": [ [ [ 77.273394119140391, 23.730558309039711, 0.0 ], [ 77.269741449267869, 23.733143594136997, 0.0 ], [ 77.263276453341263, 23.732177533004055, 0.0 ], [ 77.259699103108986, 23.737355882591462, 0.0 ], [ 77.26547143214222, 23.739829358835564, 0.0 ], [ 77.273703449861102, 23.739143405212999, 0.0 ], [ 77.273394119140391, 23.730558309039711, 0.0 ] ] ] } },
{ "type": "Feature", "properties": { "Vill_LGD": "482115", "Villl_name": "Jagmeri", "Sub_dist": "BERASIA", "District": "BHOPAL" }, "geometry": { "type": "Polygon", "coordinates": [ [ [ 77.287782693579473, 23.744992752983276, 0.0 ], [ 77.283437809496689, 23.727478375673218, 0.0 ], [ 77.274500552359228, 23.728739489746733, 0.0 ], [ 77.273703449861102, 23.739143405212999, 0.0 ], [ 77.269618831794105, 23.740100616241445, 0.0 ], [ 77.272909724614522, 23.745804110320663, 0.0 ], [ 77.287782693579473, 23.744992752983276, 0.0 ] ] ] } },
{ "type": "Feature", "properties": { "Vill_LGD": "482119", "Villl_name": "Ganyari", "Sub_dist": "BERASIA", "District": "BHOPAL" }, "geometry": { "type": "Polygon", "coordinates": [ [ [ 77.304421937294663, 23.741061882726225, 0.0 ], [ 77.318685028602019, 23.739928818713931, 0.0 ], [ 77.317962201780162, 23.736602258950985, 0.0 ], [ 77.314570675612103, 23.734449640434075, 0.0 ], [ 77.316718139893865, 23.730922089266258, 0.0 ], [ 77.316105429448712, 23.729375440040446, 0.0 ], [ 77.313273869556866, 23.728280887715506, 0.0 ], [ 77.301721586513352, 23.730785825993284, 0.0 ], [ 77.300436678041351, 23.729453327486826, 0.0 ], [ 77.291756404263253, 23.728910810074712, 0.0 ], [ 77.287844569895398, 23.730100541360944, 0.0 ], [ 77.285417520702168, 23.72888225665719, 0.0 ], [ 77.285408001997837, 23.725731849764465, 0.0 ], [ 77.283371184387434, 23.725998350455868, 0.0 ], [ 77.287782693579473, 23.744992752983276, 0.0 ], [ 77.290999724315142, 23.744040968694737, 0.0 ], [ 77.296976931190144, 23.7452782877481, 0.0 ], [ 77.304421937294663, 23.741061882726225, 0.0 ] ] ] } },
{ "type": "Feature", "properties": { "Vill_LGD": "482339", "Villl_name": "Bamhori", "Sub_dist": "BERASIA", "District": "BHOPAL" }, "geometry": { "type": "Polygon", "coordinates": [ [ [ 77.317313004770696, 23.728477192896879, 0.0 ], [ 77.318008997980328, 23.726121526915225, 0.0 ], [ 77.321829345940984, 23.724785870413871, 0.0 ], [ 77.326195657417088, 23.716630268943032, 0.0 ], [ 77.32547111147565, 23.711761891159643, 0.0 ], [ 77.323086891053279, 23.709495455577542, 0.0 ], [ 77.324403923115312, 23.708588880136752, 0.0 ], [ 77.323941101297095, 23.70634413813638, 0.0 ], [ 77.312718373218971, 23.710269059796747, 0.0 ], [ 77.313273869556866, 23.728280887715506, 0.0 ], [ 77.317313004770696, 23.728477192896879, 0.0 ] ] ] } },
{ "type": "Feature", "properties": { "Vill_LGD": "482117", "Villl_name": "Kalayanpura", "Sub_dist": "BERASIA", "District": "BHOPAL" }, "geometry": { "type": "Polygon", "coordinates": [ [ [ 77.3305299715514, 23.77010438380406, 0.0 ], [ 77.332073997316499, 23.76633116054975, 0.0 ], [ 77.329099792058699, 23.75994450198969, 0.0 ], [ 77.33008698841239, 23.755571179305147, 0.0 ], [ 77.323554337193869, 23.754110249559282, 0.0 ], [ 77.321228011877224, 23.750278211073205, 0.0 ], [ 77.319014351716234, 23.756617856896451, 0.0 ], [ 77.315040651963955, 23.759687361568606, 0.0 ], [ 77.31521500262933, 23.778447410751191, 0.0 ], [ 77.323915070083714, 23.771474954016874, 0.0 ], [ 77.3305299715514, 23.77010438380406, 0.0 ] ] ] } },
{ "type": "Feature", "properties": { "Vill_LGD": "482116", "Villl_name": "Danderi", "Sub_dist": "BERASIA", "District": "BHOPAL" }, "geometry": { "type": "Polygon", "coordinates": [ [ [ 77.321228011877224, 23.750278211073205, 0.0 ], [ 77.318336967569394, 23.747012401598472, 0.0 ], [ 77.318685028602019, 23.739928818713931, 0.0 ], [ 77.304421937294663, 23.741061882726225, 0.0 ], [ 77.305123877616111, 23.748442137084787, 0.0 ], [ 77.308288560771985, 23.751249900257424, 0.0 ], [ 77.307785909498151, 23.757062182476805, 0.0 ], [ 77.314292716660617, 23.7734923448381, 0.0 ], [ 77.315040651963955, 23.759687361568606, 0.0 ], [ 77.319014351716234, 23.756617856896451, 0.0 ], [ 77.321228011877224, 23.750278211073205, 0.0 ] ] ] } },
{ "type": "Feature", "properties": { "Vill_LGD": "482070", "Villl_name": "Bhainsana", "Sub_dist": "BERASIA", "District": "BHOPAL" }, "geometry": { "type": "Polygon", "coordinates": [ [ [ 77.334455288943943, 23.798409686916184, 0.0 ], [ 77.340280208923559, 23.784168189255336, 0.0 ], [ 77.338398055843641, 23.779021414126692, 0.0 ], [ 77.339849526735193, 23.776737131219935, 0.0 ], [ 77.33346146654344, 23.770637382994092, 0.0 ], [ 77.325710687607625, 23.770743873786625, 0.0 ], [ 77.31521500262933, 23.778447410751191, 0.0 ], [ 77.316627987218055, 23.786970816867353, 0.0 ], [ 77.312261671755465, 23.800776893767662, 0.0 ], [ 77.315625990443976, 23.797266117503497, 0.0 ], [ 77.324095682978196, 23.794849776328785, 0.0 ], [ 77.334455288943943, 23.798409686916184, 0.0 ] ] ] } },
{ "type": "Feature", "properties": { "Vill_LGD": "482122", "Villl_name": "Hinotiya jagir", "Sub_dist": "BERASIA", "District": "BHOPAL" }, "geometry": { "type": "Polygon", "coordinates": [ [ [ 77.312718373218971, 23.710269059796747, 0.0 ], [ 77.323941101297095, 23.70634413813638, 0.0 ], [ 77.31459933789094, 23.697994609874002, 0.0 ], [ 77.314570784497533, 23.695160672204054, 0.0 ], [ 77.306626338646566, 23.690870336122877, 0.0 ], [ 77.298768167969413, 23.691709095336826, 0.0 ], [ 77.289560219526706, 23.695228019850457, 0.0 ], [ 77.30152134475675, 23.712034481780812, 0.0 ], [ 77.312718373218971, 23.710269059796747, 0.0 ] ] ] } },
{ "type": "Feature", "properties": { "Vill_LGD": "482341", "Villl_name": "Ramtek", "Sub_dist": "BERASIA", "District": "BHOPAL" }, "geometry": { "type": "Polygon", "coordinates": [ [ [ 77.333530821882619, 23.704372713117539, 0.0 ], [ 77.326661877632986, 23.690185160332927, 0.0 ], [ 77.319536720078574, 23.691139382882135, 0.0 ], [ 77.315291760744415, 23.686680273322974, 0.0 ], [ 77.309616746916035, 23.686630303445714, 0.0 ], [ 77.307203972553495, 23.690977578595703, 0.0 ], [ 77.314570784497533, 23.695160672204054, 0.0 ], [ 77.31459933789094, 23.697994609874002, 0.0 ], [ 77.323941101297095, 23.70634413813638, 0.0 ], [ 77.333530821882619, 23.704372713117539, 0.0 ] ] ] } },
{ "type": "Feature", "properties": { "Vill_LGD": "482120", "Villl_name": "Damila", "Sub_dist": "BERASIA", "District": "BHOPAL" }, "geometry": { "type": "Polygon", "coordinates": [ [ [ 77.313273869556866, 23.728280887715506, 0.0 ], [ 77.312718373218971, 23.710269059796747, 0.0 ], [ 77.30152134475675, 23.712034481780812, 0.0 ], [ 77.300088670385563, 23.720490848826291, 0.0 ], [ 77.296933506135048, 23.72513793546652, 0.0 ], [ 77.296985130984396, 23.72959609393989, 0.0 ], [ 77.301721586513352, 23.730785825993284, 0.0 ], [ 77.313273869556866, 23.728280887715506, 0.0 ] ] ] } },
{ "type": "Feature", "properties": { "Vill_LGD": "482121", "Villl_name": "Kadaia brahman", "Sub_dist": "BERASIA", "District": "BHOPAL" }, "geometry": { "type": "Polygon", "coordinates": [ [ [ 77.296985130984396, 23.72959609393989, 0.0 ], [ 77.296933506135048, 23.72513793546652, 0.0 ], [ 77.300088670385563, 23.720490848826291, 0.0 ], [ 77.30152134475675, 23.712034481780812, 0.0 ], [ 77.290873018931748, 23.718329109319004, 0.0 ], [ 77.288003388413713, 23.726064735295989, 0.0 ], [ 77.285208127600754, 23.728149383055086, 0.0 ], [ 77.287844569895398, 23.730100541360944, 0.0 ], [ 77.296985130984396, 23.72959609393989, 0.0 ] ] ] } },
{ "type": "Feature", "properties": { "Vill_LGD": "482073", "Villl_name": "Nekli", "Sub_dist": "BERASIA", "District": "BHOPAL" }, "geometry": { "type": "Polygon", "coordinates": [ [ [ 77.366476877167841, 23.774882993946466, 0.0 ], [ 77.366607510658227, 23.770341345352168, 0.0 ], [ 77.362201542160221, 23.76523304038427, 0.0 ], [ 77.356638361927637, 23.767940867600451, 0.0 ], [ 77.356333791384216, 23.777677621308207, 0.0 ], [ 77.364365104608751, 23.777643169095963, 0.0 ], [ 77.366476877167841, 23.774882993946466, 0.0 ] ] ] } },
{ "type": "Feature", "properties": { "Vill_LGD": "482129", "Villl_name": "Garha khurd", "Sub_dist": "BERASIA", "District": "BHOPAL" }, "geometry": { "type": "Polygon", "coordinates": [ [ [ 77.343254032286666, 23.751034736440214, 0.0 ], [ 77.342618716973817, 23.748350704905306, 0.0 ], [ 77.340495048114022, 23.748265044217771, 0.0 ], [ 77.338949587294479, 23.744470992681077, 0.0 ], [ 77.33752952251595, 23.744496001422402, 0.0 ], [ 77.338464177719871, 23.747069365078424, 0.0 ], [ 77.337382713404054, 23.74781889554701, 0.0 ], [ 77.330276452727006, 23.748814699084598, 0.0 ], [ 77.33005159373063, 23.753165543358545, 0.0 ], [ 77.336722413616698, 23.753183389523382, 0.0 ], [ 77.343254032286666, 23.751034736440214, 0.0 ] ] ] } },
{ "type": "Feature", "properties": { "Vill_LGD": "482072", "Villl_name": "Kadaiya kota", "Sub_dist": "BERASIA", "District": "BHOPAL" }, "geometry": { "type": "Polygon", "coordinates": [ [ [ 77.359942024766596, 23.800192379073579, 0.0 ], [ 77.358401324108812, 23.787664516844323, 0.0 ], [ 77.360528966183765, 23.783985569651957, 0.0 ], [ 77.360500464220763, 23.777527764953007, 0.0 ], [ 77.356333791384216, 23.777677621308207, 0.0 ], [ 77.356000666848388, 23.770558273834776, 0.0 ], [ 77.357271299115922, 23.767155643495933, 0.0 ], [ 77.36568983206449, 23.763557898626122, 0.0 ], [ 77.366462350046788, 23.761162792535703, 0.0 ], [ 77.361818831845937, 23.761934334176825, 0.0 ], [ 77.358046197221526, 23.759960571200118, 0.0 ], [ 77.35699589547778, 23.752779118875409, 0.0 ], [ 77.350039541445057, 23.753469162887502, 0.0 ], [ 77.343254032286666, 23.751034736440214, 0.0 ], [ 77.33013627278855, 23.753576614711747, 0.0 ], [ 77.329099792058699, 23.75994450198969, 0.0 ], [ 77.332073997316499, 23.76633116054975, 0.0 ], [ 77.3305299715514, 23.77010438380406, 0.0 ], [ 77.336278749099748, 23.772531434531398, 0.0 ], [ 77.3398792698801, 23.776891797372574, 0.0 ], [ 77.338398055843641, 23.779021414126692, 0.0 ], [ 77.340280208923559, 23.784168189255336, 0.0 ], [ 77.334455288943943, 23.798409686916184, 0.0 ], [ 77.345578408548633, 23.794310352414328, 0.0 ], [ 77.356685732930217, 23.800220932851573, 0.0 ], [ 77.359942024766596, 23.800192379073579, 0.0 ] ] ] } },
{ "type": "Feature", "properties": { "Vill_LGD": "482078", "Villl_name": "Kandi khedi", "Sub_dist": "BERASIA", "District": "BHOPAL" }, "geometry": { "type": "Polygon", "coordinates": [ [ [ 77.252501354429128, 23.733897689770597, 0.0 ], [ 77.252887938170161, 23.729576847707666, 0.0 ], [ 77.24333440129729, 23.73116513842259, 0.0 ], [ 77.242234368683654, 23.732085152107658, 0.0 ], [ 77.24407897139163, 23.740567726033916, 0.0 ], [ 77.247211147952214, 23.739742031485353, 0.0 ], [ 77.252501354429128, 23.733897689770597, 0.0 ] ] ] } },
{ "type": "Feature", "properties": { "Vill_LGD": "482130", "Villl_name": "Mahuwa kheda", "Sub_dist": "BERASIA", "District": "BHOPAL" }, "geometry": { "type": "Polygon", "coordinates": [ [ [ 77.374241753435825, 23.759716257957031, 0.0 ], [ 77.37790999694748, 23.756436310216614, 0.0 ], [ 77.372380129029253, 23.75116342591982, 0.0 ], [ 77.369801284028355, 23.746220222415385, 0.0 ], [ 77.367196646097966, 23.750826771850669, 0.0 ], [ 77.35699589547778, 23.752779118875409, 0.0 ], [ 77.358046197221526, 23.759960571200118, 0.0 ], [ 77.361151393446249, 23.761688058635329, 0.0 ], [ 77.366343377011248, 23.761082486656154, 0.0 ], [ 77.36626712028891, 23.76287763777437, 0.0 ], [ 77.374241753435825, 23.759716257957031, 0.0 ] ] ] } },
{ "type": "Feature", "properties": { "Vill_LGD": "482128", "Villl_name": "Garha kalan", "Sub_dist": "BERASIA", "District": "BHOPAL" }, "geometry": { "type": "Polygon", "coordinates": [ [ [ 77.33008698841239, 23.755571179305147, 0.0 ], [ 77.33023362168997, 23.748864668402589, 0.0 ], [ 77.337382713404054, 23.74781889554701, 0.0 ], [ 77.338464177719871, 23.747069365078424, 0.0 ], [ 77.33752952251595, 23.744496001422402, 0.0 ], [ 77.338949587294479, 23.744470992681077, 0.0 ], [ 77.340495048114022, 23.748265044217771, 0.0 ], [ 77.342618716973817, 23.748350704905306, 0.0 ], [ 77.343254032286666, 23.751034736440214, 0.0 ], [ 77.348511928007952, 23.753274046791063, 0.0 ], [ 77.367196646097966, 23.750826771850669, 0.0 ], [ 77.370680834493754, 23.744459961219587, 0.0 ], [ 77.366289539388291, 23.738789706802258, 0.0 ], [ 77.363890833647233, 23.728137394099772, 0.0 ], [ 77.357511707131863, 23.723534982151907, 0.0 ], [ 77.347418032628042, 23.723063452773747, 0.0 ], [ 77.343155348637907, 23.720690256536471, 0.0 ], [ 77.339707509471012, 23.727948802448129, 0.0 ], [ 77.331024557664776, 23.734833773317611, 0.0 ], [ 77.319460468505639, 23.736513822291695, 0.0 ], [ 77.315379693099473, 23.734705431708676, 0.0 ], [ 77.31887829447632, 23.738708082361764, 0.0 ], [ 77.318336967569394, 23.747012401598472, 0.0 ], [ 77.321424317153429, 23.749040892633154, 0.0 ], [ 77.321763791260352, 23.752325654198625, 0.0 ], [ 77.323554337193869, 23.754110249559282, 0.0 ], [ 77.33008698841239, 23.755571179305147, 0.0 ] ] ] } },
{ "type": "Feature", "properties": { "Vill_LGD": "482340", "Villl_name": "Sheshapura", "Sub_dist": "BERASIA", "District": "BHOPAL" }, "geometry": { "type": "Polygon", "coordinates": [ [ [ 77.341166570803239, 23.725442806719787, 0.0 ], [ 77.345641884221379, 23.716640414110824, 0.0 ], [ 77.343813072989462, 23.712159364858984, 0.0 ], [ 77.333530821882619, 23.704372713117539, 0.0 ], [ 77.323941101297095, 23.70634413813638, 0.0 ], [ 77.324403923115312, 23.708588880136752, 0.0 ], [ 77.323086891053279, 23.709495455577542, 0.0 ], [ 77.32547111147565, 23.711761891159643, 0.0 ], [ 77.326195657417088, 23.716630268943032, 0.0 ], [ 77.321829345940984, 23.724785870413871, 0.0 ], [ 77.318008997980328, 23.726121526915225, 0.0 ], [ 77.317313004770696, 23.728477192896879, 0.0 ], [ 77.32415654175972, 23.725013738297633, 0.0 ], [ 77.33543518770017, 23.72352419529377, 0.0 ], [ 77.341166570803239, 23.725442806719787, 0.0 ] ] ] } },
{ "type": "Feature", "properties": { "Vill_LGD": "482123", "Villl_name": "Parsora", "Sub_dist": "BERASIA", "District": "BHOPAL" }, "geometry": { "type": "Polygon", "coordinates": [ [ [ 77.307203972553495, 23.690977578595703, 0.0 ], [ 77.310473353184676, 23.686373321637909, 0.0 ], [ 77.315291760744415, 23.686680273322974, 0.0 ], [ 77.319536720078574, 23.691139382882135, 0.0 ], [ 77.326661877632986, 23.690185160332927, 0.0 ], [ 77.328389477729672, 23.675110072383859, 0.0 ], [ 77.320655640319771, 23.679815558097182, 0.0 ], [ 77.313737754673681, 23.677254168558466, 0.0 ], [ 77.311091794245129, 23.674451163526872, 0.0 ], [ 77.302928259343517, 23.675441812543156, 0.0 ], [ 77.297971842217393, 23.679129975821841, 0.0 ], [ 77.294731016792667, 23.678458968150181, 0.0 ], [ 77.293738780486436, 23.682756275260605, 0.0 ], [ 77.295049397054086, 23.692781487185197, 0.0 ], [ 77.307203972553495, 23.690977578595703, 0.0 ] ] ] } },
{ "type": "Feature", "properties": { "Vill_LGD": "482220", "Villl_name": "Pathariya", "Sub_dist": "BERASIA", "District": "BHOPAL" }, "geometry": { "type": "Polygon", "coordinates": [ [ [ 77.3844720931815, 23.692306172946211, 0.0 ], [ 77.387454866310648, 23.686735384644606, 0.0 ], [ 77.383034018565851, 23.683482905672914, 0.0 ], [ 77.367590262707935, 23.679017404274145, 0.0 ], [ 77.368777137889325, 23.683712794511731, 0.0 ], [ 77.374725790191079, 23.691808909576608, 0.0 ], [ 77.3844720931815, 23.692306172946211, 0.0 ] ] ] } },
{ "type": "Feature", "properties": { "Vill_LGD": "482212", "Villl_name": "Gondipura", "Sub_dist": "BERASIA", "District": "BHOPAL" }, "geometry": { "type": "Polygon", "coordinates": [ [ [ 77.379237829802392, 23.71359676121449, 0.0 ], [ 77.386728528656306, 23.701493046213674, 0.0 ], [ 77.385673719628926, 23.695839672554172, 0.0 ], [ 77.378901626073656, 23.695852685199529, 0.0 ], [ 77.378316277578307, 23.697344607340945, 0.0 ], [ 77.369828741480191, 23.700421251210713, 0.0 ], [ 77.369107764806699, 23.704454437266577, 0.0 ], [ 77.361257096832347, 23.7084086689439, 0.0 ], [ 77.35584144404622, 23.714923632426558, 0.0 ], [ 77.349330049698693, 23.717681428380466, 0.0 ], [ 77.345641884221379, 23.716640414110824, 0.0 ], [ 77.343155348637907, 23.720690256536471, 0.0 ], [ 77.347418032628042, 23.723063452773747, 0.0 ], [ 77.357511707131863, 23.723534982151907, 0.0 ], [ 77.359100451301245, 23.720795820807485, 0.0 ], [ 77.363983105463603, 23.717922620482653, 0.0 ], [ 77.379237829802392, 23.71359676121449, 0.0 ] ] ] } },
{ "type": "Feature", "properties": { "Vill_LGD": "482219", "Villl_name": "Kolu khedi", "Sub_dist": "BERASIA", "District": "BHOPAL" }, "geometry": { "type": "Polygon", "coordinates": [ [ [ 77.385673719628926, 23.695839672554172, 0.0 ], [ 77.3844720931815, 23.692306172946211, 0.0 ], [ 77.376141570291111, 23.692754746599746, 0.0 ], [ 77.379801062326777, 23.696616491673939, 0.0 ], [ 77.385673719628926, 23.695839672554172, 0.0 ] ] ] } },
{ "type": "Feature", "properties": { "Vill_LGD": "482218", "Villl_name": "Chanda saloi", "Sub_dist": "BERASIA", "District": "BHOPAL" }, "geometry": { "type": "Polygon", "coordinates": [ [ [ 77.403045083379268, 23.721054340211005, 0.0 ], [ 77.404430174243828, 23.715243942372627, 0.0 ], [ 77.398660224730605, 23.696719181084728, 0.0 ], [ 77.399920147965418, 23.69483107875676, 0.0 ], [ 77.396347388382011, 23.694959570515817, 0.0 ], [ 77.396065115802941, 23.693077357031743, 0.0 ], [ 77.393442066816704, 23.692710979034736, 0.0 ], [ 77.39183236035916, 23.684691006176809, 0.0 ], [ 77.390183393830085, 23.683927199048803, 0.0 ], [ 77.384097922458267, 23.691294010169937, 0.0 ], [ 77.386728528656306, 23.701493046213674, 0.0 ], [ 77.38534843933931, 23.70527638917677, 0.0 ], [ 77.387918257560983, 23.708143640077449, 0.0 ], [ 77.389885297544311, 23.721652835816979, 0.0 ], [ 77.403045083379268, 23.721054340211005, 0.0 ] ] ] } },
{ "type": "Feature", "properties": { "Vill_LGD": "482134", "Villl_name": "Semra", "Sub_dist": "BERASIA", "District": "BHOPAL" }, "geometry": { "type": "Polygon", "coordinates": [ [ [ 77.409928271803821, 23.73178953305991, 0.0 ], [ 77.405222961337486, 23.721131554129684, 0.0 ], [ 77.389885297544311, 23.721652835816979, 0.0 ], [ 77.382870648318118, 23.727608404136944, 0.0 ], [ 77.386742030617654, 23.736210154876613, 0.0 ], [ 77.386032952516956, 23.737514099729211, 0.0 ], [ 77.387741405032912, 23.738951295086331, 0.0 ], [ 77.387051360679223, 23.740369453196919, 0.0 ], [ 77.389182589858436, 23.742489367362356, 0.0 ], [ 77.393551279089621, 23.738568015442919, 0.0 ], [ 77.401592667793437, 23.736390807767265, 0.0 ], [ 77.409928271803821, 23.73178953305991, 0.0 ] ] ] } },
{ "type": "Feature", "properties": { "Vill_LGD": "482133", "Villl_name": "Pasaiya", "Sub_dist": "BERASIA", "District": "BHOPAL" }, "geometry": { "type": "Polygon", "coordinates": [ [ [ 77.388566929017045, 23.742171274158419, 0.0 ], [ 77.382870648318118, 23.727608404136944, 0.0 ], [ 77.384794062800225, 23.725877012888855, 0.0 ], [ 77.363890833647233, 23.728137394099772, 0.0 ], [ 77.366289539388291, 23.738789706802258, 0.0 ], [ 77.370680834493754, 23.744459961219587, 0.0 ], [ 77.369801284028355, 23.746220222415385, 0.0 ], [ 77.373617261322494, 23.744384467247745, 0.0 ], [ 77.383022164515836, 23.745744330644765, 0.0 ], [ 77.386864291532817, 23.748133111482229, 0.0 ], [ 77.388385200055666, 23.747539894458658, 0.0 ], [ 77.388658686890523, 23.744497817830386, 0.0 ], [ 77.387131072793736, 23.743308088251684, 0.0 ], [ 77.388566929017045, 23.742171274158419, 0.0 ] ] ] } },
{ "type": "Feature", "properties": { "Vill_LGD": "482211", "Villl_name": "Shahpur", "Sub_dist": "BERASIA", "District": "BHOPAL" }, "geometry": { "type": "Polygon", "coordinates": [ [ [ 77.384884839608091, 23.725950632283336, 0.0 ], [ 77.389885297544311, 23.721652835816979, 0.0 ], [ 77.387918257560983, 23.708143640077449, 0.0 ], [ 77.385384131847317, 23.705407258942483, 0.0 ], [ 77.379237829802392, 23.71359676121449, 0.0 ], [ 77.363983105463603, 23.717922620482653, 0.0 ], [ 77.35734797864508, 23.722459063889286, 0.0 ], [ 77.363890833647233, 23.728137394099772, 0.0 ], [ 77.384884839608091, 23.725950632283336, 0.0 ] ] ] } },
{ "type": "Feature", "properties": { "Vill_LGD": "482213", "Villl_name": "Bagapura", "Sub_dist": "BERASIA", "District": "BHOPAL" }, "geometry": { "type": "Polygon", "coordinates": [ [ [ 77.372269985247996, 23.699123920835415, 0.0 ], [ 77.35510574457922, 23.698943778821089, 0.0 ], [ 77.353020741995209, 23.704627715325454, 0.0 ], [ 77.347499798176784, 23.707400382779998, 0.0 ], [ 77.343813072989462, 23.712159364858984, 0.0 ], [ 77.344956678488501, 23.71593656980723, 0.0 ], [ 77.349330049698693, 23.717681428380466, 0.0 ], [ 77.35584144404622, 23.714923632426558, 0.0 ], [ 77.361257096832347, 23.7084086689439, 0.0 ], [ 77.369107764806699, 23.704454437266577, 0.0 ], [ 77.36972880335054, 23.700528326124218, 0.0 ], [ 77.372269985247996, 23.699123920835415, 0.0 ] ] ] } },
{ "type": "Feature", "properties": { "Vill_LGD": "482217", "Villl_name": "Khitwas", "Sub_dist": "BERASIA", "District": "BHOPAL" }, "geometry": { "type": "Polygon", "coordinates": [ [ [ 77.34792695731123, 23.698435216859391, 0.0 ], [ 77.373883341207986, 23.699493261057736, 0.0 ], [ 77.379122916205262, 23.69581699329585, 0.0 ], [ 77.371180394438412, 23.687484239501277, 0.0 ], [ 77.368335914849538, 23.680265889087, 0.0 ], [ 77.358513140600905, 23.677247563763469, 0.0 ], [ 77.355003435646481, 23.678044683057333, 0.0 ], [ 77.352897613516603, 23.681952947587057, 0.0 ], [ 77.345787186870908, 23.685200049467436, 0.0 ], [ 77.348873586383704, 23.692241558742058, 0.0 ], [ 77.34792695731123, 23.698435216859391, 0.0 ] ] ] } },
{ "type": "Feature", "properties": { "Vill_LGD": "482214", "Villl_name": "Borpura", "Sub_dist": "BERASIA", "District": "BHOPAL" }, "geometry": { "type": "Polygon", "coordinates": [ [ [ 77.35510574457922, 23.698943778821089, 0.0 ], [ 77.347264476773077, 23.697862738047299, 0.0 ], [ 77.345908183560724, 23.69890375197896, 0.0 ], [ 77.341797665537925, 23.696464805242819, 0.0 ], [ 77.340650467513299, 23.693882197134808, 0.0 ], [ 77.338633873724646, 23.694166542846613, 0.0 ], [ 77.336224373274533, 23.690376061549312, 0.0 ], [ 77.329352488367647, 23.691399229251836, 0.0 ], [ 77.326661877632986, 23.690185160332927, 0.0 ], [ 77.334077782672125, 23.705869069904121, 0.0 ], [ 77.343813072989462, 23.712159364858984, 0.0 ], [ 77.347499798176784, 23.707400382779998, 0.0 ], [ 77.353020741995209, 23.704627715325454, 0.0 ], [ 77.35510574457922, 23.698943778821089, 0.0 ] ] ] } },
{ "type": "Feature", "properties": { "Vill_LGD": "482216", "Villl_name": "Jujpura", "Sub_dist": "BERASIA", "District": "BHOPAL" }, "geometry": { "type": "Polygon", "coordinates": [ [ [ 77.347750421247184, 23.697944262394302, 0.0 ], [ 77.348873586383704, 23.692241558742058, 0.0 ], [ 77.345787186870908, 23.685200049467436, 0.0 ], [ 77.339792343740712, 23.691398878914946, 0.0 ], [ 77.337428379717636, 23.691708559728244, 0.0 ], [ 77.341922587359164, 23.696548085535095, 0.0 ], [ 77.345908183560724, 23.69890375197896, 0.0 ], [ 77.347750421247184, 23.697944262394302, 0.0 ] ] ] } },
{ "type": "Feature", "properties": { "Vill_LGD": "482088", "Villl_name": "Mangalgarh", "Sub_dist": "BERASIA", "District": "BHOPAL" }, "geometry": { "type": "Polygon", "coordinates": [ [ [ 77.228373355169751, 23.718401020046702, 0.0 ], [ 77.224586565775937, 23.702280287060258, 0.0 ], [ 77.220791959255138, 23.698872046813744, 0.0 ], [ 77.214786199379688, 23.70154655967908, 0.0 ], [ 77.209037420839962, 23.69899101858196, 0.0 ], [ 77.204550233880312, 23.694237570382509, 0.0 ], [ 77.193371307738943, 23.699679069093264, 0.0 ], [ 77.188587896799035, 23.704508879258512, 0.0 ], [ 77.195450261603497, 23.707069178434018, 0.0 ], [ 77.195791616880669, 23.717061148711611, 0.0 ], [ 77.207187053502366, 23.716367152068475, 0.0 ], [ 77.213356400228477, 23.725199115659038, 0.0 ], [ 77.220430537952083, 23.719662111279384, 0.0 ], [ 77.228373355169751, 23.718401020046702, 0.0 ] ] ] } },
{ "type": "Feature", "properties": { "Vill_LGD": "482077", "Villl_name": "Runaha", "Sub_dist": "BERASIA", "District": "BHOPAL" }, "geometry": { "type": "Polygon", "coordinates": [ [ [ 77.266787589606281, 23.732269602789557, 0.0 ], [ 77.264047804802402, 23.707451390665558, 0.0 ], [ 77.25846499548544, 23.702510439622955, 0.0 ], [ 77.258397124576419, 23.698646985777508, 0.0 ], [ 77.254092270447302, 23.700343255679027, 0.0 ], [ 77.245886699205471, 23.698169617014489, 0.0 ], [ 77.242802917868403, 23.69885847135442, 0.0 ], [ 77.238447086297782, 23.701398061468044, 0.0 ], [ 77.234788562888625, 23.712174541769592, 0.0 ], [ 77.227479990709583, 23.713639834237526, 0.0 ], [ 77.229250309333366, 23.722063125564997, 0.0 ], [ 77.233071724629895, 23.729220544208246, 0.0 ], [ 77.233458448775167, 23.734136787628405, 0.0 ], [ 77.252887938170161, 23.729576847707666, 0.0 ], [ 77.252501354429128, 23.733897689770597, 0.0 ], [ 77.257503806172593, 23.735100576843202, 0.0 ], [ 77.259699103108986, 23.737355882591462, 0.0 ], [ 77.261948713808806, 23.73286757630288, 0.0 ], [ 77.266787589606281, 23.732269602789557, 0.0 ] ] ] } },
{ "type": "Feature", "properties": { "Vill_LGD": "482124", "Villl_name": "Sunga", "Sub_dist": "BERASIA", "District": "BHOPAL" }, "geometry": { "type": "Polygon", "coordinates": [ [ [ 77.271442762704439, 23.732810469531124, 0.0 ], [ 77.276661104332092, 23.728054203721392, 0.0 ], [ 77.281581829230134, 23.728644311549715, 0.0 ], [ 77.284475253457714, 23.725579564875112, 0.0 ], [ 77.287331191374733, 23.727022468555852, 0.0 ], [ 77.290873018931748, 23.718329109319004, 0.0 ], [ 77.30152134475675, 23.712034481780812, 0.0 ], [ 77.295651372691324, 23.704853031022132, 0.0 ], [ 77.290335495769796, 23.70507906852713, 0.0 ], [ 77.285879955418835, 23.710450701130821, 0.0 ], [ 77.272687033092765, 23.702562787470182, 0.0 ], [ 77.263290542657217, 23.706122461968167, 0.0 ], [ 77.266787589606281, 23.732269602789557, 0.0 ], [ 77.271442762704439, 23.732810469531124, 0.0 ] ] ] } },
{ "type": "Feature", "properties": { "Vill_LGD": "482091", "Villl_name": "Padli", "Sub_dist": "BERASIA", "District": "BHOPAL" }, "geometry": { "type": "Polygon", "coordinates": [ [ [ 77.238447086297782, 23.701398061468044, 0.0 ], [ 77.238200710335065, 23.696762773128658, 0.0 ], [ 77.23532235673359, 23.694808125085558, 0.0 ], [ 77.231859447066782, 23.695875431606069, 0.0 ], [ 77.227270597534272, 23.700833573909343, 0.0 ], [ 77.224700779706495, 23.698682542427321, 0.0 ], [ 77.222324583922102, 23.69988626755147, 0.0 ], [ 77.224586565775937, 23.702280287060258, 0.0 ], [ 77.227479990709583, 23.713639834237526, 0.0 ], [ 77.234788562888625, 23.712174541769592, 0.0 ], [ 77.238447086297782, 23.701398061468044, 0.0 ] ] ] } },
{ "type": "Feature", "properties": { "Vill_LGD": "482086", "Villl_name": "Ankia", "Sub_dist": "BERASIA", "District": "BHOPAL" }, "geometry": { "type": "Polygon", "coordinates": [ [ [ 77.22613232912461, 23.740829936984106, 0.0 ], [ 77.233458448775167, 23.734136787628405, 0.0 ], [ 77.233071724629895, 23.729220544208246, 0.0 ], [ 77.228373355169751, 23.718401020046702, 0.0 ], [ 77.220430537952083, 23.719662111279384, 0.0 ], [ 77.21359196686636, 23.725099179247202, 0.0 ], [ 77.207956927571033, 23.725623136430571, 0.0 ], [ 77.207552894270947, 23.729017674704281, 0.0 ], [ 77.205511317644692, 23.728946292199407, 0.0 ], [ 77.20410382697348, 23.733584246125851, 0.0 ], [ 77.201476902148386, 23.734802530138904, 0.0 ], [ 77.203000404256571, 23.740789000731333, 0.0 ], [ 77.205497735081565, 23.740139115712918, 0.0 ], [ 77.211479369531517, 23.745421424127525, 0.0 ], [ 77.22613232912461, 23.740829936984106, 0.0 ] ] ] } },
{ "type": "Feature", "properties": { "Vill_LGD": "482085", "Villl_name": "Bijawan kalan", "Sub_dist": "BERASIA", "District": "BHOPAL" }, "geometry": { "type": "Polygon", "coordinates": [ [ [ 77.207443808894098, 23.728084729939933, 0.0 ], [ 77.204171880173448, 23.725284895827127, 0.0 ], [ 77.199251550957825, 23.716045924685563, 0.0 ], [ 77.195150846912128, 23.717354398541193, 0.0 ], [ 77.192742832403113, 23.720033672488292, 0.0 ], [ 77.194936695447325, 23.722593972076169, 0.0 ], [ 77.193637509681977, 23.723688524247553, 0.0 ], [ 77.19526981990181, 23.724554648173743, 0.0 ], [ 77.195142777601902, 23.730952562274844, 0.0 ], [ 77.202709462215964, 23.730733652598037, 0.0 ], [ 77.204071948515434, 23.731934608199651, 0.0 ], [ 77.207443808894098, 23.728084729939933, 0.0 ] ] ] } },
{ "type": "Feature", "properties": { "Vill_LGD": "482087", "Villl_name": "Chachakhedi", "Sub_dist": "BERASIA", "District": "BHOPAL" }, "geometry": { "type": "Polygon", "coordinates": [ [ [ 77.213356400228477, 23.725199115659038, 0.0 ], [ 77.207365512311142, 23.716474227690572, 0.0 ], [ 77.199251550957825, 23.716045924685563, 0.0 ], [ 77.20645616254599, 23.727583454473525, 0.0 ], [ 77.207443808894098, 23.728084729939933, 0.0 ], [ 77.207956927571033, 23.725623136430571, 0.0 ], [ 77.213356400228477, 23.725199115659038, 0.0 ] ] ] } },
{ "type": "Feature", "properties": { "Vill_LGD": "482096", "Villl_name": "Gonda khedi", "Sub_dist": "BERASIA", "District": "BHOPAL" }, "geometry": { "type": "Polygon", "coordinates": [ [ [ 77.203816547972266, 23.677950135901909, 0.0 ], [ 77.205312137094126, 23.673794847313239, 0.0 ], [ 77.214419032427301, 23.666328763147323, 0.0 ], [ 77.213281972927575, 23.659380827924693, 0.0 ], [ 77.206885051381846, 23.659518711029978, 0.0 ], [ 77.204247031095505, 23.664313814713211, 0.0 ], [ 77.200880093496281, 23.662660087859354, 0.0 ], [ 77.201576085956773, 23.664343556705891, 0.0 ], [ 77.199714157625678, 23.667181063913571, 0.0 ], [ 77.196133068308612, 23.667383319272695, 0.0 ], [ 77.197269261581923, 23.669179812132523, 0.0 ], [ 77.194860056750755, 23.669590268543764, 0.0 ], [ 77.195181283201819, 23.67161281037183, 0.0 ], [ 77.188486234147874, 23.672313303436443, 0.0 ], [ 77.189077530336547, 23.675996710123105, 0.0 ], [ 77.18792111133591, 23.677067467128733, 0.0 ], [ 77.186844406358503, 23.67583133723079, 0.0 ], [ 77.185952107885001, 23.67746126760867, 0.0 ], [ 77.184220495005377, 23.675986696282013, 0.0 ], [ 77.184360884004604, 23.679041705715143, 0.0 ], [ 77.182918929854353, 23.679755544774899, 0.0 ], [ 77.184886192761638, 23.682631755788382, 0.0 ], [ 77.190454783669864, 23.680038553105099, 0.0 ], [ 77.203816547972266, 23.677950135901909, 0.0 ] ] ] } },
{ "type": "Feature", "properties": { "Vill_LGD": "482093", "Villl_name": "Dhoot khedi", "Sub_dist": "BERASIA", "District": "BHOPAL" }, "geometry": { "type": "Polygon", "coordinates": [ [ [ 77.204550233880312, 23.694237570382509, 0.0 ], [ 77.203816547972266, 23.677950135901909, 0.0 ], [ 77.190454783669864, 23.680038553105099, 0.0 ], [ 77.184886192761638, 23.682631755788382, 0.0 ], [ 77.185300771369683, 23.686784472107675, 0.0 ], [ 77.183755310462601, 23.688053913663996, 0.0 ], [ 77.185611289754021, 23.690611834194243, 0.0 ], [ 77.183966487284195, 23.692468111555531, 0.0 ], [ 77.184918271423825, 23.694909439579124, 0.0 ], [ 77.183466801144988, 23.694980822798051, 0.0 ], [ 77.184994414310538, 23.696251455062857, 0.0 ], [ 77.183195543527091, 23.696441812383004, 0.0 ], [ 77.183642880838121, 23.697783828153479, 0.0 ], [ 77.194011601308063, 23.699643705245272, 0.0 ], [ 77.204550233880312, 23.694237570382509, 0.0 ] ] ] } },
{ "type": "Feature", "properties": { "Vill_LGD": "482094", "Villl_name": "Bhaupura", "Sub_dist": "BERASIA", "District": "BHOPAL" }, "geometry": { "type": "Polygon", "coordinates": [ [ [ 77.232189292490318, 23.689115741218973, 0.0 ], [ 77.234714405625581, 23.681781766126704, 0.0 ], [ 77.229098578831923, 23.683947967304338, 0.0 ], [ 77.212522855805446, 23.677288371789675, 0.0 ], [ 77.209441454114085, 23.679257375290966, 0.0 ], [ 77.204236382500326, 23.67949294272211, 0.0 ], [ 77.203742407380346, 23.686413901503993, 0.0 ], [ 77.210447905640265, 23.685298906080366, 0.0 ], [ 77.216277585271527, 23.688540921372095, 0.0 ], [ 77.217241266415186, 23.687256012219109, 0.0 ], [ 77.217424181530731, 23.690015302879562, 0.0 ], [ 77.227743137344831, 23.691799474642032, 0.0 ], [ 77.232189292490318, 23.689115741218973, 0.0 ] ] ] } },
{ "type": "Feature", "properties": { "Vill_LGD": "482089", "Villl_name": "Banjari", "Sub_dist": "BERASIA", "District": "BHOPAL" }, "geometry": { "type": "Polygon", "coordinates": [ [ [ 77.216461339982175, 23.700613811111488, 0.0 ], [ 77.214529216818136, 23.698448501838993, 0.0 ], [ 77.214971797163955, 23.695885822103104, 0.0 ], [ 77.204550233880312, 23.694237570382509, 0.0 ], [ 77.209037420839962, 23.69899101858196, 0.0 ], [ 77.214786199379688, 23.70154655967908, 0.0 ], [ 77.216461339982175, 23.700613811111488, 0.0 ] ] ] } },
{ "type": "Feature", "properties": { "Vill_LGD": "482090", "Villl_name": "Thikariya laxmanpur", "Sub_dist": "BERASIA", "District": "BHOPAL" }, "geometry": { "type": "Polygon", "coordinates": [ [ [ 77.216277585549733, 23.690420696683905, 0.0 ], [ 77.217241266415186, 23.687256012219109, 0.0 ], [ 77.216277585271527, 23.688540921372095, 0.0 ], [ 77.210447905640265, 23.685298906080366, 0.0 ], [ 77.203636520682522, 23.686794616395325, 0.0 ], [ 77.204550233880312, 23.694237570382509, 0.0 ], [ 77.208176055116127, 23.695507488643607, 0.0 ], [ 77.214063418489943, 23.695948263393795, 0.0 ], [ 77.217009269149329, 23.693163025206211, 0.0 ], [ 77.216277585549733, 23.690420696683905, 0.0 ] ] ] } },
{ "type": "Feature", "properties": { "Vill_LGD": "482092", "Villl_name": "Bijawan khurd", "Sub_dist": "BERASIA", "District": "BHOPAL" }, "geometry": { "type": "Polygon", "coordinates": [ [ [ 77.23532235673359, 23.694808125085558, 0.0 ], [ 77.232189292490318, 23.689115741218973, 0.0 ], [ 77.227743137344831, 23.691799474642032, 0.0 ], [ 77.216539325834248, 23.690242236499778, 0.0 ], [ 77.217009269149329, 23.693163025206211, 0.0 ], [ 77.214040891324046, 23.695477051152331, 0.0 ], [ 77.216461339982175, 23.700613811111488, 0.0 ], [ 77.224477111533304, 23.698653988119368, 0.0 ], [ 77.226851813152834, 23.700914476166997, 0.0 ], [ 77.231859447066782, 23.695875431606069, 0.0 ], [ 77.23532235673359, 23.694808125085558, 0.0 ] ] ] } },
{ "type": "Feature", "properties": { "Vill_LGD": "482101", "Villl_name": "Kalapipal", "Sub_dist": "BERASIA", "District": "BHOPAL" }, "geometry": { "type": "Polygon", "coordinates": [ [ [ 77.236350293090112, 23.695234727817212, 0.0 ], [ 77.237806513731471, 23.693313823379487, 0.0 ], [ 77.243840826559463, 23.691362665422723, 0.0 ], [ 77.243878899204987, 23.689382953914624, 0.0 ], [ 77.242060991507145, 23.688355027538798, 0.0 ], [ 77.244149336787245, 23.687430524294591, 0.0 ], [ 77.24460994706638, 23.684501667889528, 0.0 ], [ 77.243414267846461, 23.683791398482501, 0.0 ], [ 77.245773503607595, 23.679419138377803, 0.0 ], [ 77.243503497437175, 23.67744180703318, 0.0 ], [ 77.234955283708885, 23.676902859249417, 0.0 ], [ 77.234765293440148, 23.682151766871478, 0.0 ], [ 77.231855481700521, 23.68832052369207, 0.0 ], [ 77.236350293090112, 23.695234727817212, 0.0 ] ] ] } },
{ "type": "Feature", "properties": { "Vill_LGD": "482100", "Villl_name": "Kadaiya khurd", "Sub_dist": "BERASIA", "District": "BHOPAL" }, "geometry": { "type": "Polygon", "coordinates": [ [ [ 77.258397124576419, 23.698646985777508, 0.0 ], [ 77.259143141549401, 23.693287648190758, 0.0 ], [ 77.253246837479239, 23.69293073032981, 0.0 ], [ 77.245546978917346, 23.685917993749019, 0.0 ], [ 77.242060991507145, 23.688355027538798, 0.0 ], [ 77.243878899204987, 23.689382953914624, 0.0 ], [ 77.243621916845157, 23.691905181778836, 0.0 ], [ 77.237806513731471, 23.693313823379487, 0.0 ], [ 77.236350293090112, 23.695234727817212, 0.0 ], [ 77.238200710335065, 23.696762773128658, 0.0 ], [ 77.238447086297782, 23.701398061468044, 0.0 ], [ 77.245747500835776, 23.698155339848181, 0.0 ], [ 77.254092270447302, 23.700343255679027, 0.0 ], [ 77.258397124576419, 23.698646985777508, 0.0 ] ] ] } },
{ "type": "Feature", "properties": { "Vill_LGD": "482102", "Villl_name": "Kolukhedi kalan", "Sub_dist": "BERASIA", "District": "BHOPAL" }, "geometry": { "type": "Polygon", "coordinates": [ [ [ 77.263290542657217, 23.706122461968167, 0.0 ], [ 77.272687033092765, 23.702562787470182, 0.0 ], [ 77.270943682508445, 23.700666613471036, 0.0 ], [ 77.270034728791998, 23.694275380949744, 0.0 ], [ 77.273542053893237, 23.694917835913238, 0.0 ], [ 77.279029488738686, 23.692806778261577, 0.0 ], [ 77.279021159546488, 23.688954430652977, 0.0 ], [ 77.276994366446587, 23.685779385086143, 0.0 ], [ 77.283630422535822, 23.679749733966236, 0.0 ], [ 77.278585966516971, 23.673230009887703, 0.0 ], [ 77.262477014660305, 23.665859630196582, 0.0 ], [ 77.253922852781344, 23.660000206983092, 0.0 ], [ 77.241677345198113, 23.660657348194178, 0.0 ], [ 77.238252465604944, 23.665278675625789, 0.0 ], [ 77.244829296526248, 23.673176106299731, 0.0 ], [ 77.243150147466167, 23.677334731154442, 0.0 ], [ 77.245773503607595, 23.679419138377803, 0.0 ], [ 77.243414267846461, 23.683791398482501, 0.0 ], [ 77.24460994706638, 23.684501667889528, 0.0 ], [ 77.243848280368411, 23.687028496246221, 0.0 ], [ 77.245546978917346, 23.685917993749019, 0.0 ], [ 77.253246837479239, 23.69293073032981, 0.0 ], [ 77.259143141549401, 23.693287648190758, 0.0 ], [ 77.25823656658639, 23.702117829277277, 0.0 ], [ 77.263290542657217, 23.706122461968167, 0.0 ] ] ] } },
{ "type": "Feature", "properties": { "Vill_LGD": "482095", "Villl_name": "Bagsi", "Sub_dist": "BERASIA", "District": "BHOPAL" }, "geometry": { "type": "Polygon", "coordinates": [ [ [ 77.234714405625581, 23.681781766126704, 0.0 ], [ 77.235001683066727, 23.67686002908065, 0.0 ], [ 77.243150147466167, 23.677334731154442, 0.0 ], [ 77.244800743031462, 23.673309356008364, 0.0 ], [ 77.238252465604944, 23.665278675625789, 0.0 ], [ 77.241677345198113, 23.660657348194178, 0.0 ], [ 77.225643391257663, 23.652824434109199, 0.0 ], [ 77.218681070812337, 23.655927959848562, 0.0 ], [ 77.216716550254475, 23.659139583999913, 0.0 ], [ 77.213281972927575, 23.659380827924693, 0.0 ], [ 77.214419032427301, 23.666328763147323, 0.0 ], [ 77.205312137094126, 23.673794847313239, 0.0 ], [ 77.203816547972266, 23.677950135901909, 0.0 ], [ 77.205253601833476, 23.679786805627447, 0.0 ], [ 77.212522855805446, 23.677288371789675, 0.0 ], [ 77.229342474059607, 23.683983659275054, 0.0 ], [ 77.234714405625581, 23.681781766126704, 0.0 ] ] ] } },
{ "type": "Feature", "properties": { "Vill_LGD": "482125", "Villl_name": "Badli", "Sub_dist": "BERASIA", "District": "BHOPAL" }, "geometry": { "type": "Polygon", "coordinates": [ [ [ 77.294846684888583, 23.704194642302436, 0.0 ], [ 77.287158915840649, 23.692867929178973, 0.0 ], [ 77.285517087806127, 23.696137310054802, 0.0 ], [ 77.282533244637847, 23.697172375237756, 0.0 ], [ 77.279777827329326, 23.696615580964373, 0.0 ], [ 77.278841107970436, 23.692884992942695, 0.0 ], [ 77.273542053893237, 23.694917835913238, 0.0 ], [ 77.270034728791998, 23.694275380949744, 0.0 ], [ 77.270943682508445, 23.700666613471036, 0.0 ], [ 77.272772694677329, 23.70289591255807, 0.0 ], [ 77.279693356470759, 23.705644190083511, 0.0 ], [ 77.285808570382173, 23.71043285520501, 0.0 ], [ 77.289038689003831, 23.705905930568495, 0.0 ], [ 77.294846684888583, 23.704194642302436, 0.0 ] ] ] } },
{ "type": "Feature", "properties": { "Vill_LGD": "482126", "Villl_name": "Netapura", "Sub_dist": "BERASIA", "District": "BHOPAL" }, "geometry": { "type": "Polygon", "coordinates": [ [ [ 77.289560219526706, 23.695228019850457, 0.0 ], [ 77.295049397054086, 23.692781487185197, 0.0 ], [ 77.293738780596996, 23.682427908724577, 0.0 ], [ 77.295116488860288, 23.68056479136283, 0.0 ], [ 77.291397330758173, 23.681435016646006, 0.0 ], [ 77.289267713872164, 23.679067452872491, 0.0 ], [ 77.282410949705877, 23.681117923863603, 0.0 ], [ 77.276994366446587, 23.685779385086143, 0.0 ], [ 77.279021159546488, 23.688954430652977, 0.0 ], [ 77.279777827329326, 23.696615580964373, 0.0 ], [ 77.285224414214554, 23.696308631160999, 0.0 ], [ 77.286944765515173, 23.692875069071299, 0.0 ], [ 77.289560219526706, 23.695228019850457, 0.0 ] ] ] } },
{ "type": "Feature", "properties": { "Vill_LGD": "482127", "Villl_name": "Shukla", "Sub_dist": "BERASIA", "District": "BHOPAL" }, "geometry": { "type": "Polygon", "coordinates": [ [ [ 77.295116488860288, 23.68056479136283, 0.0 ], [ 77.295059382000886, 23.678209125118645, 0.0 ], [ 77.297971842217393, 23.679129975821841, 0.0 ], [ 77.29962080924949, 23.677392970039705, 0.0 ], [ 77.299878126549046, 23.669518130735192, 0.0 ], [ 77.286398480376235, 23.671665594197755, 0.0 ], [ 77.280846431880448, 23.676333908342979, 0.0 ], [ 77.283814831825154, 23.680386239053515, 0.0 ], [ 77.289267713872164, 23.679067452872491, 0.0 ], [ 77.291397330758173, 23.681435016646006, 0.0 ], [ 77.295116488860288, 23.68056479136283, 0.0 ] ] ] } },
{ "type": "Feature", "properties": { "Vill_LGD": "482106", "Villl_name": "Jhirniya", "Sub_dist": "BERASIA", "District": "BHOPAL" }, "geometry": { "type": "Polygon", "coordinates": [ [ [ 77.255677204419413, 23.636134313743995, 0.0 ], [ 77.263813826717623, 23.625123337218529, 0.0 ], [ 77.252962647301899, 23.61474407850238, 0.0 ], [ 77.228585573588944, 23.615544597142669, 0.0 ], [ 77.221259708669137, 23.623038610656788, 0.0 ], [ 77.222914486593581, 23.628170779554683, 0.0 ], [ 77.230369946111608, 23.63610054396262, 0.0 ], [ 77.252648840128344, 23.634708559226578, 0.0 ], [ 77.255677204419413, 23.636134313743995, 0.0 ] ] ] } },
{ "type": "Feature", "properties": { "Vill_LGD": "482099", "Villl_name": "Jajankhedi", "Sub_dist": "BERASIA", "District": "BHOPAL" }, "geometry": { "type": "Polygon", "coordinates": [ [ [ 77.253655162249814, 23.660047796458851, 0.0 ], [ 77.25188558779243, 23.654374051147908, 0.0 ], [ 77.252756470964371, 23.644958524359119, 0.0 ], [ 77.231012401354363, 23.643641055749022, 0.0 ], [ 77.228116521951918, 23.640562466698398, 0.0 ], [ 77.226170708733179, 23.64497740962052, 0.0 ], [ 77.225818644142151, 23.653389565173352, 0.0 ], [ 77.242647777038769, 23.660930577370504, 0.0 ], [ 77.253655162249814, 23.660047796458851, 0.0 ] ] ] } },
{ "type": "Feature", "properties": { "Vill_LGD": "482105", "Villl_name": "Mithi chhapri", "Sub_dist": "BERASIA", "District": "BHOPAL" }, "geometry": { "type": "Polygon", "coordinates": [ [ [ 77.252756470964371, 23.644958524359119, 0.0 ], [ 77.255540440729419, 23.639376307915015, 0.0 ], [ 77.255677204419413, 23.636134313743995, 0.0 ], [ 77.253655352654761, 23.634801358225562, 0.0 ], [ 77.238507703607482, 23.635101169892298, 0.0 ], [ 77.233282406314387, 23.636657337182335, 0.0 ], [ 77.227162502149909, 23.633520871617119, 0.0 ], [ 77.22883187254115, 23.637197955577232, 0.0 ], [ 77.228124234244021, 23.640554579099629, 0.0 ], [ 77.23050319626293, 23.643498287502137, 0.0 ], [ 77.252756470964371, 23.644958524359119, 0.0 ] ] ] } },
{ "type": "Feature", "properties": { "Vill_LGD": "482103", "Villl_name": "Kotra", "Sub_dist": "BERASIA", "District": "BHOPAL" }, "geometry": { "type": "Polygon", "coordinates": [ [ [ 77.287185689687803, 23.651587970632345, 0.0 ], [ 77.28546950421179, 23.650764081243569, 0.0 ], [ 77.285490919841735, 23.647624978030432, 0.0 ], [ 77.282514213345323, 23.64429849083082, 0.0 ], [ 77.279458984718616, 23.643318153042664, 0.0 ], [ 77.26419498091478, 23.651528483258783, 0.0 ], [ 77.252202497233952, 23.652777699877806, 0.0 ], [ 77.25188558779243, 23.654374051147908, 0.0 ], [ 77.254404693745883, 23.660850865221754, 0.0 ], [ 77.278678458645544, 23.673414995699641, 0.0 ], [ 77.287161095760894, 23.667164717586346, 0.0 ], [ 77.287576160677531, 23.660439367188967, 0.0 ], [ 77.285791563315527, 23.654721521777091, 0.0 ], [ 77.287185689687803, 23.651587970632345, 0.0 ] ] ] } },
{ "type": "Feature", "properties": { "Vill_LGD": "482107", "Villl_name": "Dhonoura", "Sub_dist": "BERASIA", "District": "BHOPAL" }, "geometry": { "type": "Polygon", "coordinates": [ [ [ 77.299717513684911, 23.669464593190966, 0.0 ], [ 77.294102783037545, 23.659255783234268, 0.0 ], [ 77.292322352387956, 23.652492165097005, 0.0 ], [ 77.287185689687803, 23.651587970632345, 0.0 ], [ 77.285791563315527, 23.654721521777091, 0.0 ], [ 77.287576160677531, 23.660439367188967, 0.0 ], [ 77.287161095760894, 23.667164717586346, 0.0 ], [ 77.278678458645544, 23.673414995699641, 0.0 ], [ 77.27914513936085, 23.674514918502034, 0.0 ], [ 77.280846431880448, 23.676333908342979, 0.0 ], [ 77.286398480376235, 23.671665594197755, 0.0 ], [ 77.299717513684911, 23.669464593190966, 0.0 ] ] ] } },
{ "type": "Feature", "properties": { "Vill_LGD": "482104", "Villl_name": "Semra bheropura", "Sub_dist": "BERASIA", "District": "BHOPAL" }, "geometry": { "type": "Polygon", "coordinates": [ [ [ 77.279458984718616, 23.643318153042664, 0.0 ], [ 77.2784036546023, 23.638661009144556, 0.0 ], [ 77.273956442790308, 23.631472657138264, 0.0 ], [ 77.263813826717623, 23.625123337218529, 0.0 ], [ 77.25553330271147, 23.636399602539267, 0.0 ], [ 77.252021216893453, 23.652510932943976, 0.0 ], [ 77.263755969880364, 23.651703373901771, 0.0 ], [ 77.279458984718616, 23.643318153042664, 0.0 ] ] ] } },
{ "type": "Feature", "properties": { "Vill_LGD": "482225", "Villl_name": "Ramgarha", "Sub_dist": "BERASIA", "District": "BHOPAL" }, "geometry": { "type": "Polygon", "coordinates": [ [ [ 77.361113599523691, 23.667263795259558, 0.0 ], [ 77.364657410422851, 23.647050432832433, 0.0 ], [ 77.362387405228446, 23.639973915915938, 0.0 ], [ 77.350264041069707, 23.638306180608616, 0.0 ], [ 77.347277075651476, 23.64468381981537, 0.0 ], [ 77.349578074533682, 23.646286883006457, 0.0 ], [ 77.348890408346051, 23.649553882857983, 0.0 ], [ 77.343882802182435, 23.655112949365677, 0.0 ], [ 77.345625757964171, 23.662762915934046, 0.0 ], [ 77.350462147461201, 23.670521927546012, 0.0 ], [ 77.361113599523691, 23.667263795259558, 0.0 ] ] ] } },
{ "type": "Feature", "properties": { "Vill_LGD": "482221", "Villl_name": "Nidanpur", "Sub_dist": "BERASIA", "District": "BHOPAL" }, "geometry": { "type": "Polygon", "coordinates": [ [ [ 77.387454866310648, 23.686735384644606, 0.0 ], [ 77.395678871119571, 23.680457880285282, 0.0 ], [ 77.409739794456115, 23.680307376027841, 0.0 ], [ 77.407728361930566, 23.669121334088583, 0.0 ], [ 77.399065696673844, 23.670144503255642, 0.0 ], [ 77.398332821752462, 23.666408749129708, 0.0 ], [ 77.39263035535032, 23.666277172285628, 0.0 ], [ 77.374924785011984, 23.672556568984472, 0.0 ], [ 77.369413952931779, 23.67284210522223, 0.0 ], [ 77.368656262035103, 23.678655725679967, 0.0 ], [ 77.383034018565851, 23.683482905672914, 0.0 ], [ 77.387454866310648, 23.686735384644606, 0.0 ] ] ] } },
{ "type": "Feature", "properties": { "Vill_LGD": "482345", "Villl_name": "Anandipura", "Sub_dist": "BERASIA", "District": "BHOPAL" }, "geometry": { "type": "Polygon", "coordinates": [ [ [ 77.368335914849538, 23.680265889087, 0.0 ], [ 77.369413952931779, 23.67284210522223, 0.0 ], [ 77.361113599523691, 23.667263795259558, 0.0 ], [ 77.340802301606956, 23.673494404122064, 0.0 ], [ 77.348188529335616, 23.68409734644602, 0.0 ], [ 77.352897613516603, 23.681952947587057, 0.0 ], [ 77.3558778877739, 23.677705609562313, 0.0 ], [ 77.360041944347316, 23.677360587695905, 0.0 ], [ 77.368335914849538, 23.680265889087, 0.0 ] ] ] } },
{ "type": "Feature", "properties": { "Vill_LGD": "482215", "Villl_name": "Junapani", "Sub_dist": "BERASIA", "District": "BHOPAL" }, "geometry": { "type": "Polygon", "coordinates": [ [ [ 77.339469957576526, 23.691637175641436, 0.0 ], [ 77.348188529335616, 23.68409734644602, 0.0 ], [ 77.340802301606956, 23.673494404122064, 0.0 ], [ 77.336940758700266, 23.676755436859288, 0.0 ], [ 77.32861078826167, 23.674523640711534, 0.0 ], [ 77.326661877632986, 23.690185160332927, 0.0 ], [ 77.339469957576526, 23.691637175641436, 0.0 ] ] ] } },
{ "type": "Feature", "properties": { "Vill_LGD": "482108", "Villl_name": "Bamhora", "Sub_dist": "BERASIA", "District": "BHOPAL" }, "geometry": { "type": "Polygon", "coordinates": [ [ [ 77.328389477729672, 23.675110072383859, 0.0 ], [ 77.327823780836326, 23.671759896424355, 0.0 ], [ 77.322713887743703, 23.665817192498842, 0.0 ], [ 77.308817836246448, 23.66369233407309, 0.0 ], [ 77.299878126549046, 23.669518130735192, 0.0 ], [ 77.299063161169428, 23.674996840465209, 0.0 ], [ 77.29964936193619, 23.677178817248418, 0.0 ], [ 77.311091794245129, 23.674451163526872, 0.0 ], [ 77.319828777774319, 23.679839353135613, 0.0 ], [ 77.32634137684353, 23.677507483512741, 0.0 ], [ 77.328389477729672, 23.675110072383859, 0.0 ] ] ] } },
{ "type": "Feature", "properties": { "Vill_LGD": "482223", "Villl_name": "Laloi", "Sub_dist": "BERASIA", "District": "BHOPAL" }, "geometry": { "type": "Polygon", "coordinates": [ [ [ 77.314439551520607, 23.660242988245891, 0.0 ], [ 77.329638357544624, 23.656727334246181, 0.0 ], [ 77.330668867296168, 23.653522971895867, 0.0 ], [ 77.33570241333183, 23.65041343384328, 0.0 ], [ 77.336958770586165, 23.64634812526895, 0.0 ], [ 77.341579152390949, 23.643480447558844, 0.0 ], [ 77.341828733284217, 23.634907517634581, 0.0 ], [ 77.339330298476369, 23.630505515032798, 0.0 ], [ 77.325707885518881, 23.634458989700892, 0.0 ], [ 77.322956038607913, 23.632263937008208, 0.0 ], [ 77.317076151882588, 23.633736109781179, 0.0 ], [ 77.316222877331114, 23.648157309819076, 0.0 ], [ 77.313515051120746, 23.654901891220675, 0.0 ], [ 77.314439551520607, 23.660242988245891, 0.0 ] ] ] } },
{ "type": "Feature", "properties": { "Vill_LGD": "482109", "Villl_name": "Jangaliya pura", "Sub_dist": "BERASIA", "District": "BHOPAL" }, "geometry": { "type": "Polygon", "coordinates": [ [ [ 77.322713887743703, 23.665817192498842, 0.0 ], [ 77.321633375046019, 23.661921222203102, 0.0 ], [ 77.319219127744731, 23.659818371310912, 0.0 ], [ 77.314439551520607, 23.660242988245891, 0.0 ], [ 77.314231347986848, 23.658446495546585, 0.0 ], [ 77.305421393366629, 23.656554823564253, 0.0 ], [ 77.299163410877043, 23.651760209053595, 0.0 ], [ 77.292322352387956, 23.652492165097005, 0.0 ], [ 77.294102783037545, 23.659255783234268, 0.0 ], [ 77.299717513684911, 23.669464593190966, 0.0 ], [ 77.308817836246448, 23.66369233407309, 0.0 ], [ 77.322713887743703, 23.665817192498842, 0.0 ] ] ] } },
{ "type": "Feature", "properties": { "Vill_LGD": "482236", "Villl_name": "Jhiraniya kankad", "Sub_dist": "BERASIA", "District": "BHOPAL" }, "geometry": { "type": "Polygon", "coordinates": [ [ [ 77.348753962977199, 23.600644589595809, 0.0 ], [ 77.342139062169878, 23.593315849472322, 0.0 ], [ 77.321886019763156, 23.58791862955362, 0.0 ], [ 77.319882237959007, 23.598993540965541, 0.0 ], [ 77.315661066667829, 23.608949184620098, 0.0 ], [ 77.316436771113075, 23.611400029717164, 0.0 ], [ 77.318335581212352, 23.611718877685188, 0.0 ], [ 77.324991641573831, 23.606579517190426, 0.0 ], [ 77.328165843111364, 23.60671038739769, 0.0 ], [ 77.339612074677447, 23.613225989793076, 0.0 ], [ 77.336560414270096, 23.608753792493474, 0.0 ], [ 77.337063671237175, 23.6071083958382, 0.0 ], [ 77.342917145274285, 23.602272141188049, 0.0 ], [ 77.344964671646835, 23.602827745621912, 0.0 ], [ 77.348753962977199, 23.600644589595809, 0.0 ] ] ] } },
{ "type": "Feature", "properties": { "Vill_LGD": "482342", "Villl_name": "Richhai", "Sub_dist": "BERASIA", "District": "BHOPAL" }, "geometry": { "type": "Polygon", "coordinates": [ [ [ 77.315810278810133, 23.641431286047528, 0.0 ], [ 77.302777971024213, 23.639540804228563, 0.0 ], [ 77.300008277408622, 23.642272425331253, 0.0 ], [ 77.299163410877043, 23.651760209053595, 0.0 ], [ 77.305421393366629, 23.656554823564253, 0.0 ], [ 77.314231347986848, 23.658446495546585, 0.0 ], [ 77.313515051120746, 23.654901891220675, 0.0 ], [ 77.31630615850807, 23.647574340540029, 0.0 ], [ 77.315810278810133, 23.641431286047528, 0.0 ] ] ] } },
{ "type": "Feature", "properties": { "Vill_LGD": "482222", "Villl_name": "Bhojapura", "Sub_dist": "BERASIA", "District": "BHOPAL" }, "geometry": { "type": "Polygon", "coordinates": [ [ [ 77.340802301606956, 23.673494404122064, 0.0 ], [ 77.350462147461201, 23.670521927546012, 0.0 ], [ 77.345661450064227, 23.662858095169668, 0.0 ], [ 77.344284337538795, 23.655562071458796, 0.0 ], [ 77.342380767809971, 23.654695353823907, 0.0 ], [ 77.344189157595423, 23.651782893243443, 0.0 ], [ 77.336020072192412, 23.64974956499136, 0.0 ], [ 77.330668867296168, 23.653522971895867, 0.0 ], [ 77.329638357544624, 23.656727334246181, 0.0 ], [ 77.319219127744731, 23.659818371310912, 0.0 ], [ 77.32861078826167, 23.674523640711534, 0.0 ], [ 77.336940758700266, 23.676755436859288, 0.0 ], [ 77.340802301606956, 23.673494404122064, 0.0 ] ] ] } },
{ "type": "Feature", "properties": { "Vill_LGD": "482228", "Villl_name": "Khejda gopi", "Sub_dist": "BERASIA", "District": "BHOPAL" }, "geometry": { "type": "Polygon", "coordinates": [ [ [ 77.365763078409501, 23.647189813802498, 0.0 ], [ 77.36554416963736, 23.639223378382955, 0.0 ], [ 77.372168587771242, 23.638157380545621, 0.0 ], [ 77.373477292187928, 23.634640536622612, 0.0 ], [ 77.372644479388299, 23.631766148350685, 0.0 ], [ 77.375085807595511, 23.627245172196822, 0.0 ], [ 77.37352012197357, 23.627435528801264, 0.0 ], [ 77.373558192311194, 23.625560513408121, 0.0 ], [ 77.375100084204036, 23.623114427548376, 0.0 ], [ 77.37102168782738, 23.622562392605548, 0.0 ], [ 77.364035589930523, 23.62619820833531, 0.0 ], [ 77.363683429321156, 23.624513550785526, 0.0 ], [ 77.360669134346125, 23.624274601547235, 0.0 ], [ 77.361415095344853, 23.62593070563701, 0.0 ], [ 77.358651224724298, 23.631805262785612, 0.0 ], [ 77.359433194725597, 23.638865586935385, 0.0 ], [ 77.362387405228446, 23.639973915915938, 0.0 ], [ 77.365763078409501, 23.647189813802498, 0.0 ] ] ] } },
{ "type": "Feature", "properties": { "Vill_LGD": "482247", "Villl_name": "Undrai", "Sub_dist": "BERASIA", "District": "BHOPAL" }, "geometry": { "type": "Polygon", "coordinates": [ [ [ 77.326916494415144, 23.554100158505072, 0.0 ], [ 77.327643006391213, 23.546247690837493, 0.0 ], [ 77.310604874828002, 23.541096157212571, 0.0 ], [ 77.306788219994402, 23.541871861999375, 0.0 ], [ 77.305908811400215, 23.548680888016488, 0.0 ], [ 77.303400858968544, 23.551488652242938, 0.0 ], [ 77.305337740599967, 23.553853835431333, 0.0 ], [ 77.303764337278224, 23.556636664181983, 0.0 ], [ 77.313662895325621, 23.560829274231608, 0.0 ], [ 77.326916494415144, 23.554100158505072, 0.0 ] ] ] } },
{ "type": "Feature", "properties": { "Vill_LGD": "482224", "Villl_name": "Dhaknai", "Sub_dist": "BERASIA", "District": "BHOPAL" }, "geometry": { "type": "Polygon", "coordinates": [ [ [ 77.347277075651476, 23.64468381981537, 0.0 ], [ 77.339667785845521, 23.643953198097872, 0.0 ], [ 77.336958770586165, 23.64634812526895, 0.0 ], [ 77.336020072192412, 23.64974956499136, 0.0 ], [ 77.343941694881536, 23.651640125250815, 0.0 ], [ 77.342380767809971, 23.654695353823907, 0.0 ], [ 77.345556785361453, 23.654538853821755, 0.0 ], [ 77.349578074284821, 23.646436789093862, 0.0 ], [ 77.347277075651476, 23.64468381981537, 0.0 ] ] ] } },
{ "type": "Feature", "properties": { "Vill_LGD": "482249", "Villl_name": "Madnai", "Sub_dist": "BERASIA", "District": "BHOPAL" }, "geometry": { "type": "Polygon", "coordinates": [ [ [ 77.382428055685779, 23.582011328011351, 0.0 ], [ 77.378805325931651, 23.579625918091967, 0.0 ], [ 77.378263998655967, 23.577192919673749, 0.0 ], [ 77.375045778428316, 23.577716401383583, 0.0 ], [ 77.372070261290617, 23.576069814477137, 0.0 ], [ 77.366821170250475, 23.580671691883897, 0.0 ], [ 77.366069260697699, 23.582342073295024, 0.0 ], [ 77.369076139520303, 23.587263672396784, 0.0 ], [ 77.369532114137698, 23.593609106793927, 0.0 ], [ 77.383338200770496, 23.589048584114423, 0.0 ], [ 77.382892051179425, 23.587591163813684, 0.0 ], [ 77.384730183833327, 23.586080205498874, 0.0 ], [ 77.383308456024309, 23.584325353883994, 0.0 ], [ 77.382374518162393, 23.585027294834678, 0.0 ], [ 77.382428055685779, 23.582011328011351, 0.0 ] ] ] } },
{ "type": "Feature", "properties": { "Vill_LGD": "482112", "Villl_name": "Dolatpura", "Sub_dist": "BERASIA", "District": "BHOPAL" }, "geometry": { "type": "Polygon", "coordinates": [ [ [ 77.32553656324518, 23.633534568837788, 0.0 ], [ 77.335419702146154, 23.625894002184264, 0.0 ], [ 77.336828343285049, 23.620092876009821, 0.0 ], [ 77.339919025298542, 23.618526238594825, 0.0 ], [ 77.339612074677447, 23.613225989793076, 0.0 ], [ 77.333343551208415, 23.608780517505302, 0.0 ], [ 77.331539918742322, 23.609608571526906, 0.0 ], [ 77.325905356230152, 23.60636298521835, 0.0 ], [ 77.318797195853918, 23.611404787756328, 0.0 ], [ 77.319501517775805, 23.615568845565871, 0.0 ], [ 77.316374111948051, 23.618579854509907, 0.0 ], [ 77.317076151882588, 23.633736109781179, 0.0 ], [ 77.322956038607913, 23.632263937008208, 0.0 ], [ 77.32553656324518, 23.633534568837788, 0.0 ] ] ] } },
{ "type": "Feature", "properties": { "Vill_LGD": "482207", "Villl_name": "Chatahedi", "Sub_dist": "BERASIA", "District": "BHOPAL" }, "geometry": { "type": "Polygon", "coordinates": [ [ [ 77.415895100282711, 23.71199006167652, 0.0 ], [ 77.413509955982036, 23.708331946214862, 0.0 ], [ 77.413327927202914, 23.699608843322292, 0.0 ], [ 77.419591145659695, 23.695790522413283, 0.0 ], [ 77.425751569508719, 23.695055268280139, 0.0 ], [ 77.428913872654675, 23.696368731735213, 0.0 ], [ 77.428985256848676, 23.69986653849379, 0.0 ], [ 77.433161210621591, 23.69751801043606, 0.0 ], [ 77.435042273918185, 23.699249573945991, 0.0 ], [ 77.437347972222028, 23.698921208113866, 0.0 ], [ 77.436349550405282, 23.692887370899339, 0.0 ], [ 77.430881548722283, 23.692140219741795, 0.0 ], [ 77.429763201576492, 23.689765517981929, 0.0 ], [ 77.426522376324073, 23.688942225543521, 0.0 ], [ 77.425622940093973, 23.687290879661635, 0.0 ], [ 77.426745822181445, 23.685635798390638, 0.0 ], [ 77.423900448102543, 23.683864414931431, 0.0 ], [ 77.4214406803994, 23.684405742318223, 0.0 ], [ 77.410134095873701, 23.680357941331128, 0.0 ], [ 77.395678871119571, 23.680457880285282, 0.0 ], [ 77.390183393830085, 23.683927199048803, 0.0 ], [ 77.39183236035916, 23.684691006176809, 0.0 ], [ 77.393442066816704, 23.692710979034736, 0.0 ], [ 77.396065115802941, 23.693077357031743, 0.0 ], [ 77.396347388382011, 23.694959570515817, 0.0 ], [ 77.399920147965418, 23.69483107875676, 0.0 ], [ 77.398660224730605, 23.696719181084728, 0.0 ], [ 77.404430174243828, 23.715243942372627, 0.0 ], [ 77.403045083379268, 23.721054340211005, 0.0 ], [ 77.406288173069825, 23.721008643675432, 0.0 ], [ 77.406228713174883, 23.71670689039486, 0.0 ], [ 77.415895100282711, 23.71199006167652, 0.0 ] ] ] } },
{ "type": "Feature", "properties": { "Vill_LGD": "482209", "Villl_name": "Gangakhedi", "Sub_dist": "BERASIA", "District": "BHOPAL" }, "geometry": { "type": "Polygon", "coordinates": [ [ [ 77.422058102242843, 23.667497146740157, 0.0 ], [ 77.423357693524792, 23.661326199576848, 0.0 ], [ 77.415855700270228, 23.66298913606045, 0.0 ], [ 77.413919481723369, 23.665930656314323, 0.0 ], [ 77.414296823458585, 23.668807819988682, 0.0 ], [ 77.412324846680946, 23.667412861474489, 0.0 ], [ 77.411483112400475, 23.669625760037249, 0.0 ], [ 77.410064993016874, 23.66971620038569, 0.0 ], [ 77.41024107316089, 23.66813147825706, 0.0 ], [ 77.407728361930566, 23.669121334088583, 0.0 ], [ 77.409217905685608, 23.679624274813435, 0.0 ], [ 77.427650240854604, 23.685439658008608, 0.0 ], [ 77.426569965134931, 23.678125195262204, 0.0 ], [ 77.422058102242843, 23.667497146740157, 0.0 ] ] ] } },
{ "type": "Feature", "properties": { "Vill_LGD": "482210", "Villl_name": "Saloi sangraj", "Sub_dist": "BERASIA", "District": "BHOPAL" }, "geometry": { "type": "Polygon", "coordinates": [ [ [ 77.399065696673844, 23.670144503255642, 0.0 ], [ 77.41024107316089, 23.66813147825706, 0.0 ], [ 77.410064993016874, 23.66971620038569, 0.0 ], [ 77.411483112400475, 23.669625760037249, 0.0 ], [ 77.412324846680946, 23.667412861474489, 0.0 ], [ 77.414454464559498, 23.668697769899484, 0.0 ], [ 77.415258007785454, 23.660531459994864, 0.0 ], [ 77.407044108489131, 23.658351873822124, 0.0 ], [ 77.394126015525416, 23.659674853780395, 0.0 ], [ 77.394286458960153, 23.66490660123625, 0.0 ], [ 77.398332821752462, 23.666408749129708, 0.0 ], [ 77.399065696673844, 23.670144503255642, 0.0 ] ] ] } },
{ "type": "Feature", "properties": { "Vill_LGD": "482206", "Villl_name": "Rampura khurd", "Sub_dist": "BERASIA", "District": "BHOPAL" }, "geometry": { "type": "Polygon", "coordinates": [ [ [ 77.438502577746178, 23.702993096900979, 0.0 ], [ 77.438349149316977, 23.698947353316186, 0.0 ], [ 77.435042273918185, 23.699249573945991, 0.0 ], [ 77.433161210621591, 23.69751801043606, 0.0 ], [ 77.428985256848676, 23.69986653849379, 0.0 ], [ 77.428785381927995, 23.696290208269371, 0.0 ], [ 77.425751569508719, 23.695055268280139, 0.0 ], [ 77.419591145659695, 23.695790522413283, 0.0 ], [ 77.413156606597624, 23.699855117125605, 0.0 ], [ 77.413652724434883, 23.709017231623267, 0.0 ], [ 77.415016154505537, 23.711401451067793, 0.0 ], [ 77.418931845371631, 23.712739616086722, 0.0 ], [ 77.42324421181128, 23.709854920881501, 0.0 ], [ 77.422988419546684, 23.708683035540542, 0.0 ], [ 77.428758613552318, 23.709127995178743, 0.0 ], [ 77.438502577746178, 23.702993096900979, 0.0 ] ] ] } },
{ "type": "Feature", "properties": { "Vill_LGD": "482152", "Villl_name": "Tarawli khurd", "Sub_dist": "BERASIA", "District": "BHOPAL" }, "geometry": { "type": "Polygon", "coordinates": [ [ [ 77.462926514020296, 23.738951916271425, 0.0 ], [ 77.460179346754686, 23.736847838288657, 0.0 ], [ 77.462192370366324, 23.73362128925665, 0.0 ], [ 77.459151419898575, 23.731879522764409, 0.0 ], [ 77.457081289170745, 23.724555542009831, 0.0 ], [ 77.453383605384275, 23.723242080126038, 0.0 ], [ 77.452433132464535, 23.718112924892896, 0.0 ], [ 77.446033253076877, 23.719416525840884, 0.0 ], [ 77.444629371205025, 23.725162924531226, 0.0 ], [ 77.442815032186417, 23.725067745951961, 0.0 ], [ 77.436489840700858, 23.730190718495933, 0.0 ], [ 77.439508968412355, 23.735886535633941, 0.0 ], [ 77.438447728832656, 23.738965557808672, 0.0 ], [ 77.440279914010901, 23.741787599181311, 0.0 ], [ 77.439809138311887, 23.746711719694101, 0.0 ], [ 77.448739019350455, 23.751797152601849, 0.0 ], [ 77.455426452481333, 23.743620417965577, 0.0 ], [ 77.462926514020296, 23.738951916271425, 0.0 ] ] ] } },
{ "type": "Feature", "properties": { "Vill_LGD": "482131", "Villl_name": "Manakund", "Sub_dist": "BERASIA", "District": "BHOPAL" }, "geometry": { "type": "Polygon", "coordinates": [ [ [ 77.374241753435825, 23.759716257957031, 0.0 ], [ 77.370044246376125, 23.762272989562902, 0.0 ], [ 77.367707615638437, 23.761549633308267, 0.0 ], [ 77.362201542160221, 23.76523304038427, 0.0 ], [ 77.366607510658227, 23.770341345352168, 0.0 ], [ 77.365845130157027, 23.773493389799821, 0.0 ], [ 77.366663070337452, 23.770935587466919, 0.0 ], [ 77.372084670642266, 23.770805906290366, 0.0 ], [ 77.373021464515446, 23.777588797737884, 0.0 ], [ 77.376625966905124, 23.776911036558623, 0.0 ], [ 77.377411189168569, 23.769312227024077, 0.0 ], [ 77.381251640115821, 23.765446792835373, 0.0 ], [ 77.382855396020688, 23.761199454305356, 0.0 ], [ 77.379133919643195, 23.761251803101192, 0.0 ], [ 77.37966216073535, 23.763241031933465, 0.0 ], [ 77.376725904922296, 23.762493881980387, 0.0 ], [ 77.3769352973449, 23.764135709860074, 0.0 ], [ 77.375493343656885, 23.763954871118091, 0.0 ], [ 77.374241753435825, 23.759716257957031, 0.0 ] ] ] } },
{ "type": "Feature", "properties": { "Vill_LGD": "482147", "Villl_name": "Barkhedi khurd", "Sub_dist": "BERASIA", "District": "BHOPAL" }, "geometry": { "type": "Polygon", "coordinates": [ [ [ 77.429572006209156, 23.776872852779135, 0.0 ], [ 77.42684136911528, 23.776272070142962, 0.0 ], [ 77.42598476324973, 23.773031244973769, 0.0 ], [ 77.421149698377164, 23.769052786998394, 0.0 ], [ 77.419225903796075, 23.771055103195458, 0.0 ], [ 77.408884648138397, 23.769835867286734, 0.0 ], [ 77.403759842021529, 23.770951538255385, 0.0 ], [ 77.409529679171868, 23.780358240277867, 0.0 ], [ 77.423174555376193, 23.781252751959872, 0.0 ], [ 77.425583759132294, 23.779723948667574, 0.0 ], [ 77.425772925876259, 23.777694268676942, 0.0 ], [ 77.429572006209156, 23.776872852779135, 0.0 ] ] ] } },
{ "type": "Feature", "properties": { "Vill_LGD": "482142", "Villl_name": "Baniyatodi", "Sub_dist": "BERASIA", "District": "BHOPAL" }, "geometry": { "type": "Polygon", "coordinates": [ [ [ 77.397534535158371, 23.779146641954874, 0.0 ], [ 77.394780521437355, 23.765791537410955, 0.0 ], [ 77.39082585702991, 23.770138812485207, 0.0 ], [ 77.384294237181948, 23.773550958938785, 0.0 ], [ 77.385312457188363, 23.787594180519847, 0.0 ], [ 77.392599532392339, 23.787220153245109, 0.0 ], [ 77.397534535158371, 23.779146641954874, 0.0 ] ] ] } },
{ "type": "Feature", "properties": { "Vill_LGD": "482141", "Villl_name": "Nay samand", "Sub_dist": "BERASIA", "District": "BHOPAL" }, "geometry": { "type": "Polygon", "coordinates": [ [ [ 77.395023225992801, 23.766144886973876, 0.0 ], [ 77.397245861021318, 23.762052005989347, 0.0 ], [ 77.400507029395158, 23.76116982870526, 0.0 ], [ 77.396601324899024, 23.759003172377898, 0.0 ], [ 77.392646660578293, 23.759909746827876, 0.0 ], [ 77.389805583779861, 23.755398288499467, 0.0 ], [ 77.385344094555848, 23.755905115492251, 0.0 ], [ 77.384551734084027, 23.759281570295677, 0.0 ], [ 77.382624370331698, 23.759352953433631, 0.0 ], [ 77.381896255797471, 23.757168607490168, 0.0 ], [ 77.378532293324611, 23.756947317589855, 0.0 ], [ 77.37440058958336, 23.759029130775509, 0.0 ], [ 77.375493343656885, 23.763954871118091, 0.0 ], [ 77.3769352973449, 23.764135709860074, 0.0 ], [ 77.376725904922296, 23.762493881980387, 0.0 ], [ 77.37966216073535, 23.763241031933465, 0.0 ], [ 77.379133919643195, 23.761251803101192, 0.0 ], [ 77.382860154820747, 23.761080481660773, 0.0 ], [ 77.381251640115821, 23.765446792835373, 0.0 ], [ 77.377411189168569, 23.769312227024077, 0.0 ], [ 77.376625966905124, 23.776911036558623, 0.0 ], [ 77.373021464515446, 23.777588797737884, 0.0 ], [ 77.378178946874712, 23.787261306408293, 0.0 ], [ 77.381714439337273, 23.786217437033375, 0.0 ], [ 77.385312457188363, 23.787594180519847, 0.0 ], [ 77.384294237181948, 23.773550958938785, 0.0 ], [ 77.395023225992801, 23.766144886973876, 0.0 ] ] ] } },
{ "type": "Feature", "properties": { "Vill_LGD": "482137", "Villl_name": "Malkari", "Sub_dist": "BERASIA", "District": "BHOPAL" }, "geometry": { "type": "Polygon", "coordinates": [ [ [ 77.403759842021529, 23.770951538255385, 0.0 ], [ 77.405902638680416, 23.761458776134024, 0.0 ], [ 77.397245861021318, 23.762052005989347, 0.0 ], [ 77.394725000384369, 23.767078824983372, 0.0 ], [ 77.397260212813677, 23.775726103033193, 0.0 ], [ 77.400125008197932, 23.774953442789162, 0.0 ], [ 77.403759842021529, 23.770951538255385, 0.0 ] ] ] } },
{ "type": "Feature", "properties": { "Vill_LGD": "482143", "Villl_name": "Badbeli khurd", "Sub_dist": "BERASIA", "District": "BHOPAL" }, "geometry": { "type": "Polygon", "coordinates": [ [ [ 77.419110435776673, 23.781209920300878, 0.0 ], [ 77.415822164314051, 23.779862122716072, 0.0 ], [ 77.409436881323728, 23.780315409689532, 0.0 ], [ 77.403759842021529, 23.770951538255385, 0.0 ], [ 77.400125008197932, 23.774953442789162, 0.0 ], [ 77.397260212813677, 23.775726103033193, 0.0 ], [ 77.397534535158371, 23.779146641954874, 0.0 ], [ 77.405824576800853, 23.782301807697902, 0.0 ], [ 77.407460416558678, 23.787449255279242, 0.0 ], [ 77.410291974429384, 23.78526490947457, 0.0 ], [ 77.41143887460376, 23.787487326999152, 0.0 ], [ 77.413466353739622, 23.787558322951863, 0.0 ], [ 77.419167542337803, 23.783065901331177, 0.0 ], [ 77.419110435776673, 23.781209920300878, 0.0 ] ] ] } },
{ "type": "Feature", "properties": { "Vill_LGD": "482149", "Villl_name": "Bandrua", "Sub_dist": "BERASIA", "District": "BHOPAL" }, "geometry": { "type": "Polygon", "coordinates": [ [ [ 77.435550378418156, 23.776831531079065, 0.0 ], [ 77.435936198255121, 23.775364180881471, 0.0 ], [ 77.438633785160164, 23.775738129144358, 0.0 ], [ 77.437648191635972, 23.774070762961752, 0.0 ], [ 77.434921328754299, 23.774480030506531, 0.0 ], [ 77.434183696445416, 23.77012085685978, 0.0 ], [ 77.437372172909022, 23.768617038114058, 0.0 ], [ 77.437819908965167, 23.765079968985226, 0.0 ], [ 77.439550965948243, 23.764681409497165, 0.0 ], [ 77.445231930682425, 23.755930941774086, 0.0 ], [ 77.443973195464935, 23.74979312202699, 0.0 ], [ 77.439809138311887, 23.746711719694101, 0.0 ], [ 77.424205902159088, 23.75546575666657, 0.0 ], [ 77.421830223884896, 23.75940645247039, 0.0 ], [ 77.423681445098239, 23.763070821729254, 0.0 ], [ 77.422886705191132, 23.765512148991359, 0.0 ], [ 77.424880693412277, 23.766711396808596, 0.0 ], [ 77.421149698377164, 23.769052786998394, 0.0 ], [ 77.42598476324973, 23.773031244973769, 0.0 ], [ 77.426789021007963, 23.776219722967028, 0.0 ], [ 77.429572006209156, 23.776872852779135, 0.0 ], [ 77.432319417972224, 23.775171444305109, 0.0 ], [ 77.433361622336292, 23.777098808826661, 0.0 ], [ 77.435550378418156, 23.776831531079065, 0.0 ] ] ] } },
{ "type": "Feature", "properties": { "Vill_LGD": "482148", "Villl_name": "Tinoniya", "Sub_dist": "BERASIA", "District": "BHOPAL" }, "geometry": { "type": "Polygon", "coordinates": [ [ [ 77.419225903796075, 23.771055103195458, 0.0 ], [ 77.424880693412277, 23.766711396808596, 0.0 ], [ 77.422886705191132, 23.765512148991359, 0.0 ], [ 77.423681445098239, 23.763070821729254, 0.0 ], [ 77.42142571567679, 23.758573640397664, 0.0 ], [ 77.422348946857468, 23.757222106624344, 0.0 ], [ 77.419722021834374, 23.756708143262266, 0.0 ], [ 77.414420583012728, 23.759373139327568, 0.0 ], [ 77.415653142513392, 23.760862681702861, 0.0 ], [ 77.412953732541126, 23.763709198946984, 0.0 ], [ 77.405902638680416, 23.761458776134024, 0.0 ], [ 77.403759842021529, 23.770951538255385, 0.0 ], [ 77.408884648138397, 23.769835867286734, 0.0 ], [ 77.419225903796075, 23.771055103195458, 0.0 ] ] ] } },
{ "type": "Feature", "properties": { "Vill_LGD": "482132", "Villl_name": "Dariyapur", "Sub_dist": "BERASIA", "District": "BHOPAL" }, "geometry": { "type": "Polygon", "coordinates": [ [ [ 77.385529691207992, 23.755812316072745, 0.0 ], [ 77.393191686278286, 23.754647628989456, 0.0 ], [ 77.39022568777159, 23.749165548621626, 0.0 ], [ 77.387789713977682, 23.749718773926638, 0.0 ], [ 77.387221912650972, 23.747219596300624, 0.0 ], [ 77.373617261322494, 23.744384467247745, 0.0 ], [ 77.369801284028355, 23.746220222415385, 0.0 ], [ 77.377954955175966, 23.757146139932861, 0.0 ], [ 77.381896255797471, 23.757168607490168, 0.0 ], [ 77.383223995687715, 23.759445752734088, 0.0 ], [ 77.385115666109854, 23.758860405470617, 0.0 ], [ 77.385529691207992, 23.755812316072745, 0.0 ] ] ] } },
{ "type": "Feature", "properties": { "Vill_LGD": "482138", "Villl_name": "Kandi khedi", "Sub_dist": "BERASIA", "District": "BHOPAL" }, "geometry": { "type": "Polygon", "coordinates": [ [ [ 77.419722021834374, 23.756708143262266, 0.0 ], [ 77.416974794451164, 23.743604549658031, 0.0 ], [ 77.404349375540463, 23.744232727704919, 0.0 ], [ 77.402569537354125, 23.748111248479368, 0.0 ], [ 77.403955915565987, 23.752947147253686, 0.0 ], [ 77.403238507887096, 23.757390789919935, 0.0 ], [ 77.406609338227298, 23.762550948510082, 0.0 ], [ 77.409922737487847, 23.761951920256632, 0.0 ], [ 77.412953732541126, 23.763709198946984, 0.0 ], [ 77.415653142513392, 23.760862681702861, 0.0 ], [ 77.414420583012728, 23.759373139327568, 0.0 ], [ 77.419722021834374, 23.756708143262266, 0.0 ] ] ] } },
{ "type": "Feature", "properties": { "Vill_LGD": "482136", "Villl_name": "Sujanpura", "Sub_dist": "BERASIA", "District": "BHOPAL" }, "geometry": { "type": "Polygon", "coordinates": [ [ [ 77.405902638680416, 23.761458776134024, 0.0 ], [ 77.403238507887096, 23.757390789919935, 0.0 ], [ 77.403609362233269, 23.751030847878521, 0.0 ], [ 77.394261649565635, 23.751002295161548, 0.0 ], [ 77.392459207783673, 23.75213015864108, 0.0 ], [ 77.393244033713358, 23.754999788944549, 0.0 ], [ 77.390347712798231, 23.756016923868486, 0.0 ], [ 77.392732321580581, 23.759945439414004, 0.0 ], [ 77.396601324899024, 23.759003172377898, 0.0 ], [ 77.403489863769153, 23.762401043498354, 0.0 ], [ 77.405902638680416, 23.761458776134024, 0.0 ] ] ] } },
{ "type": "Feature", "properties": { "Vill_LGD": "482135", "Villl_name": "Gujartodi", "Sub_dist": "BERASIA", "District": "BHOPAL" }, "geometry": { "type": "Polygon", "coordinates": [ [ [ 77.392434171962591, 23.752957971458752, 0.0 ], [ 77.394261649565635, 23.751002295161548, 0.0 ], [ 77.403609362233269, 23.751030847878521, 0.0 ], [ 77.402569537354125, 23.748111248479368, 0.0 ], [ 77.404349375540463, 23.744232727704919, 0.0 ], [ 77.416974794451164, 23.743604549658031, 0.0 ], [ 77.41610790181123, 23.737163944774863, 0.0 ], [ 77.412291247229859, 23.732090933018135, 0.0 ], [ 77.409928271803821, 23.73178953305991, 0.0 ], [ 77.401592667793437, 23.736390807767265, 0.0 ], [ 77.394893294953334, 23.73796363226932, 0.0 ], [ 77.390990978118168, 23.741851671082916, 0.0 ], [ 77.387349983339561, 23.742746535640094, 0.0 ], [ 77.388677722315379, 23.744759558647733, 0.0 ], [ 77.387530821573577, 23.745958806807796, 0.0 ], [ 77.388385200055666, 23.747539894458658, 0.0 ], [ 77.386837929551518, 23.748186995952732, 0.0 ], [ 77.387846227296222, 23.749775285963114, 0.0 ], [ 77.39022568777159, 23.749165548621626, 0.0 ], [ 77.390650420406132, 23.751916007718965, 0.0 ], [ 77.392434171962591, 23.752957971458752, 0.0 ] ] ] } },
{ "type": "Feature", "properties": { "Vill_LGD": "482150", "Villl_name": "Berkhedi", "Sub_dist": "BERASIA", "District": "BHOPAL" }, "geometry": { "type": "Polygon", "coordinates": [ [ [ 77.445759579175544, 23.778041072439262, 0.0 ], [ 77.455031412646321, 23.772377036633465, 0.0 ], [ 77.453562522176654, 23.760224808432646, 0.0 ], [ 77.451154307102257, 23.754242737799458, 0.0 ], [ 77.443973195464935, 23.74979312202699, 0.0 ], [ 77.445208135054969, 23.756020171008362, 0.0 ], [ 77.439550965948243, 23.764681409497165, 0.0 ], [ 77.437819908965167, 23.765079968985226, 0.0 ], [ 77.437372172909022, 23.768617038114058, 0.0 ], [ 77.434183696445416, 23.77012085685978, 0.0 ], [ 77.434826150462328, 23.774322985057474, 0.0 ], [ 77.440194640872335, 23.774721145518384, 0.0 ], [ 77.445759579175544, 23.778041072439262, 0.0 ] ] ] } },
{ "type": "Feature", "properties": { "Vill_LGD": "482205", "Villl_name": "Karhaiya shah", "Sub_dist": "BERASIA", "District": "BHOPAL" }, "geometry": { "type": "Polygon", "coordinates": [ [ [ 77.415812622423445, 23.73665353294971, 0.0 ], [ 77.435872953283464, 23.73112347433517, 0.0 ], [ 77.439656296951213, 23.727155723401744, 0.0 ], [ 77.444629371205025, 23.725162924531226, 0.0 ], [ 77.446033253076877, 23.719416525840884, 0.0 ], [ 77.452433132464535, 23.718112924892896, 0.0 ], [ 77.445815899049933, 23.71545129425753, 0.0 ], [ 77.444302561001066, 23.706528314850203, 0.0 ], [ 77.442203876718295, 23.706471207847226, 0.0 ], [ 77.438502577746178, 23.702993096900979, 0.0 ], [ 77.431723421838385, 23.707914469485711, 0.0 ], [ 77.427794931517127, 23.709289799177295, 0.0 ], [ 77.423607079334531, 23.709539641919481, 0.0 ], [ 77.423664515349827, 23.708413709285161, 0.0 ], [ 77.418931845371631, 23.712739616086722, 0.0 ], [ 77.415872641846832, 23.711988108434436, 0.0 ], [ 77.406228713174883, 23.71670689039486, 0.0 ], [ 77.407130503495964, 23.719281155620273, 0.0 ], [ 77.405246682876637, 23.721319905375022, 0.0 ], [ 77.409928271803821, 23.73178953305991, 0.0 ], [ 77.412291247229859, 23.732090933018135, 0.0 ], [ 77.415812622423445, 23.73665353294971, 0.0 ] ] ] } },
{ "type": "Feature", "properties": { "Vill_LGD": "482139", "Villl_name": "Thikariya banramda", "Sub_dist": "BERASIA", "District": "BHOPAL" }, "geometry": { "type": "Polygon", "coordinates": [ [ [ 77.435282750713327, 23.749201183916416, 0.0 ], [ 77.428965379205863, 23.746683959743272, 0.0 ], [ 77.427264262456021, 23.743716375142288, 0.0 ], [ 77.425139999508659, 23.743131027817146, 0.0 ], [ 77.42250070367767, 23.735397704819786, 0.0 ], [ 77.415812622423445, 23.73665353294971, 0.0 ], [ 77.417198463948296, 23.74774481163227, 0.0 ], [ 77.419614156854735, 23.7565681713956, 0.0 ], [ 77.422348946857468, 23.757222106624344, 0.0 ], [ 77.421663661639883, 23.758830622875422, 0.0 ], [ 77.424205902159088, 23.75546575666657, 0.0 ], [ 77.435282750713327, 23.749201183916416, 0.0 ] ] ] } },
{ "type": "Feature", "properties": { "Vill_LGD": "482151", "Villl_name": "Indarpura", "Sub_dist": "BERASIA", "District": "BHOPAL" }, "geometry": { "type": "Polygon", "coordinates": [ [ [ 77.439809138311887, 23.746711719694101, 0.0 ], [ 77.440279914010901, 23.741787599181311, 0.0 ], [ 77.438447728832656, 23.738965557808672, 0.0 ], [ 77.439508968412355, 23.735886535633941, 0.0 ], [ 77.436489840700858, 23.730190718495933, 0.0 ], [ 77.431923048792072, 23.732967556888362, 0.0 ], [ 77.42250070367767, 23.735397704819786, 0.0 ], [ 77.425139999508659, 23.743131027817146, 0.0 ], [ 77.427264262456021, 23.743716375142288, 0.0 ], [ 77.428965379205863, 23.746683959743272, 0.0 ], [ 77.435282750713327, 23.749201183916416, 0.0 ], [ 77.439809138311887, 23.746711719694101, 0.0 ] ] ] } },
{ "type": "Feature", "properties": { "Vill_LGD": "482159", "Villl_name": "Hinotiya ghat", "Sub_dist": "BERASIA", "District": "BHOPAL" }, "geometry": { "type": "Polygon", "coordinates": [ [ [ 77.498349710142733, 23.774747520658515, 0.0 ], [ 77.506575410826912, 23.772539786283058, 0.0 ], [ 77.510823623933092, 23.764497334781872, 0.0 ], [ 77.516234785837426, 23.761467356424113, 0.0 ], [ 77.511847888442517, 23.75333634186283, 0.0 ], [ 77.51253793375551, 23.750350118029282, 0.0 ], [ 77.504919585735777, 23.752166136369496, 0.0 ], [ 77.496396357079973, 23.748996694573208, 0.0 ], [ 77.489795731767117, 23.752334126353862, 0.0 ], [ 77.486946338884295, 23.749116608404051, 0.0 ], [ 77.482271936500268, 23.751705550761429, 0.0 ], [ 77.480958472240303, 23.754217071539468, 0.0 ], [ 77.478126525356558, 23.754159517189851, 0.0 ], [ 77.481287545552533, 23.760040444184419, 0.0 ], [ 77.48130182249318, 23.762082021923312, 0.0 ], [ 77.480099629183158, 23.761983755352425, 0.0 ], [ 77.481306062383979, 23.764172957022481, 0.0 ], [ 77.489326793212143, 23.766309952221388, 0.0 ], [ 77.491179413065495, 23.76943161341574, 0.0 ], [ 77.49450925999821, 23.770043327127812, 0.0 ], [ 77.498349710142733, 23.774747520658515, 0.0 ] ] ] } },
{ "type": "Feature", "properties": { "Vill_LGD": "482175", "Villl_name": "Mundla chahan", "Sub_dist": "BERASIA", "District": "BHOPAL" }, "geometry": { "type": "Polygon", "coordinates": [ [ [ 77.473904680113847, 23.756986022335806, 0.0 ], [ 77.48130182249318, 23.762082021923312, 0.0 ], [ 77.480145403351116, 23.757028047536402, 0.0 ], [ 77.474877276460333, 23.749903939920536, 0.0 ], [ 77.47473451065062, 23.746377578919112, 0.0 ], [ 77.46979847260377, 23.74569436868801, 0.0 ], [ 77.467903077122983, 23.74018860130213, 0.0 ], [ 77.465361812500234, 23.73780438120545, 0.0 ], [ 77.455426452481333, 23.743620417965577, 0.0 ], [ 77.448739019350455, 23.751797152601849, 0.0 ], [ 77.451154307102257, 23.754242737799458, 0.0 ], [ 77.454104170308966, 23.76294213461637, 0.0 ], [ 77.467285086982287, 23.755969710491936, 0.0 ], [ 77.473904680113847, 23.756986022335806, 0.0 ] ] ] } },
{ "type": "Feature", "properties": { "Vill_LGD": "482208", "Villl_name": "Dhekpur", "Sub_dist": "BERASIA", "District": "BHOPAL" }, "geometry": { "type": "Polygon", "coordinates": [ [ [ 77.452509179278039, 23.679226445106895, 0.0 ], [ 77.450571131122757, 23.67437475582339, 0.0 ], [ 77.422058102242843, 23.667497146740157, 0.0 ], [ 77.427588374727236, 23.683340973017099, 0.0 ], [ 77.425646734311755, 23.687424129054914, 0.0 ], [ 77.429763201576492, 23.689765517981929, 0.0 ], [ 77.430881548722283, 23.692140219741795, 0.0 ], [ 77.437302065948202, 23.692656154160208, 0.0 ], [ 77.452509179278039, 23.679226445106895, 0.0 ] ] ] } },
{ "type": "Feature", "properties": { "Vill_LGD": "482156", "Villl_name": "Khejra misar", "Sub_dist": "BERASIA", "District": "BHOPAL" }, "geometry": { "type": "Polygon", "coordinates": [ [ [ 77.45103565648877, 23.717057354752335, 0.0 ], [ 77.45032033596199, 23.714658793537449, 0.0 ], [ 77.455471868871612, 23.709745206195386, 0.0 ], [ 77.45679008961207, 23.70631997135018, 0.0 ], [ 77.467362035300454, 23.698938883946582, 0.0 ], [ 77.468332855677644, 23.696347651375866, 0.0 ], [ 77.457527723036307, 23.678798173337285, 0.0 ], [ 77.452509179278039, 23.679226445106895, 0.0 ], [ 77.435640470563953, 23.693748736840853, 0.0 ], [ 77.437347972222028, 23.698921208113866, 0.0 ], [ 77.438963051689555, 23.699689744462312, 0.0 ], [ 77.438035060984731, 23.702602205157849, 0.0 ], [ 77.444759418313765, 23.707142216157628, 0.0 ], [ 77.445815899049933, 23.71545129425753, 0.0 ], [ 77.449199491751031, 23.717835514632011, 0.0 ], [ 77.45103565648877, 23.717057354752335, 0.0 ] ] ] } },
{ "type": "Feature", "properties": { "Vill_LGD": "482248", "Villl_name": "Chakkheda", "Sub_dist": "BERASIA", "District": "BHOPAL" }, "geometry": { "type": "Polygon", "coordinates": [ [ [ 77.366069260697699, 23.582342073295024, 0.0 ], [ 77.371675271485273, 23.577088222468817, 0.0 ], [ 77.369573620993606, 23.575000161849587, 0.0 ], [ 77.371148824824317, 23.57509058226864, 0.0 ], [ 77.370035236486615, 23.572668289895194, 0.0 ], [ 77.36012240127063, 23.57018889227686, 0.0 ], [ 77.354120210694688, 23.573793775604205, 0.0 ], [ 77.356202826157798, 23.583778077722041, 0.0 ], [ 77.366069260697699, 23.582342073295024, 0.0 ] ] ] } },
{ "type": "Feature", "properties": { "Vill_LGD": "482250", "Villl_name": "Nalkheda", "Sub_dist": "BERASIA", "District": "BHOPAL" }, "geometry": { "type": "Polygon", "coordinates": [ [ [ 77.392007771110627, 23.602458881662773, 0.0 ], [ 77.40383722761419, 23.59877599610294, 0.0 ], [ 77.39814850494723, 23.591348485175324, 0.0 ], [ 77.400268604773814, 23.588060069990519, 0.0 ], [ 77.399897409218866, 23.583091755207199, 0.0 ], [ 77.398384072571446, 23.579158506099887, 0.0 ], [ 77.393699150642192, 23.57759436681733, 0.0 ], [ 77.380250437901097, 23.579521731020108, 0.0 ], [ 77.382428055685779, 23.582011328011351, 0.0 ], [ 77.382374518162393, 23.585027294834678, 0.0 ], [ 77.383308456024309, 23.584325353883994, 0.0 ], [ 77.384730183833327, 23.586080205498874, 0.0 ], [ 77.382892051179425, 23.587591163813684, 0.0 ], [ 77.383338200770496, 23.589048584114423, 0.0 ], [ 77.369532114137698, 23.593609106793927, 0.0 ], [ 77.369461612120887, 23.601197796310768, 0.0 ], [ 77.387259793577343, 23.607416648148874, 0.0 ], [ 77.393339160353804, 23.605746573064856, 0.0 ], [ 77.392007771110627, 23.602458881662773, 0.0 ] ] ] } },
{ "type": "Feature", "properties": { "Vill_LGD": "482241", "Villl_name": "Goria sankheda", "Sub_dist": "BERASIA", "District": "BHOPAL" }, "geometry": { "type": "Polygon", "coordinates": [ [ [ 77.320071250954868, 23.575128012236629, 0.0 ], [ 77.322090009283471, 23.568376218386021, 0.0 ], [ 77.327990931841526, 23.562920839727585, 0.0 ], [ 77.328786750553178, 23.556836537695808, 0.0 ], [ 77.326916494415144, 23.554100158505072, 0.0 ], [ 77.313662895325621, 23.560829274231608, 0.0 ], [ 77.303764337278224, 23.556636664181983, 0.0 ], [ 77.291986559280687, 23.567493379678019, 0.0 ], [ 77.295460719786888, 23.574672105102088, 0.0 ], [ 77.300525076835498, 23.576875001753397, 0.0 ], [ 77.308358263600084, 23.57786128922778, 0.0 ], [ 77.320071250954868, 23.575128012236629, 0.0 ] ] ] } },
{ "type": "Feature", "properties": { "Vill_LGD": "482290", "Villl_name": "Jafrabad", "Sub_dist": "BERASIA", "District": "BHOPAL" }, "geometry": { "type": "Polygon", "coordinates": [ [ [ 77.324629503757762, 23.527062395763789, 0.0 ], [ 77.324656920875498, 23.52571551989972, 0.0 ], [ 77.323425550275545, 23.526568556853324, 0.0 ], [ 77.321291173457936, 23.524769684508193, 0.0 ], [ 77.322407786981657, 23.523516351119746, 0.0 ], [ 77.320416178274655, 23.521328436930332, 0.0 ], [ 77.321690380000376, 23.520132757312801, 0.0 ], [ 77.321190693659489, 23.516117416490346, 0.0 ], [ 77.318145203541746, 23.513973897772555, 0.0 ], [ 77.317914174808962, 23.508911219136792, 0.0 ], [ 77.315894012838356, 23.50580245259291, 0.0 ], [ 77.312299837213118, 23.504310531148747, 0.0 ], [ 77.305087690578503, 23.508011783129405, 0.0 ], [ 77.302767715946445, 23.507720299687296, 0.0 ], [ 77.302749935071475, 23.511376446646491, 0.0 ], [ 77.305456507620136, 23.514168637721777, 0.0 ], [ 77.307972786797194, 23.529290112710637, 0.0 ], [ 77.315420943994098, 23.527093822557767, 0.0 ], [ 77.324629503757762, 23.527062395763789, 0.0 ] ] ] } },
{ "type": "Feature", "properties": { "Vill_LGD": "482243", "Villl_name": "Junapani", "Sub_dist": "BERASIA", "District": "BHOPAL" }, "geometry": { "type": "Polygon", "coordinates": [ [ [ 77.305902284432932, 23.535009742397811, 0.0 ], [ 77.307972786797194, 23.529290112710637, 0.0 ], [ 77.305456507620136, 23.514168637721777, 0.0 ], [ 77.302749935071475, 23.511376446646491, 0.0 ], [ 77.302767715946445, 23.507720299687296, 0.0 ], [ 77.288473644581558, 23.510361959443998, 0.0 ], [ 77.290248390583884, 23.52097341404664, 0.0 ], [ 77.288289305052032, 23.529776422582444, 0.0 ], [ 77.291065298522625, 23.536330426135471, 0.0 ], [ 77.305902284432932, 23.535009742397811, 0.0 ] ] ] } },
{ "type": "Feature", "properties": { "Vill_LGD": "482285", "Villl_name": "Barkhedi baramad", "Sub_dist": "BERASIA", "District": "BHOPAL" }, "geometry": { "type": "Polygon", "coordinates": [ [ [ 77.336128257821159, 23.536703426928479, 0.0 ], [ 77.341771511549993, 23.529382526894633, 0.0 ], [ 77.349001742187369, 23.525405495978227, 0.0 ], [ 77.351381202959928, 23.525533986698427, 0.0 ], [ 77.348939876262904, 23.52191244764844, 0.0 ], [ 77.346912574169679, 23.523097419437075, 0.0 ], [ 77.339874129987251, 23.520965421304457, 0.0 ], [ 77.328678765249364, 23.526697544103286, 0.0 ], [ 77.324629503757762, 23.527062395763789, 0.0 ], [ 77.328674513248743, 23.529594936584001, 0.0 ], [ 77.327515288293597, 23.531004328230178, 0.0 ], [ 77.32904171240007, 23.530613502073855, 0.0 ], [ 77.329455738569806, 23.532969167266646, 0.0 ], [ 77.330964317100609, 23.533897158578494, 0.0 ], [ 77.33193513706901, 23.532826400994011, 0.0 ], [ 77.336128257821159, 23.536703426928479, 0.0 ] ] ] } },
{ "type": "Feature", "properties": { "Vill_LGD": "482242", "Villl_name": "Gangapipalya", "Sub_dist": "BERASIA", "District": "BHOPAL" }, "geometry": { "type": "Polygon", "coordinates": [ [ [ 77.291986559280687, 23.567493379678019, 0.0 ], [ 77.305337740599967, 23.553853835431333, 0.0 ], [ 77.303400858968544, 23.551488652242938, 0.0 ], [ 77.305285392332891, 23.550175190798036, 0.0 ], [ 77.306622649226668, 23.544659598976196, 0.0 ], [ 77.305902284432932, 23.535009742397811, 0.0 ], [ 77.291065298522625, 23.536330426135471, 0.0 ], [ 77.288668661400507, 23.541329837466741, 0.0 ], [ 77.287112502108585, 23.54165172733838, 0.0 ], [ 77.287852038690019, 23.545615909200627, 0.0 ], [ 77.283122332534035, 23.55264601695426, 0.0 ], [ 77.28348810627422, 23.555559676143613, 0.0 ], [ 77.282029459886814, 23.557090164147642, 0.0 ], [ 77.291986559280687, 23.567493379678019, 0.0 ] ] ] } },
{ "type": "Feature", "properties": { "Vill_LGD": "482245", "Villl_name": "Barri gujar", "Sub_dist": "BERASIA", "District": "BHOPAL" }, "geometry": { "type": "Polygon", "coordinates": [ [ [ 77.358693365575164, 23.561426331747757, 0.0 ], [ 77.354049848234169, 23.55839965780568, 0.0 ], [ 77.352065377172622, 23.552885256976047, 0.0 ], [ 77.34696143338563, 23.550012058159403, 0.0 ], [ 77.344740207091291, 23.542479873980572, 0.0 ], [ 77.342760494718291, 23.542931971061162, 0.0 ], [ 77.340295372877819, 23.540343118573176, 0.0 ], [ 77.336045656488949, 23.539338984361319, 0.0 ], [ 77.333885105531394, 23.540562027276817, 0.0 ], [ 77.33339493658562, 23.543317444667093, 0.0 ], [ 77.328605498455531, 23.544247754366339, 0.0 ], [ 77.326832600563932, 23.550701050388511, 0.0 ], [ 77.328786750553178, 23.556836537695808, 0.0 ], [ 77.327990931841526, 23.562920839727585, 0.0 ], [ 77.336929279080508, 23.560182783641114, 0.0 ], [ 77.350839608408251, 23.563152350256171, 0.0 ], [ 77.358693365575164, 23.561426331747757, 0.0 ] ] ] } },
{ "type": "Feature", "properties": { "Vill_LGD": "482246", "Villl_name": "Maholi", "Sub_dist": "BERASIA", "District": "BHOPAL" }, "geometry": { "type": "Polygon", "coordinates": [ [ [ 77.327643006391213, 23.546247690837493, 0.0 ], [ 77.329044507808987, 23.543876558192647, 0.0 ], [ 77.33339493658562, 23.543317444667093, 0.0 ], [ 77.333885105531394, 23.540562027276817, 0.0 ], [ 77.33739362133386, 23.53907010605241, 0.0 ], [ 77.33193513706901, 23.532826400994011, 0.0 ], [ 77.330764442802447, 23.533854328110127, 0.0 ], [ 77.32904171240007, 23.530613502073855, 0.0 ], [ 77.328122050515177, 23.531215505385234, 0.0 ], [ 77.327556928955431, 23.531090583701268, 0.0 ], [ 77.327978550510309, 23.528986683401428, 0.0 ], [ 77.322125076504577, 23.526711918906138, 0.0 ], [ 77.307972786797194, 23.529290112710637, 0.0 ], [ 77.305847341154504, 23.535559825447098, 0.0 ], [ 77.306788219994402, 23.541871861999375, 0.0 ], [ 77.312161042837587, 23.541291273276681, 0.0 ], [ 77.327643006391213, 23.546247690837493, 0.0 ] ] ] } },
{ "type": "Feature", "properties": { "Vill_LGD": "482252", "Villl_name": "Hiran khedi", "Sub_dist": "BERASIA", "District": "BHOPAL" }, "geometry": { "type": "Polygon", "coordinates": [ [ [ 77.386830491726101, 23.552632558081701, 0.0 ], [ 77.378591608725969, 23.548950341747421, 0.0 ], [ 77.360000880442769, 23.561623827341073, 0.0 ], [ 77.35156296509966, 23.563176145491223, 0.0 ], [ 77.340117757149898, 23.561643772068464, 0.0 ], [ 77.340966550803003, 23.566307991381155, 0.0 ], [ 77.346115704142647, 23.573379748422184, 0.0 ], [ 77.352549767382428, 23.574816943638094, 0.0 ], [ 77.360631605164102, 23.570203168377414, 0.0 ], [ 77.369968610434981, 23.572620701239146, 0.0 ], [ 77.371148824824317, 23.57509058226864, 0.0 ], [ 77.382377331688261, 23.56158171100666, 0.0 ], [ 77.386830491726101, 23.552632558081701, 0.0 ] ] ] } },
{ "type": "Feature", "properties": { "Vill_LGD": "482244", "Villl_name": "Dhamarra", "Sub_dist": "BERASIA", "District": "BHOPAL" }, "geometry": { "type": "Polygon", "coordinates": [ [ [ 77.378508327227777, 23.549009829273579, 0.0 ], [ 77.37757332559687, 23.540210516725509, 0.0 ], [ 77.379115216193753, 23.533750280465597, 0.0 ], [ 77.382377457012154, 23.529360175153865, 0.0 ], [ 77.377573325330545, 23.527903944125026, 0.0 ], [ 77.365966314742906, 23.53062604764246, 0.0 ], [ 77.354687669099391, 23.526914089410113, 0.0 ], [ 77.353364688742786, 23.525210395241452, 0.0 ], [ 77.349106437845577, 23.525376942294169, 0.0 ], [ 77.341771511549993, 23.529382526894633, 0.0 ], [ 77.335913596570464, 23.537185572598041, 0.0 ], [ 77.337325806311526, 23.540462090610127, 0.0 ], [ 77.33968623136677, 23.540057582861575, 0.0 ], [ 77.342760494718291, 23.542931971061162, 0.0 ], [ 77.344816349774973, 23.542536980936578, 0.0 ], [ 77.34696143338563, 23.550012058159403, 0.0 ], [ 77.352065377172622, 23.552885256976047, 0.0 ], [ 77.354049848234169, 23.55839965780568, 0.0 ], [ 77.358930122054247, 23.561671416237282, 0.0 ], [ 77.378508327227777, 23.549009829273579, 0.0 ] ] ] } },
{ "type": "Feature", "properties": { "Vill_LGD": "482287", "Villl_name": "Rondia", "Sub_dist": "BERASIA", "District": "BHOPAL" }, "geometry": { "type": "Polygon", "coordinates": [ [ [ 77.340000521921866, 23.520989727357112, 0.0 ], [ 77.339968631620792, 23.508495150931054, 0.0 ], [ 77.335157938716463, 23.500660499884457, 0.0 ], [ 77.323070535595747, 23.497150071127635, 0.0 ], [ 77.318482934938373, 23.498972737343099, 0.0 ], [ 77.312719289418183, 23.504492308323368, 0.0 ], [ 77.315894012838356, 23.50580245259291, 0.0 ], [ 77.317914174808962, 23.508911219136792, 0.0 ], [ 77.318145203541746, 23.513973897772555, 0.0 ], [ 77.321190693659489, 23.516117416490346, 0.0 ], [ 77.321690380000376, 23.520132757312801, 0.0 ], [ 77.320416178274655, 23.521328436930332, 0.0 ], [ 77.322407786981657, 23.523516351119746, 0.0 ], [ 77.321291173457936, 23.524769684508193, 0.0 ], [ 77.323354166374386, 23.526529296359733, 0.0 ], [ 77.324410646996881, 23.525554907115392, 0.0 ], [ 77.326259785819943, 23.527521531098575, 0.0 ], [ 77.340000521921866, 23.520989727357112, 0.0 ] ] ] } },
{ "type": "Feature", "properties": { "Vill_LGD": "482291", "Villl_name": "Kalara", "Sub_dist": "BERASIA", "District": "BHOPAL" }, "geometry": { "type": "Polygon", "coordinates": [ [ [ 77.295214978407373, 23.50816464465376, 0.0 ], [ 77.311421815986577, 23.505509780401223, 0.0 ], [ 77.319805913674955, 23.49834931859565, 0.0 ], [ 77.323070535595747, 23.497150071127635, 0.0 ], [ 77.327620238482766, 23.497928457748571, 0.0 ], [ 77.324704767642473, 23.478130989369063, 0.0 ], [ 77.32011716699742, 23.472805755571436, 0.0 ], [ 77.312031759577366, 23.471002123893197, 0.0 ], [ 77.303094502683081, 23.47184445431094, 0.0 ], [ 77.299720428434213, 23.470854598452842, 0.0 ], [ 77.297323030856461, 23.468109455504749, 0.0 ], [ 77.285847698982707, 23.468450928520284, 0.0 ], [ 77.282860130727229, 23.470374423794553, 0.0 ], [ 77.28314994938718, 23.47597424805604, 0.0 ], [ 77.28890743334901, 23.490795947717576, 0.0 ], [ 77.296608637845708, 23.500384066094703, 0.0 ], [ 77.297384817647313, 23.505350952499544, 0.0 ], [ 77.295214978407373, 23.50816464465376, 0.0 ] ] ] } },
{ "type": "Feature", "properties": { "Vill_LGD": "482154", "Villl_name": "Jamusar kalan", "Sub_dist": "BERASIA", "District": "BHOPAL" }, "geometry": { "type": "Polygon", "coordinates": [ [ [ 77.482271936500268, 23.751705550761429, 0.0 ], [ 77.492746085232071, 23.743130726665331, 0.0 ], [ 77.495620474593721, 23.743135485790116, 0.0 ], [ 77.499333623038041, 23.738104116551089, 0.0 ], [ 77.497817906058472, 23.723415703781654, 0.0 ], [ 77.498800586781115, 23.719013760150311, 0.0 ], [ 77.493013380840907, 23.711165702707124, 0.0 ], [ 77.483158843711905, 23.71491692267054, 0.0 ], [ 77.4712591597781, 23.716637273112806, 0.0 ], [ 77.459926975826619, 23.715891312717154, 0.0 ], [ 77.452433132464535, 23.718112924892896, 0.0 ], [ 77.453383605384275, 23.723242080126038, 0.0 ], [ 77.457081289170745, 23.724555542009831, 0.0 ], [ 77.459151419898575, 23.731879522764409, 0.0 ], [ 77.462192370366324, 23.73362128925665, 0.0 ], [ 77.46040777481916, 23.734806259976544, 0.0 ], [ 77.46037922182316, 23.737276141410799, 0.0 ], [ 77.462926514020296, 23.738951916271425, 0.0 ], [ 77.465818669235659, 23.738018532978309, 0.0 ], [ 77.46979847260377, 23.74569436868801, 0.0 ], [ 77.474570327443729, 23.746127736217243, 0.0 ], [ 77.475177089533105, 23.750596363467917, 0.0 ], [ 77.478126525356558, 23.754159517189851, 0.0 ], [ 77.480958472240303, 23.754217071539468, 0.0 ], [ 77.482271936500268, 23.751705550761429, 0.0 ] ] ] } },
{ "type": "Feature", "properties": { "Vill_LGD": "482161", "Villl_name": "Suhaya", "Sub_dist": "BERASIA", "District": "BHOPAL" }, "geometry": { "type": "Polygon", "coordinates": [ [ [ 77.51253793375551, 23.750350118029282, 0.0 ], [ 77.519866673229956, 23.739928079385237, 0.0 ], [ 77.522936177484041, 23.738764126119136, 0.0 ], [ 77.522263979743101, 23.734397814731491, 0.0 ], [ 77.523899858852843, 23.732916601075726, 0.0 ], [ 77.526124655068401, 23.731298566820652, 0.0 ], [ 77.531228599470722, 23.731423489046833, 0.0 ], [ 77.535166606926907, 23.728853670571567, 0.0 ], [ 77.53417318153403, 23.725445093215153, 0.0 ], [ 77.539979067370851, 23.725760371633225, 0.0 ], [ 77.540413319573645, 23.724695562323848, 0.0 ], [ 77.536433670059054, 23.721745030653054, 0.0 ], [ 77.532864477997705, 23.711150481110138, 0.0 ], [ 77.525868862928732, 23.71488028615974, 0.0 ], [ 77.515707883975196, 23.712129919936636, 0.0 ], [ 77.510218466174734, 23.71347193675016, 0.0 ], [ 77.508462425566165, 23.712072813659379, 0.0 ], [ 77.501907009454825, 23.718880451300755, 0.0 ], [ 77.498819658356254, 23.719308753297895, 0.0 ], [ 77.497817906058472, 23.723415703781654, 0.0 ], [ 77.499190855152918, 23.738580008177181, 0.0 ], [ 77.495620474593721, 23.743135485790116, 0.0 ], [ 77.492746085232071, 23.743130726665331, 0.0 ], [ 77.486987968643959, 23.749259862079377, 0.0 ], [ 77.489795731767117, 23.752334126353862, 0.0 ], [ 77.496396357079973, 23.748996694573208, 0.0 ], [ 77.504919585735777, 23.752166136369496, 0.0 ], [ 77.51253793375551, 23.750350118029282, 0.0 ] ] ] } },
{ "type": "Feature", "properties": { "Vill_LGD": "482165", "Villl_name": "Vichhnai", "Sub_dist": "BERASIA", "District": "BHOPAL" }, "geometry": { "type": "Polygon", "coordinates": [ [ [ 77.573376679440074, 23.767035624741613, 0.0 ], [ 77.576665093649396, 23.763243716552015, 0.0 ], [ 77.576036916997168, 23.760835702505336, 0.0 ], [ 77.579500453207388, 23.760476256999922, 0.0 ], [ 77.57999187812473, 23.755545267964994, 0.0 ], [ 77.570607759937417, 23.755313983596309, 0.0 ], [ 77.56452942694321, 23.757269901535437, 0.0 ], [ 77.562248269841376, 23.759986950022203, 0.0 ], [ 77.562207489156904, 23.765498493731631, 0.0 ], [ 77.573376679440074, 23.767035624741613, 0.0 ] ] ] } },
{ "type": "Feature", "properties": { "Vill_LGD": "482160", "Villl_name": "Dohaya", "Sub_dist": "BERASIA", "District": "BHOPAL" }, "geometry": { "type": "Polygon", "coordinates": [ [ [ 77.527213065516506, 23.761588077976608, 0.0 ], [ 77.524203431784585, 23.760530545865393, 0.0 ], [ 77.526876757555783, 23.753467116267309, 0.0 ], [ 77.533905683661558, 23.751022220070279, 0.0 ], [ 77.53711795744583, 23.747928919710226, 0.0 ], [ 77.54744957610562, 23.7473768851467, 0.0 ], [ 77.550372427405065, 23.744448522008568, 0.0 ], [ 77.545394594659811, 23.74281145296797, 0.0 ], [ 77.542991339630163, 23.730770191019523, 0.0 ], [ 77.538640619990915, 23.725593809220822, 0.0 ], [ 77.53417318153403, 23.725445093215153, 0.0 ], [ 77.535166606926907, 23.728853670571567, 0.0 ], [ 77.531228599470722, 23.731423489046833, 0.0 ], [ 77.526124655068401, 23.731298566820652, 0.0 ], [ 77.522263979743101, 23.734397814731491, 0.0 ], [ 77.522936177484041, 23.738764126119136, 0.0 ], [ 77.519866673229956, 23.739928079385237, 0.0 ], [ 77.516452146438624, 23.744008855780439, 0.0 ], [ 77.51182409443274, 23.752527324527058, 0.0 ], [ 77.516234785837426, 23.761467356424113, 0.0 ], [ 77.524190841185529, 23.763262989673226, 0.0 ], [ 77.527213065516506, 23.761588077976608, 0.0 ] ] ] } },
{ "type": "Feature", "properties": { "Vill_LGD": "482166", "Villl_name": "Dhaturiya", "Sub_dist": "BERASIA", "District": "BHOPAL" }, "geometry": { "type": "Polygon", "coordinates": [ [ [ 77.580430817608473, 23.757720107237773, 0.0 ], [ 77.588394225126109, 23.754694831139339, 0.0 ], [ 77.590548860721611, 23.751465117958919, 0.0 ], [ 77.583526290284397, 23.740588395814918, 0.0 ], [ 77.579842319363877, 23.73948704838245, 0.0 ], [ 77.572782854781451, 23.733562984423955, 0.0 ], [ 77.569503957788839, 23.73784125544298, 0.0 ], [ 77.570042906004446, 23.743893413774384, 0.0 ], [ 77.568668767286169, 23.747278196712241, 0.0 ], [ 77.553117127062436, 23.753331743404594, 0.0 ], [ 77.559121328153793, 23.759186973806528, 0.0 ], [ 77.56216703798296, 23.75998647130827, 0.0 ], [ 77.56452942694321, 23.757269901535437, 0.0 ], [ 77.570732682026716, 23.755296138302562, 0.0 ], [ 77.57999187812473, 23.755545267964994, 0.0 ], [ 77.580430817608473, 23.757720107237773, 0.0 ] ] ] } },
{ "type": "Feature", "properties": { "Vill_LGD": "482172", "Villl_name": "Khejra ghat", "Sub_dist": "BERASIA", "District": "BHOPAL" }, "geometry": { "type": "Polygon", "coordinates": [ [ [ 77.614368843518847, 23.713408185856309, 0.0 ], [ 77.607448479409797, 23.71117199763729, 0.0 ], [ 77.603208279284289, 23.714726913398611, 0.0 ], [ 77.598073149243135, 23.714651515069576, 0.0 ], [ 77.599419781747173, 23.715519472677848, 0.0 ], [ 77.59882015657756, 23.718162259923847, 0.0 ], [ 77.601232930200609, 23.726128695615412, 0.0 ], [ 77.603155086155752, 23.727287399547112, 0.0 ], [ 77.616814929872646, 23.724786767973608, 0.0 ], [ 77.614368843518847, 23.713408185856309, 0.0 ] ] ] } },
{ "type": "Feature", "properties": { "Vill_LGD": "482162", "Villl_name": "Khejda padhar", "Sub_dist": "BERASIA", "District": "BHOPAL" }, "geometry": { "type": "Polygon", "coordinates": [ [ [ 77.554373491138804, 23.74419986841183, 0.0 ], [ 77.555409667570089, 23.742038365873569, 0.0 ], [ 77.559849740611881, 23.741867045215422, 0.0 ], [ 77.561777104105872, 23.740282324002397, 0.0 ], [ 77.560320873908438, 23.734100484125651, 0.0 ], [ 77.563490316140644, 23.730616953178671, 0.0 ], [ 77.563276165106601, 23.727290466158959, 0.0 ], [ 77.555318851284667, 23.724405171527298, 0.0 ], [ 77.540413319573645, 23.724695562323848, 0.0 ], [ 77.539846881531517, 23.726637066852035, 0.0 ], [ 77.542991339630163, 23.730770191019523, 0.0 ], [ 77.545394594659811, 23.74281145296797, 0.0 ], [ 77.55058538936693, 23.744999367917604, 0.0 ], [ 77.554373491138804, 23.74419986841183, 0.0 ] ] ] } },
{ "type": "Feature", "properties": { "Vill_LGD": "482164", "Villl_name": "Manpura", "Sub_dist": "BERASIA", "District": "BHOPAL" }, "geometry": { "type": "Polygon", "coordinates": [ [ [ 77.536910941642674, 23.759077756784407, 0.0 ], [ 77.540858250005343, 23.755244251129156, 0.0 ], [ 77.545234793975879, 23.757866371986221, 0.0 ], [ 77.554532501321248, 23.755635517996176, 0.0 ], [ 77.552479439843225, 23.751880768300897, 0.0 ], [ 77.554735168604026, 23.747921345660192, 0.0 ], [ 77.554373491138804, 23.74419986841183, 0.0 ], [ 77.549246068884869, 23.744783273344197, 0.0 ], [ 77.544992783412397, 23.748156159082392, 0.0 ], [ 77.541882826513671, 23.748499991746762, 0.0 ], [ 77.540960786409158, 23.74691170110621, 0.0 ], [ 77.539271369124677, 23.748726039312913, 0.0 ], [ 77.536945446290957, 23.748012202105254, 0.0 ], [ 77.533905683661558, 23.751022220070279, 0.0 ], [ 77.526876757555783, 23.753467116267309, 0.0 ], [ 77.524203431784585, 23.760530545865393, 0.0 ], [ 77.527213065516506, 23.761588077976608, 0.0 ], [ 77.527673410258927, 23.759434884639809, 0.0 ], [ 77.531272117128879, 23.760564680979055, 0.0 ], [ 77.536910941642674, 23.759077756784407, 0.0 ] ] ] } },
{ "type": "Feature", "properties": { "Vill_LGD": "482169", "Villl_name": "Pura khana", "Sub_dist": "BERASIA", "District": "BHOPAL" }, "geometry": { "type": "Polygon", "coordinates": [ [ [ 77.608849684225774, 23.748100827030484, 0.0 ], [ 77.610710422124171, 23.745369204636663, 0.0 ], [ 77.606491981301218, 23.732861493642854, 0.0 ], [ 77.594934844323944, 23.736779657407858, 0.0 ], [ 77.592493516486101, 23.736322801937057, 0.0 ], [ 77.583394457407138, 23.740862812608533, 0.0 ], [ 77.590548860721611, 23.751465117958919, 0.0 ], [ 77.608849684225774, 23.748100827030484, 0.0 ] ] ] } },
{ "type": "Feature", "properties": { "Vill_LGD": "482171", "Villl_name": "Arjunkhedi", "Sub_dist": "BERASIA", "District": "BHOPAL" }, "geometry": { "type": "Polygon", "coordinates": [ [ [ 77.601943626463779, 23.733414624969637, 0.0 ], [ 77.599419781747173, 23.715519472677848, 0.0 ], [ 77.593043221681313, 23.711400426693078, 0.0 ], [ 77.587960692922522, 23.711514641544177, 0.0 ], [ 77.583249360353221, 23.716325910160574, 0.0 ], [ 77.586507110377525, 23.720864039168937, 0.0 ], [ 77.588887760408198, 23.730954142481888, 0.0 ], [ 77.591523013913317, 23.735421580450073, 0.0 ], [ 77.594934844323944, 23.736779657407858, 0.0 ], [ 77.601943626463779, 23.733414624969637, 0.0 ] ] ] } },
{ "type": "Feature", "properties": { "Vill_LGD": "482167", "Villl_name": "Khai kheda", "Sub_dist": "BERASIA", "District": "BHOPAL" }, "geometry": { "type": "Polygon", "coordinates": [ [ [ 77.569174402407327, 23.740431297961212, 0.0 ], [ 77.561891318335981, 23.739705563018493, 0.0 ], [ 77.559849740611881, 23.741867045215422, 0.0 ], [ 77.555409667570089, 23.742038365873569, 0.0 ], [ 77.552926777665775, 23.753127605677605, 0.0 ], [ 77.568502205085665, 23.747444760559929, 0.0 ], [ 77.570042906004446, 23.743893413774384, 0.0 ], [ 77.569174402407327, 23.740431297961212, 0.0 ] ] ] } },
{ "type": "Feature", "properties": { "Vill_LGD": "482168", "Villl_name": "Dojyai", "Sub_dist": "BERASIA", "District": "BHOPAL" }, "geometry": { "type": "Polygon", "coordinates": [ [ [ 77.569174402407327, 23.740431297961212, 0.0 ], [ 77.57128855394879, 23.734400554241176, 0.0 ], [ 77.575847600980993, 23.730978889659873, 0.0 ], [ 77.576542403031013, 23.724249773992057, 0.0 ], [ 77.574714976310716, 23.72301483312653, 0.0 ], [ 77.578938520908181, 23.722063049658907, 0.0 ], [ 77.576692118216116, 23.720304746722867, 0.0 ], [ 77.571585243391709, 23.720152084492181, 0.0 ], [ 77.565903089999409, 23.722864669539387, 0.0 ], [ 77.563647361517795, 23.720923029154068, 0.0 ], [ 77.561491569662337, 23.7217510812557, 0.0 ], [ 77.560792007624386, 23.725348827143847, 0.0 ], [ 77.563276165106601, 23.727290466158959, 0.0 ], [ 77.563761575531629, 23.729874562162561, 0.0 ], [ 77.560520749457979, 23.733258155251665, 0.0 ], [ 77.560235213228594, 23.736927284383686, 0.0 ], [ 77.561891318335981, 23.739705563018493, 0.0 ], [ 77.569174402407327, 23.740431297961212, 0.0 ] ] ] } },
{ "type": "Feature", "properties": { "Vill_LGD": "482170", "Villl_name": "Rani khajuri", "Sub_dist": "BERASIA", "District": "BHOPAL" }, "geometry": { "type": "Polygon", "coordinates": [ [ [ 77.592493516486101, 23.736322801937057, 0.0 ], [ 77.588887760408198, 23.730954142481888, 0.0 ], [ 77.585117505442966, 23.718256148849502, 0.0 ], [ 77.583249360353221, 23.716325910160574, 0.0 ], [ 77.57749582428967, 23.717168239489499, 0.0 ], [ 77.576692118216116, 23.720304746722867, 0.0 ], [ 77.578867136626542, 23.722300994392732, 0.0 ], [ 77.574822052401984, 23.722776886741009, 0.0 ], [ 77.576542403031013, 23.724249773992057, 0.0 ], [ 77.576047476470563, 23.7302888461113, 0.0 ], [ 77.572440212325745, 23.733310761303287, 0.0 ], [ 77.579842319363877, 23.73948704838245, 0.0 ], [ 77.583526290284397, 23.740588395814918, 0.0 ], [ 77.592493516486101, 23.736322801937057, 0.0 ] ] ] } },
{ "type": "Feature", "properties": { "Vill_LGD": "482182", "Villl_name": "Khajuri ranku", "Sub_dist": "BERASIA", "District": "BHOPAL" }, "geometry": { "type": "Polygon", "coordinates": [ [ [ 77.637490622777676, 23.673966338627931, 0.0 ], [ 77.632292561174594, 23.666707548101797, 0.0 ], [ 77.629755908267967, 23.657956029375441, 0.0 ], [ 77.62389735666271, 23.657095961115854, 0.0 ], [ 77.618272705759608, 23.658798068598699, 0.0 ], [ 77.619378432450389, 23.669792224418323, 0.0 ], [ 77.623465323936927, 23.680694843171516, 0.0 ], [ 77.637490622777676, 23.673966338627931, 0.0 ] ] ] } },
{ "type": "Feature", "properties": { "Vill_LGD": "482174", "Villl_name": "Laharpur", "Sub_dist": "BERASIA", "District": "BHOPAL" }, "geometry": { "type": "Polygon", "coordinates": [ [ [ 77.647543073804925, 23.712834817274249, 0.0 ], [ 77.646155429514423, 23.70110528134348, 0.0 ], [ 77.648025685081279, 23.693514800760095, 0.0 ], [ 77.643850487018469, 23.687262615932781, 0.0 ], [ 77.63380629023834, 23.693091429147426, 0.0 ], [ 77.626264228849166, 23.694623806509025, 0.0 ], [ 77.627832832933507, 23.704232541364227, 0.0 ], [ 77.630646545777395, 23.705660218129061, 0.0 ], [ 77.629978751290665, 23.710799474115305, 0.0 ], [ 77.631891838753049, 23.713583443627616, 0.0 ], [ 77.634955867503848, 23.714155299839813, 0.0 ], [ 77.63757441088849, 23.707735213701419, 0.0 ], [ 77.639094468028205, 23.707144621995717, 0.0 ], [ 77.643052570359373, 23.712518896374675, 0.0 ], [ 77.647543073804925, 23.712834817274249, 0.0 ] ] ] } },
{ "type": "Feature", "properties": { "Vill_LGD": "482153", "Villl_name": "Mundlachand", "Sub_dist": "BERASIA", "District": "BHOPAL" }, "geometry": { "type": "Polygon", "coordinates": [ [ [ 77.626264228849166, 23.694623806509025, 0.0 ], [ 77.63380629023834, 23.693091429147426, 0.0 ], [ 77.643850487018469, 23.687262615932781, 0.0 ], [ 77.641209217316742, 23.679369722597812, 0.0 ], [ 77.637490622777676, 23.673966338627931, 0.0 ], [ 77.615975157266391, 23.683877335888891, 0.0 ], [ 77.62238130853116, 23.693087859070538, 0.0 ], [ 77.626264228849166, 23.694623806509025, 0.0 ] ] ] } },
{ "type": "Feature", "properties": { "Vill_LGD": "482045", "Villl_name": "Umaraya", "Sub_dist": "BERASIA", "District": "BHOPAL" }, "geometry": { "type": "Polygon", "coordinates": [ [ [ 77.623465323936927, 23.680694843171516, 0.0 ], [ 77.619378432450389, 23.669792224418323, 0.0 ], [ 77.618272705759608, 23.658798068598699, 0.0 ], [ 77.608585426000417, 23.659240826361096, 0.0 ], [ 77.613265594408048, 23.680602827541872, 0.0 ], [ 77.615975157266391, 23.683877335888891, 0.0 ], [ 77.623465323936927, 23.680694843171516, 0.0 ] ] ] } },
{ "type": "Feature", "properties": { "Vill_LGD": "482155", "Villl_name": "Jamusar khurd", "Sub_dist": "BERASIA", "District": "BHOPAL" }, "geometry": { "type": "Polygon", "coordinates": [ [ [ 77.478725908707887, 23.715109658985956, 0.0 ], [ 77.478733066166029, 23.711585167634158, 0.0 ], [ 77.483426552765621, 23.703191618504114, 0.0 ], [ 77.47803318789525, 23.699972208028285, 0.0 ], [ 77.476235505211605, 23.69496463289666, 0.0 ], [ 77.468332855677644, 23.696347651375866, 0.0 ], [ 77.467362035300454, 23.698938883946582, 0.0 ], [ 77.45679008961207, 23.70631997135018, 0.0 ], [ 77.449796854370888, 23.715848522382796, 0.0 ], [ 77.452433132464535, 23.718112924892896, 0.0 ], [ 77.459926975826619, 23.715891312717154, 0.0 ], [ 77.4712591597781, 23.716637273112806, 0.0 ], [ 77.478725908707887, 23.715109658985956, 0.0 ] ] ] } },
{ "type": "Feature", "properties": { "Vill_LGD": "482157", "Villl_name": "Hinotiya piran", "Sub_dist": "BERASIA", "District": "BHOPAL" }, "geometry": { "type": "Polygon", "coordinates": [ [ [ 77.501907009454825, 23.718880451300755, 0.0 ], [ 77.510667495790472, 23.708145180410092, 0.0 ], [ 77.50398596910108, 23.696403731156032, 0.0 ], [ 77.502083589336834, 23.695193774828414, 0.0 ], [ 77.493353347107174, 23.699694524744121, 0.0 ], [ 77.492563269755152, 23.711036725095429, 0.0 ], [ 77.498819658356254, 23.719308753297895, 0.0 ], [ 77.501907009454825, 23.718880451300755, 0.0 ] ] ] } },
{ "type": "Feature", "properties": { "Vill_LGD": "482253", "Villl_name": "Khajuria ramdas", "Sub_dist": "BERASIA", "District": "BHOPAL" }, "geometry": { "type": "Polygon", "coordinates": [ [ [ 77.408100943787332, 23.627348981796889, 0.0 ], [ 77.413100528804009, 23.625738993398606, 0.0 ], [ 77.41552822922803, 23.621561608388628, 0.0 ], [ 77.413125500030489, 23.619443798494391, 0.0 ], [ 77.416981861898122, 23.616270795093818, 0.0 ], [ 77.417475188315578, 23.613577580550398, 0.0 ], [ 77.41982603376249, 23.613171905566901, 0.0 ], [ 77.419672214383084, 23.609496298411678, 0.0 ], [ 77.424412100165185, 23.603114584057156, 0.0 ], [ 77.424090873337789, 23.598892229952241, 0.0 ], [ 77.419494590761218, 23.590996724322228, 0.0 ], [ 77.401549408620738, 23.599960448506678, 0.0 ], [ 77.40423546167375, 23.603055732499509, 0.0 ], [ 77.404939781952748, 23.610070383123279, 0.0 ], [ 77.401537153009357, 23.614472069083813, 0.0 ], [ 77.402293821749467, 23.616570753499037, 0.0 ], [ 77.399375252902161, 23.618872914235556, 0.0 ], [ 77.404736385670574, 23.620553241092015, 0.0 ], [ 77.403508583968446, 23.62259006038343, 0.0 ], [ 77.406244964833562, 23.623684611266363, 0.0 ], [ 77.405664376069694, 23.625412101632634, 0.0 ], [ 77.409181219459839, 23.624902896247832, 0.0 ], [ 77.408100943787332, 23.627348981796889, 0.0 ] ] ] } },
{ "type": "Feature", "properties": { "Vill_LGD": "482229", "Villl_name": "Pipalia hasnabad", "Sub_dist": "BERASIA", "District": "BHOPAL" }, "geometry": { "type": "Polygon", "coordinates": [ [ [ 77.38314008187011, 23.642885058352491, 0.0 ], [ 77.397809458239479, 23.635282679315512, 0.0 ], [ 77.398994429602411, 23.632032335635792, 0.0 ], [ 77.402921332337286, 23.631566754655768, 0.0 ], [ 77.401360407462121, 23.629444275854787, 0.0 ], [ 77.395487897683509, 23.628854169246296, 0.0 ], [ 77.394260095148852, 23.624942335528225, 0.0 ], [ 77.388801751316237, 23.622744110462989, 0.0 ], [ 77.385525185750325, 23.624936978890673, 0.0 ], [ 77.384369939039615, 23.629103293542268, 0.0 ], [ 77.38214514278657, 23.630792710846361, 0.0 ], [ 77.3730204353555, 23.631109417350711, 0.0 ], [ 77.373301211991404, 23.635944482179713, 0.0 ], [ 77.371254875214248, 23.638895012554165, 0.0 ], [ 77.36554416963736, 23.639223378382955, 0.0 ], [ 77.365763078409501, 23.647189813802498, 0.0 ], [ 77.38314008187011, 23.642885058352491, 0.0 ] ] ] } },
{ "type": "Feature", "properties": { "Vill_LGD": "482256", "Villl_name": "Bhesoda", "Sub_dist": "BERASIA", "District": "BHOPAL" }, "geometry": { "type": "Polygon", "coordinates": [ [ [ 77.419494590761218, 23.590996724322228, 0.0 ], [ 77.42919413898025, 23.58403825578521, 0.0 ], [ 77.418782655832928, 23.566462474373008, 0.0 ], [ 77.419706422090002, 23.563684870692615, 0.0 ], [ 77.409123769000857, 23.566218996353854, 0.0 ], [ 77.399583319461769, 23.576945606912972, 0.0 ], [ 77.398141367070465, 23.581242914051909, 0.0 ], [ 77.400404234086963, 23.585982800092495, 0.0 ], [ 77.39814850494723, 23.591348485175324, 0.0 ], [ 77.40383722761419, 23.59877599610294, 0.0 ], [ 77.419494590761218, 23.590996724322228, 0.0 ] ] ] } },
{ "type": "Feature", "properties": { "Vill_LGD": "482251", "Villl_name": "Tarawli kalan", "Sub_dist": "BERASIA", "District": "BHOPAL" }, "geometry": { "type": "Polygon", "coordinates": [ [ [ 77.378805325931651, 23.579625918091967, 0.0 ], [ 77.393549244425031, 23.577565814181526, 0.0 ], [ 77.398146364326138, 23.57926474847585, 0.0 ], [ 77.40802921678646, 23.567152935872652, 0.0 ], [ 77.400117509078669, 23.559859888293268, 0.0 ], [ 77.396821955728342, 23.554672663364482, 0.0 ], [ 77.386830491726101, 23.552632558081701, 0.0 ], [ 77.3825772056408, 23.561286657694549, 0.0 ], [ 77.378915215161683, 23.564357351496909, 0.0 ], [ 77.374027972628951, 23.572668289877644, 0.0 ], [ 77.371091717332405, 23.575133412800753, 0.0 ], [ 77.369664040463661, 23.574343431084426, 0.0 ], [ 77.374784036557742, 23.577668811623042, 0.0 ], [ 77.378263998655967, 23.577192919673749, 0.0 ], [ 77.378805325931651, 23.579625918091967, 0.0 ] ] ] } },
{ "type": "Feature", "properties": { "Vill_LGD": "482276", "Villl_name": "Garentiyadangi", "Sub_dist": "BERASIA", "District": "BHOPAL" }, "geometry": { "type": "Polygon", "coordinates": [ [ [ 77.437070676924904, 23.584450684729227, 0.0 ], [ 77.443796223709995, 23.576925640240553, 0.0 ], [ 77.441321584070167, 23.562515623298427, 0.0 ], [ 77.440166548367557, 23.56009015583594, 0.0 ], [ 77.423845828894059, 23.554807746496138, 0.0 ], [ 77.418782655832928, 23.566462474373008, 0.0 ], [ 77.42919413898025, 23.58403825578521, 0.0 ], [ 77.437070676924904, 23.584450684729227, 0.0 ] ] ] } },
{ "type": "Feature", "properties": { "Vill_LGD": "482277", "Villl_name": "Sonkatcha", "Sub_dist": "BERASIA", "District": "BHOPAL" }, "geometry": { "type": "Polygon", "coordinates": [ [ [ 77.419706422090002, 23.563684870692615, 0.0 ], [ 77.42399803615487, 23.55426813335048, 0.0 ], [ 77.424567918041973, 23.545859118794844, 0.0 ], [ 77.422205113807891, 23.541597505133897, 0.0 ], [ 77.411626030413728, 23.539163315375486, 0.0 ], [ 77.402546006696227, 23.540583853850581, 0.0 ], [ 77.396940704092842, 23.554265450829458, 0.0 ], [ 77.397583383358437, 23.556814177580897, 0.0 ], [ 77.40802921678646, 23.567152935872652, 0.0 ], [ 77.419706422090002, 23.563684870692615, 0.0 ] ] ] } },
{ "type": "Feature", "properties": { "Vill_LGD": "482279", "Villl_name": "Semri kalan", "Sub_dist": "BERASIA", "District": "BHOPAL" }, "geometry": { "type": "Polygon", "coordinates": [ [ [ 77.428137109628437, 23.532788740037031, 0.0 ], [ 77.424639301957939, 23.527584859024039, 0.0 ], [ 77.425260342150096, 23.525600388386955, 0.0 ], [ 77.41899284125077, 23.522709342935062, 0.0 ], [ 77.417400982703825, 23.524265511258317, 0.0 ], [ 77.414202985712024, 23.524194127536497, 0.0 ], [ 77.40925608745124, 23.520018172884569, 0.0 ], [ 77.401168298836851, 23.521617170017613, 0.0 ], [ 77.392595100832608, 23.529804896120883, 0.0 ], [ 77.397249327720886, 23.536579220755726, 0.0 ], [ 77.402546006696227, 23.540583853850581, 0.0 ], [ 77.411626030413728, 23.539163315375486, 0.0 ], [ 77.422398048600201, 23.541556459231018, 0.0 ], [ 77.424610748713093, 23.540533884976746, 0.0 ], [ 77.428137109628437, 23.532788740037031, 0.0 ] ] ] } },
{ "type": "Feature", "properties": { "Vill_LGD": "482310", "Villl_name": "Barkheda baramad", "Sub_dist": "BERASIA", "District": "BHOPAL" }, "geometry": { "type": "Polygon", "coordinates": [ [ [ 77.440166548367557, 23.56009015583594, 0.0 ], [ 77.452580276957832, 23.555663665590032, 0.0 ], [ 77.452256099982947, 23.551626179239623, 0.0 ], [ 77.45766699380944, 23.546086793178734, 0.0 ], [ 77.457784182290013, 23.540117321097036, 0.0 ], [ 77.456454646906536, 23.535890886574251, 0.0 ], [ 77.454690881445714, 23.53709413027951, 0.0 ], [ 77.45203892891567, 23.53516973450121, 0.0 ], [ 77.451153769860127, 23.529202046572863, 0.0 ], [ 77.446613758783556, 23.524414570350618, 0.0 ], [ 77.430680936963626, 23.523026651197274, 0.0 ], [ 77.429890955727174, 23.530925667819343, 0.0 ], [ 77.4267165716535, 23.534509090746056, 0.0 ], [ 77.424610748713093, 23.540533884976746, 0.0 ], [ 77.422205113807891, 23.541597505133897, 0.0 ], [ 77.424567918041973, 23.545859118794844, 0.0 ], [ 77.423845828894059, 23.554807746496138, 0.0 ], [ 77.440166548367557, 23.56009015583594, 0.0 ] ] ] } },
{ "type": "Feature", "properties": { "Vill_LGD": "482267", "Villl_name": "Sagoni kalan", "Sub_dist": "BERASIA", "District": "BHOPAL" }, "geometry": { "type": "Polygon", "coordinates": [ [ [ 77.459889581347028, 23.568621971946385, 0.0 ], [ 77.457949156558513, 23.564291370483893, 0.0 ], [ 77.460785474732361, 23.561683481189043, 0.0 ], [ 77.459662368899757, 23.558057181914457, 0.0 ], [ 77.461956169377558, 23.55561109580492, 0.0 ], [ 77.454103948458354, 23.554725937469701, 0.0 ], [ 77.440166548367557, 23.56009015583594, 0.0 ], [ 77.442882510703924, 23.567417314200632, 0.0 ], [ 77.443796223709995, 23.576925640240553, 0.0 ], [ 77.455338292882558, 23.577928061168649, 0.0 ], [ 77.459889581347028, 23.568621971946385, 0.0 ] ] ] } },
{ "type": "Feature", "properties": { "Vill_LGD": "482173", "Villl_name": "Babachiya", "Sub_dist": "BERASIA", "District": "BHOPAL" }, "geometry": { "type": "Polygon", "coordinates": [ [ [ 77.614368843518847, 23.713408185856309, 0.0 ], [ 77.61873687994823, 23.710439815822578, 0.0 ], [ 77.622026593311759, 23.711085008947585, 0.0 ], [ 77.627018888250106, 23.708458329157057, 0.0 ], [ 77.629760933169422, 23.709398880127221, 0.0 ], [ 77.630694135488312, 23.705933856142643, 0.0 ], [ 77.627832832933507, 23.704232541364227, 0.0 ], [ 77.626264228849166, 23.694623806509025, 0.0 ], [ 77.62238130853116, 23.693087859070538, 0.0 ], [ 77.612890828449977, 23.68001391069582, 0.0 ], [ 77.609314180092724, 23.667069187559878, 0.0 ], [ 77.605700117733917, 23.669227707050421, 0.0 ], [ 77.604879750152918, 23.676210664116802, 0.0 ], [ 77.600834121190005, 23.67919764891926, 0.0 ], [ 77.593689789040667, 23.677781868957702, 0.0 ], [ 77.584950071362115, 23.673272759995474, 0.0 ], [ 77.58380207692899, 23.688390756559464, 0.0 ], [ 77.589077487661854, 23.711112500701745, 0.0 ], [ 77.600795506157439, 23.715069554905664, 0.0 ], [ 77.607448479409797, 23.71117199763729, 0.0 ], [ 77.614368843518847, 23.713408185856309, 0.0 ] ] ] } },
{ "type": "Feature", "properties": { "Vill_LGD": "482180", "Villl_name": "Narela damodar", "Sub_dist": "BERASIA", "District": "BHOPAL" }, "geometry": { "type": "Polygon", "coordinates": [ [ [ 77.609314180092724, 23.667069187559878, 0.0 ], [ 77.608585426000417, 23.659240826361096, 0.0 ], [ 77.59064798255072, 23.655999912820903, 0.0 ], [ 77.589343654245681, 23.659116360419187, 0.0 ], [ 77.579243734560109, 23.667867720768079, 0.0 ], [ 77.586259922162057, 23.674414932336987, 0.0 ], [ 77.598793732358956, 23.679298776278333, 0.0 ], [ 77.604879750152918, 23.676210664116802, 0.0 ], [ 77.605700117733917, 23.669227707050421, 0.0 ], [ 77.609314180092724, 23.667069187559878, 0.0 ] ] ] } },
{ "type": "Feature", "properties": { "Vill_LGD": "482189", "Villl_name": "Barkheda yakub", "Sub_dist": "BERASIA", "District": "BHOPAL" }, "geometry": { "type": "Polygon", "coordinates": [ [ [ 77.583249360353221, 23.716325910160574, 0.0 ], [ 77.589077487661854, 23.711112500701745, 0.0 ], [ 77.584742781406987, 23.692753633234314, 0.0 ], [ 77.574081979380523, 23.692412045363181, 0.0 ], [ 77.563875234149776, 23.688028459533228, 0.0 ], [ 77.565210862962459, 23.698292699019966, 0.0 ], [ 77.568687254919951, 23.70281129681149, 0.0 ], [ 77.574769158532803, 23.716752557538317, 0.0 ], [ 77.583249360353221, 23.716325910160574, 0.0 ] ] ] } },
{ "type": "Feature", "properties": { "Vill_LGD": "482176", "Villl_name": "Hamid khedi", "Sub_dist": "BERASIA", "District": "BHOPAL" }, "geometry": { "type": "Polygon", "coordinates": [ [ [ 77.584950071362115, 23.673272759995474, 0.0 ], [ 77.579243734560109, 23.667867720768079, 0.0 ], [ 77.561124347010377, 23.677501278482286, 0.0 ], [ 77.563595166764784, 23.688241243983292, 0.0 ], [ 77.574081979380523, 23.692412045363181, 0.0 ], [ 77.584742781406987, 23.692753633234314, 0.0 ], [ 77.583794938981853, 23.684593136257796, 0.0 ], [ 77.584950071362115, 23.673272759995474, 0.0 ] ] ] } },
{ "type": "Feature", "properties": { "Vill_LGD": "482188", "Villl_name": "Hingoni", "Sub_dist": "BERASIA", "District": "BHOPAL" }, "geometry": { "type": "Polygon", "coordinates": [ [ [ 77.576692118216116, 23.720304746722867, 0.0 ], [ 77.57848825516615, 23.716238593249269, 0.0 ], [ 77.574769158532803, 23.716752557538317, 0.0 ], [ 77.565101944566422, 23.697913949443542, 0.0 ], [ 77.560835471305623, 23.699223823098794, 0.0 ], [ 77.555190201045093, 23.703709106951251, 0.0 ], [ 77.553482938689783, 23.702221943307372, 0.0 ], [ 77.551097527716337, 23.702876295399392, 0.0 ], [ 77.555291328301394, 23.71008011333576, 0.0 ], [ 77.553917188923364, 23.710597647745718, 0.0 ], [ 77.555636349359887, 23.718122692446475, 0.0 ], [ 77.565431956141779, 23.722821838410301, 0.0 ], [ 77.571585243391709, 23.720152084492181, 0.0 ], [ 77.576692118216116, 23.720304746722867, 0.0 ] ] ] } },
{ "type": "Feature", "properties": { "Vill_LGD": "482163", "Villl_name": "Parsoriya", "Sub_dist": "BERASIA", "District": "BHOPAL" }, "geometry": { "type": "Polygon", "coordinates": [ [ [ 77.561006159454266, 23.725805683588078, 0.0 ], [ 77.562210055777513, 23.721072469786407, 0.0 ], [ 77.555636349359887, 23.718122692446475, 0.0 ], [ 77.553917188923364, 23.710597647745718, 0.0 ], [ 77.555291328301394, 23.71008011333576, 0.0 ], [ 77.551097527716337, 23.702876295399392, 0.0 ], [ 77.546490892123117, 23.703019063136363, 0.0 ], [ 77.544427899148076, 23.705467528961552, 0.0 ], [ 77.541372671108633, 23.703083309047926, 0.0 ], [ 77.540810537864829, 23.704733357910275, 0.0 ], [ 77.539638043910443, 23.703754317019062, 0.0 ], [ 77.533406234235002, 23.706880929410996, 0.0 ], [ 77.533566418932423, 23.713642965513682, 0.0 ], [ 77.538081446796966, 23.723892495175804, 0.0 ], [ 77.561006159454266, 23.725805683588078, 0.0 ] ] ] } },
{ "type": "Feature", "properties": { "Vill_LGD": "937872", "Villl_name": "Lalukhedi", "Sub_dist": "BERASIA", "District": "BHOPAL" }, "geometry": { "type": "Polygon", "coordinates": [ [ [ 77.492563269755152, 23.711036725095429, 0.0 ], [ 77.493353347107174, 23.699694524744121, 0.0 ], [ 77.502083589336834, 23.695193774828414, 0.0 ], [ 77.50232412930032, 23.685069678592036, 0.0 ], [ 77.477747651992587, 23.693624996165514, 0.0 ], [ 77.47803318789525, 23.699972208028285, 0.0 ], [ 77.483426552765621, 23.703191618504114, 0.0 ], [ 77.478733066166029, 23.711585167634158, 0.0 ], [ 77.478725908707887, 23.715109658985956, 0.0 ], [ 77.484290277020818, 23.71471347909312, 0.0 ], [ 77.492563269755152, 23.711036725095429, 0.0 ] ] ] } },
{ "type": "Feature", "properties": { "Vill_LGD": "482184", "Villl_name": "Arrai rai singh", "Sub_dist": "BERASIA", "District": "BHOPAL" }, "geometry": { "type": "Polygon", "coordinates": [ [ [ 77.528803695152959, 23.698212757546059, 0.0 ], [ 77.528186967099387, 23.681013648718018, 0.0 ], [ 77.514148146955705, 23.680851846132899, 0.0 ], [ 77.505724854474664, 23.684002251922333, 0.0 ], [ 77.503076039150528, 23.686473561109292, 0.0 ], [ 77.511490288444094, 23.690069481706061, 0.0 ], [ 77.516051318908396, 23.700673946444024, 0.0 ], [ 77.51956736973554, 23.698008553346821, 0.0 ], [ 77.522101495462451, 23.697937168551341, 0.0 ], [ 77.522819993460701, 23.699620439516409, 0.0 ], [ 77.524302497117077, 23.69796096431844, 0.0 ], [ 77.528803695152959, 23.698212757546059, 0.0 ] ] ] } },
{ "type": "Feature", "properties": { "Vill_LGD": "482187", "Villl_name": "Parwaria", "Sub_dist": "BERASIA", "District": "BHOPAL" }, "geometry": { "type": "Polygon", "coordinates": [ [ [ 77.565101944566422, 23.697913949443542, 0.0 ], [ 77.563640419482766, 23.687834968541448, 0.0 ], [ 77.561160417070326, 23.681992167749257, 0.0 ], [ 77.556673873651462, 23.683916592185497, 0.0 ], [ 77.550601489533065, 23.682488914966132, 0.0 ], [ 77.54821251115645, 23.683830931357406, 0.0 ], [ 77.547301574305763, 23.686872675472252, 0.0 ], [ 77.548538893957499, 23.689454391119948, 0.0 ], [ 77.552560182557698, 23.69100103975693, 0.0 ], [ 77.554523238550516, 23.693761215650976, 0.0 ], [ 77.554428060031398, 23.69596221677596, 0.0 ], [ 77.55163219261776, 23.698615316093019, 0.0 ], [ 77.554345491050924, 23.703161830694707, 0.0 ], [ 77.565101944566422, 23.697913949443542, 0.0 ] ] ] } },
{ "type": "Feature", "properties": { "Vill_LGD": "482183", "Villl_name": "Barrai", "Sub_dist": "BERASIA", "District": "BHOPAL" }, "geometry": { "type": "Polygon", "coordinates": [ [ [ 77.533096475324754, 23.711596629867948, 0.0 ], [ 77.533406234235002, 23.706880929410996, 0.0 ], [ 77.540685086395172, 23.702815063654857, 0.0 ], [ 77.535700114311055, 23.701137543931768, 0.0 ], [ 77.533094604995995, 23.697687326031026, 0.0 ], [ 77.528204812739062, 23.698615316212393, 0.0 ], [ 77.527550460960214, 23.697389892983995, 0.0 ], [ 77.522952053466341, 23.699620439266056, 0.0 ], [ 77.522101495462451, 23.697937168551341, 0.0 ], [ 77.519043888134604, 23.698115628883958, 0.0 ], [ 77.516051318908396, 23.700673946444024, 0.0 ], [ 77.514903625657197, 23.704885195549707, 0.0 ], [ 77.509741586967664, 23.706226320033998, 0.0 ], [ 77.510667495790472, 23.708145180410092, 0.0 ], [ 77.508462425566165, 23.712072813659379, 0.0 ], [ 77.510218466174734, 23.71347193675016, 0.0 ], [ 77.515707883975196, 23.712129919936636, 0.0 ], [ 77.525868862928732, 23.71488028615974, 0.0 ], [ 77.531151267567651, 23.711352735014646, 0.0 ], [ 77.533096475324754, 23.711596629867948, 0.0 ] ] ] } },
{ "type": "Feature", "properties": { "Vill_LGD": "482185", "Villl_name": "Arrai sardar singh", "Sub_dist": "BERASIA", "District": "BHOPAL" }, "geometry": { "type": "Polygon", "coordinates": [ [ [ 77.545834159727235, 23.704025575846867, 0.0 ], [ 77.541998448684936, 23.694789538501304, 0.0 ], [ 77.541791436396011, 23.688379271051943, 0.0 ], [ 77.544119838296865, 23.686096177220481, 0.0 ], [ 77.538380577915575, 23.684763680383572, 0.0 ], [ 77.537352651108932, 23.682165309669099, 0.0 ], [ 77.528186967099387, 23.681013648718018, 0.0 ], [ 77.528803695152959, 23.698212757546059, 0.0 ], [ 77.533094604995995, 23.697687326031026, 0.0 ], [ 77.535700114311055, 23.701137543931768, 0.0 ], [ 77.540006940239522, 23.701815691067132, 0.0 ], [ 77.540323328533205, 23.704732275703908, 0.0 ], [ 77.541372671108633, 23.703083309047926, 0.0 ], [ 77.544292269385465, 23.705438975008263, 0.0 ], [ 77.545834159727235, 23.704025575846867, 0.0 ] ] ] } },
{ "type": "Feature", "properties": { "Vill_LGD": "482158", "Villl_name": "Pipalkhedi", "Sub_dist": "BERASIA", "District": "BHOPAL" }, "geometry": { "type": "Polygon", "coordinates": [ [ [ 77.516051318908396, 23.700673946444024, 0.0 ], [ 77.511490288444094, 23.690069481706061, 0.0 ], [ 77.503076039150528, 23.686473561109292, 0.0 ], [ 77.501465143829705, 23.691391907596412, 0.0 ], [ 77.502083589336834, 23.695193774828414, 0.0 ], [ 77.506422537283498, 23.699593398222408, 0.0 ], [ 77.509741586967664, 23.706226320033998, 0.0 ], [ 77.514903625657197, 23.704885195549707, 0.0 ], [ 77.516051318908396, 23.700673946444024, 0.0 ] ] ] } },
{ "type": "Feature", "properties": { "Vill_LGD": "482186", "Villl_name": "Barela kheda", "Sub_dist": "BERASIA", "District": "BHOPAL" }, "geometry": { "type": "Polygon", "coordinates": [ [ [ 77.545539087298849, 23.703812455111187, 0.0 ], [ 77.553482938689783, 23.702221943307372, 0.0 ], [ 77.551655988098005, 23.698365471665262, 0.0 ], [ 77.554225804867102, 23.696295340945948, 0.0 ], [ 77.554523238550516, 23.693761215650976, 0.0 ], [ 77.552560182557698, 23.69100103975693, 0.0 ], [ 77.549145656919166, 23.690287202217398, 0.0 ], [ 77.547746136765369, 23.685648838629476, 0.0 ], [ 77.541791436396011, 23.688379271051943, 0.0 ], [ 77.542176909042183, 23.695753220568147, 0.0 ], [ 77.545539087298849, 23.703812455111187, 0.0 ] ] ] } },
{ "type": "Feature", "properties": { "Vill_LGD": "482226", "Villl_name": "Habibganj", "Sub_dist": "BERASIA", "District": "BHOPAL" }, "geometry": { "type": "Polygon", "coordinates": [ [ [ 77.395417892803124, 23.66632714127309, 0.0 ], [ 77.393866653671708, 23.663725589534888, 0.0 ], [ 77.394126015525416, 23.659674853780395, 0.0 ], [ 77.411878616503984, 23.658781938830504, 0.0 ], [ 77.404376737950273, 23.647895866642163, 0.0 ], [ 77.393970196515653, 23.649235244029384, 0.0 ], [ 77.381234131963183, 23.642570968809853, 0.0 ], [ 77.368791930817167, 23.647139534301026, 0.0 ], [ 77.364655250450895, 23.647076355224293, 0.0 ], [ 77.361113599523691, 23.667263795259558, 0.0 ], [ 77.369413952931779, 23.67284210522223, 0.0 ], [ 77.374924785011984, 23.672556568984472, 0.0 ], [ 77.378598673758702, 23.670205661957713, 0.0 ], [ 77.395417892803124, 23.66632714127309, 0.0 ] ] ] } },
{ "type": "Feature", "properties": { "Vill_LGD": "482204", "Villl_name": "Barkheda moji", "Sub_dist": "BERASIA", "District": "BHOPAL" }, "geometry": { "type": "Polygon", "coordinates": [ [ [ 77.44608725365724, 23.653825687351642, 0.0 ], [ 77.439998213609087, 23.646144787808915, 0.0 ], [ 77.435511593177893, 23.646609453138382, 0.0 ], [ 77.428352884696835, 23.643143618624343, 0.0 ], [ 77.426175679175302, 23.644434476415217, 0.0 ], [ 77.423195404322186, 23.64357787106109, 0.0 ], [ 77.42304073913661, 23.645326775318768, 0.0 ], [ 77.421541678076665, 23.642881879450446, 0.0 ], [ 77.420006925819123, 23.643577870896475, 0.0 ], [ 77.419816568213449, 23.646290457192496, 0.0 ], [ 77.421006300112467, 23.646433224023557, 0.0 ], [ 77.419967664286347, 23.6481202618765, 0.0 ], [ 77.42163090736355, 23.649697845486116, 0.0 ], [ 77.41967154972788, 23.655084752672831, 0.0 ], [ 77.422191398867227, 23.657304789492329, 0.0 ], [ 77.420706614161872, 23.661002471795488, 0.0 ], [ 77.421782489918044, 23.662625385427656, 0.0 ], [ 77.423871656767602, 23.661683119734036, 0.0 ], [ 77.423509136310074, 23.66420895796017, 0.0 ], [ 77.427478076224787, 23.660187669426485, 0.0 ], [ 77.427273443449621, 23.658493493307684, 0.0 ], [ 77.431604062052102, 23.657379904276862, 0.0 ], [ 77.433007943934669, 23.654976649442119, 0.0 ], [ 77.437260040791642, 23.653424051780682, 0.0 ], [ 77.438077386277413, 23.654769635929032, 0.0 ], [ 77.44608725365724, 23.653825687351642, 0.0 ] ] ] } },
{ "type": "Feature", "properties": { "Vill_LGD": "482230", "Villl_name": "Imaliya swaroop", "Sub_dist": "BERASIA", "District": "BHOPAL" }, "geometry": { "type": "Polygon", "coordinates": [ [ [ 77.404376737950273, 23.647895866642163, 0.0 ], [ 77.409886411591145, 23.642557286730522, 0.0 ], [ 77.414801696482115, 23.641746183212298, 0.0 ], [ 77.416402169626679, 23.638844931561017, 0.0 ], [ 77.416366476816165, 23.635083003460458, 0.0 ], [ 77.412554581274463, 23.634983065736598, 0.0 ], [ 77.413411187365782, 23.633219884681008, 0.0 ], [ 77.411712252636747, 23.632042051759612, 0.0 ], [ 77.412062032435031, 23.629643556060337, 0.0 ], [ 77.409413692295473, 23.630849942426099, 0.0 ], [ 77.407679064849461, 23.634026522491897, 0.0 ], [ 77.408003068664485, 23.631951434137321, 0.0 ], [ 77.40237326455707, 23.633245861073078, 0.0 ], [ 77.398994429602411, 23.632032335635792, 0.0 ], [ 77.397809458239479, 23.635282679315512, 0.0 ], [ 77.383225741172424, 23.642449616792106, 0.0 ], [ 77.393970196515653, 23.649235244029384, 0.0 ], [ 77.404376737950273, 23.647895866642163, 0.0 ] ] ] } },
{ "type": "Feature", "properties": { "Vill_LGD": "482231", "Villl_name": "Dewalkheda", "Sub_dist": "BERASIA", "District": "BHOPAL" }, "geometry": { "type": "Polygon", "coordinates": [ [ [ 77.420916365716167, 23.661626012239136, 0.0 ], [ 77.422269920171331, 23.657497525733973, 0.0 ], [ 77.41967154972788, 23.655084752672831, 0.0 ], [ 77.420556707719982, 23.649366908318147, 0.0 ], [ 77.414801696482115, 23.641746183212298, 0.0 ], [ 77.409886411591145, 23.642557286730522, 0.0 ], [ 77.404376737950273, 23.647895866642163, 0.0 ], [ 77.405878804875897, 23.651233098570614, 0.0 ], [ 77.411643048910435, 23.65681888394996, 0.0 ], [ 77.41263584213992, 23.660069845196773, 0.0 ], [ 77.415258007785454, 23.660531459994864, 0.0 ], [ 77.415315115011893, 23.663225009457705, 0.0 ], [ 77.420916365716167, 23.661626012239136, 0.0 ] ] ] } },
{ "type": "Feature", "properties": { "Vill_LGD": "482234", "Villl_name": "Rahtai", "Sub_dist": "BERASIA", "District": "BHOPAL" }, "geometry": { "type": "Polygon", "coordinates": [ [ [ 77.399375252902161, 23.618872914235556, 0.0 ], [ 77.402293821749467, 23.616570753499037, 0.0 ], [ 77.401537153009357, 23.614472069083813, 0.0 ], [ 77.404939781952748, 23.610070383123279, 0.0 ], [ 77.40423546167375, 23.603055732499509, 0.0 ], [ 77.401549408620738, 23.599960448506678, 0.0 ], [ 77.392007771110627, 23.602458881662773, 0.0 ], [ 77.393339160353804, 23.605746573064856, 0.0 ], [ 77.388805253349574, 23.607464236689065, 0.0 ], [ 77.39156185975915, 23.619395092523767, 0.0 ], [ 77.399375252902161, 23.618872914235556, 0.0 ] ] ] } },
{ "type": "Feature", "properties": { "Vill_LGD": "482232", "Villl_name": "Birhai", "Sub_dist": "BERASIA", "District": "BHOPAL" }, "geometry": { "type": "Polygon", "coordinates": [ [ [ 77.410912753135193, 23.629400850889422, 0.0 ], [ 77.408588686055495, 23.629276282682717, 0.0 ], [ 77.409276397150734, 23.624931449256295, 0.0 ], [ 77.405745276742735, 23.625464449251798, 0.0 ], [ 77.406244964833562, 23.623684611266363, 0.0 ], [ 77.403570449431683, 23.622747104609623, 0.0 ], [ 77.404736385670574, 23.620553241092015, 0.0 ], [ 77.400596123491553, 23.618949483838843, 0.0 ], [ 77.39156185975915, 23.619395092523767, 0.0 ], [ 77.390700313057366, 23.623730803979051, 0.0 ], [ 77.394260095148852, 23.624942335528225, 0.0 ], [ 77.395487897683509, 23.628854169246296, 0.0 ], [ 77.401360407462121, 23.629444275854787, 0.0 ], [ 77.403064101338686, 23.631918914675552, 0.0 ], [ 77.400997934470354, 23.632698584744482, 0.0 ], [ 77.408003068664485, 23.631951434137321, 0.0 ], [ 77.406970382835681, 23.633831208895035, 0.0 ], [ 77.408035983889548, 23.633940861495727, 0.0 ], [ 77.410912753135193, 23.629400850889422, 0.0 ] ] ] } },
{ "type": "Feature", "properties": { "Vill_LGD": "482254", "Villl_name": "Ajampur", "Sub_dist": "BERASIA", "District": "BHOPAL" }, "geometry": { "type": "Polygon", "coordinates": [ [ [ 77.441371095256272, 23.60851976734499, 0.0 ], [ 77.44787349665765, 23.599570519965621, 0.0 ], [ 77.439512115728888, 23.58680510655585, 0.0 ], [ 77.434626059715285, 23.596592858706451, 0.0 ], [ 77.433104134039468, 23.596633645523493, 0.0 ], [ 77.431395680280033, 23.599622248966032, 0.0 ], [ 77.43298040197952, 23.602939218013045, 0.0 ], [ 77.430900752907391, 23.607269836524743, 0.0 ], [ 77.435865498579474, 23.608578937118143, 0.0 ], [ 77.435923556542619, 23.612445401722873, 0.0 ], [ 77.441371095256272, 23.60851976734499, 0.0 ] ] ] } },
{ "type": "Feature", "properties": { "Vill_LGD": "482199", "Villl_name": "Megra kalan", "Sub_dist": "BERASIA", "District": "BHOPAL" }, "geometry": { "type": "Polygon", "coordinates": [ [ [ 77.477188666625679, 23.69525436369107, 0.0 ], [ 77.477747651992587, 23.693624996165514, 0.0 ], [ 77.484029428706094, 23.692465009051748, 0.0 ], [ 77.491677730675093, 23.688256885231283, 0.0 ], [ 77.489694467981991, 23.685421296157291, 0.0 ], [ 77.488811092892604, 23.673555519462969, 0.0 ], [ 77.481058809008999, 23.668922707724615, 0.0 ], [ 77.463184297985492, 23.66625295326315, 0.0 ], [ 77.457962623889145, 23.666488732898813, 0.0 ], [ 77.452097252685462, 23.669058551269039, 0.0 ], [ 77.450511643801704, 23.674880390229273, 0.0 ], [ 77.452509179278039, 23.679226445106895, 0.0 ], [ 77.457527723036307, 23.678798173337285, 0.0 ], [ 77.468332855677644, 23.696347651375866, 0.0 ], [ 77.477188666625679, 23.69525436369107, 0.0 ] ] ] } },
{ "type": "Feature", "properties": { "Vill_LGD": "482194", "Villl_name": "Lalariya", "Sub_dist": "BERASIA", "District": "BHOPAL" }, "geometry": { "type": "Polygon", "coordinates": [ [ [ 77.57209735074413, 23.671981194957493, 0.0 ], [ 77.566817116782389, 23.656440908944159, 0.0 ], [ 77.558921213481241, 23.643922426325673, 0.0 ], [ 77.554909442152947, 23.641366883757147, 0.0 ], [ 77.539724573995173, 23.645378794421283, 0.0 ], [ 77.549413739618259, 23.66282976168749, 0.0 ], [ 77.549517186638667, 23.672414190311411, 0.0 ], [ 77.556447366947125, 23.673270796892464, 0.0 ], [ 77.561128240223425, 23.677564297914451, 0.0 ], [ 77.57209735074413, 23.671981194957493, 0.0 ] ] ] } },
{ "type": "Feature", "properties": { "Vill_LGD": "482201", "Villl_name": "Patalpur", "Sub_dist": "BERASIA", "District": "BHOPAL" }, "geometry": { "type": "Polygon", "coordinates": [ [ [ 77.460353704986872, 23.6420223340569, 0.0 ], [ 77.453146593828919, 23.638351209672209, 0.0 ], [ 77.443327749199824, 23.63763023445059, 0.0 ], [ 77.441427389531384, 23.638388679127722, 0.0 ], [ 77.439612741242698, 23.644842033433548, 0.0 ], [ 77.44608725365724, 23.653825687351642, 0.0 ], [ 77.454924882618471, 23.656939471025154, 0.0 ], [ 77.455389236185923, 23.650848536313713, 0.0 ], [ 77.453134696226428, 23.644667885904958, 0.0 ], [ 77.460353704986872, 23.6420223340569, 0.0 ] ] ] } },
{ "type": "Feature", "properties": { "Vill_LGD": "482203", "Villl_name": "Keetkhedi", "Sub_dist": "BERASIA", "District": "BHOPAL" }, "geometry": { "type": "Polygon", "coordinates": [ [ [ 77.456880746865906, 23.666923766323976, 0.0 ], [ 77.454924882618471, 23.656939471025154, 0.0 ], [ 77.445404935113316, 23.653641772148273, 0.0 ], [ 77.438734117182861, 23.654798190339822, 0.0 ], [ 77.437260040791642, 23.653424051780682, 0.0 ], [ 77.432955596665892, 23.655005203157419, 0.0 ], [ 77.431213829295089, 23.657617850435241, 0.0 ], [ 77.427273443449621, 23.658493493307684, 0.0 ], [ 77.427478076224787, 23.660187669426485, 0.0 ], [ 77.422034712871948, 23.66741761994475, 0.0 ], [ 77.450571131122757, 23.67437475582339, 0.0 ], [ 77.452097252685462, 23.669058551269039, 0.0 ], [ 77.456880746865906, 23.666923766323976, 0.0 ] ] ] } },
{ "type": "Feature", "properties": { "Vill_LGD": "482296", "Villl_name": "Bhungiyai", "Sub_dist": "BERASIA", "District": "BHOPAL" }, "geometry": { "type": "Polygon", "coordinates": [ [ [ 77.302432651716771, 23.452254389924562, 0.0 ], [ 77.306284653087246, 23.4357446630993, 0.0 ], [ 77.295682767784271, 23.433248355790393, 0.0 ], [ 77.283995490303894, 23.435797763983871, 0.0 ], [ 77.283186004282257, 23.438458732439003, 0.0 ], [ 77.285809878091854, 23.445256299139675, 0.0 ], [ 77.28531389257428, 23.447582322311341, 0.0 ], [ 77.287660788328495, 23.451839038091823, 0.0 ], [ 77.291639927227877, 23.453895032021293, 0.0 ], [ 77.29144842038599, 23.456550216968946, 0.0 ], [ 77.292852598393807, 23.457134822561898, 0.0 ], [ 77.302432651716771, 23.452254389924562, 0.0 ] ] ] } },
{ "type": "Feature", "properties": { "Vill_LGD": "482295", "Villl_name": "Unida", "Sub_dist": "BERASIA", "District": "BHOPAL" }, "geometry": { "type": "Polygon", "coordinates": [ [ [ 77.315120299205276, 23.471635060418372, 0.0 ], [ 77.315576794524432, 23.46255507707334, 0.0 ], [ 77.314457257679067, 23.45781162114228, 0.0 ], [ 77.312583432173369, 23.456562404224218, 0.0 ], [ 77.313432899911007, 23.454959836516284, 0.0 ], [ 77.302432651716771, 23.452254389924562, 0.0 ], [ 77.292852598393807, 23.457134822561898, 0.0 ], [ 77.29330361456212, 23.462467504151782, 0.0 ], [ 77.295235650108722, 23.465584458398627, 0.0 ], [ 77.298495630088311, 23.467050119686768, 0.0 ], [ 77.299720428434213, 23.470854598452842, 0.0 ], [ 77.305316919891453, 23.472220407362894, 0.0 ], [ 77.315120299205276, 23.471635060418372, 0.0 ] ] ] } },
{ "type": "Feature", "properties": { "Vill_LGD": "482322", "Villl_name": "Bhens kheda", "Sub_dist": "BERASIA", "District": "BHOPAL" }, "geometry": { "type": "Polygon", "coordinates": [ [ [ 77.481046521060208, 23.488045257609475, 0.0 ], [ 77.485804842922775, 23.487514332602888, 0.0 ], [ 77.487547520495937, 23.485133746542495, 0.0 ], [ 77.491312825839771, 23.484102808794013, 0.0 ], [ 77.487887308801206, 23.482046719429398, 0.0 ], [ 77.486197656827628, 23.475594048352129, 0.0 ], [ 77.481543613622662, 23.470800960211395, 0.0 ], [ 77.483813620456687, 23.468397703256773, 0.0 ], [ 77.485084251480998, 23.458875101894964, 0.0 ], [ 77.48850900756112, 23.455997572533054, 0.0 ], [ 77.480903935949016, 23.457817828001236, 0.0 ], [ 77.479090786927628, 23.455262286617096, 0.0 ], [ 77.470776949932187, 23.452119019025659, 0.0 ], [ 77.470471933455414, 23.450644367055069, 0.0 ], [ 77.463517957864013, 23.452371618120761, 0.0 ], [ 77.457307565417409, 23.450753585214425, 0.0 ], [ 77.451501679600142, 23.466262911782614, 0.0 ], [ 77.446343009387093, 23.472563723826791, 0.0 ], [ 77.447134610011304, 23.475058734366279, 0.0 ], [ 77.448535721026687, 23.477135040445638, 0.0 ], [ 77.451730405857248, 23.476087120302626, 0.0 ], [ 77.450653699711708, 23.477699203265054, 0.0 ], [ 77.45300936670408, 23.478585553554275, 0.0 ], [ 77.456704668622947, 23.478392817553122, 0.0 ], [ 77.457573171803702, 23.479915672023647, 0.0 ], [ 77.459357768185868, 23.47901147726099, 0.0 ], [ 77.461493333598426, 23.48888674166437, 0.0 ], [ 77.477055603648878, 23.484085082240938, 0.0 ], [ 77.483109879198039, 23.485971498417207, 0.0 ], [ 77.481046521060208, 23.488045257609475, 0.0 ] ] ] } },
{ "type": "Feature", "properties": { "Vill_LGD": "482325", "Villl_name": "Pipaliya junnardar", "Sub_dist": "BERASIA", "District": "BHOPAL" }, "geometry": { "type": "Polygon", "coordinates": [ [ [ 77.470471933455414, 23.450644367055069, 0.0 ], [ 77.471785394399078, 23.448256577990307, 0.0 ], [ 77.474537241648804, 23.447649816156712, 0.0 ], [ 77.474495600452116, 23.445841425580344, 0.0 ], [ 77.476155275835708, 23.445752196047231, 0.0 ], [ 77.469235120515648, 23.444554629245381, 0.0 ], [ 77.47051408131675, 23.438326389013511, 0.0 ], [ 77.467611139502907, 23.440384622755474, 0.0 ], [ 77.46439859705238, 23.437533768659435, 0.0 ], [ 77.457982458619085, 23.438737995536034, 0.0 ], [ 77.457307565417409, 23.450753585214425, 0.0 ], [ 77.463517957864013, 23.452371618120761, 0.0 ], [ 77.470471933455414, 23.450644367055069, 0.0 ] ] ] } },
{ "type": "Feature", "properties": { "Vill_LGD": "482324", "Villl_name": "Cheelkheda", "Sub_dist": "BERASIA", "District": "BHOPAL" }, "geometry": { "type": "Polygon", "coordinates": [ [ [ 77.480903935949016, 23.457817828001236, 0.0 ], [ 77.490754854813432, 23.454971020216462, 0.0 ], [ 77.489488982365387, 23.451706399577336, 0.0 ], [ 77.487280842761422, 23.453143594879315, 0.0 ], [ 77.487204699333972, 23.451487490142512, 0.0 ], [ 77.485653290409928, 23.45188723913996, 0.0 ], [ 77.484130436472299, 23.44996463475244, 0.0 ], [ 77.491154066574509, 23.443799159811785, 0.0 ], [ 77.488910206896989, 23.443302537537086, 0.0 ], [ 77.486905197613225, 23.439876528657976, 0.0 ], [ 77.476602131119748, 23.437092559970964, 0.0 ], [ 77.474431812164312, 23.437826139327356, 0.0 ], [ 77.472977025450277, 23.444320802891696, 0.0 ], [ 77.476131481011407, 23.445894962846467, 0.0 ], [ 77.470396980527923, 23.449791330933216, 0.0 ], [ 77.470776949932187, 23.452119019025659, 0.0 ], [ 77.47650669141737, 23.453632356015859, 0.0 ], [ 77.480903935949016, 23.457817828001236, 0.0 ] ] ] } },
{ "type": "Feature", "properties": { "Vill_LGD": "482323", "Villl_name": "Chhatri", "Sub_dist": "BERASIA", "District": "BHOPAL" }, "geometry": { "type": "Polygon", "coordinates": [ [ [ 77.504341296967468, 23.488324983358062, 0.0 ], [ 77.501349841432244, 23.482394565682025, 0.0 ], [ 77.504983462270829, 23.476310732057097, 0.0 ], [ 77.501550586561933, 23.471591998350977, 0.0 ], [ 77.500953229374261, 23.464360805234012, 0.0 ], [ 77.497545622773288, 23.456600020539426, 0.0 ], [ 77.49785451574931, 23.451254509631152, 0.0 ], [ 77.494032722979057, 23.448711660725525, 0.0 ], [ 77.494041860458665, 23.444077061702053, 0.0 ], [ 77.489316073317411, 23.444247186698099, 0.0 ], [ 77.484149471209292, 23.450240652401135, 0.0 ], [ 77.487204699333972, 23.451487490142512, 0.0 ], [ 77.487280842761422, 23.453143594879315, 0.0 ], [ 77.489327177291017, 23.451582668646974, 0.0 ], [ 77.490754854813432, 23.454971020216462, 0.0 ], [ 77.485084251480998, 23.458875101894964, 0.0 ], [ 77.483813620456687, 23.468397703256773, 0.0 ], [ 77.481543613622662, 23.470800960211395, 0.0 ], [ 77.486197656827628, 23.475594048352129, 0.0 ], [ 77.486680325509056, 23.479724991077813, 0.0 ], [ 77.490034158881571, 23.484124618866428, 0.0 ], [ 77.490952444125227, 23.483175706963362, 0.0 ], [ 77.493827971588885, 23.484585731103543, 0.0 ], [ 77.495820780048362, 23.483122609951398, 0.0 ], [ 77.496719131456487, 23.484962439499594, 0.0 ], [ 77.500867258198511, 23.485143970006597, 0.0 ], [ 77.504341296967468, 23.488324983358062, 0.0 ] ] ] } },
{ "type": "Feature", "properties": { "Vill_LGD": "482292", "Villl_name": "Namdarpura", "Sub_dist": "BERASIA", "District": "BHOPAL" }, "geometry": { "type": "Polygon", "coordinates": [ [ [ 77.32724661818456, 23.45556159852606, 0.0 ], [ 77.328459905267934, 23.452183001393781, 0.0 ], [ 77.32476721871484, 23.449022839903229, 0.0 ], [ 77.320255508673938, 23.449155112528274, 0.0 ], [ 77.319187476609457, 23.452107917563051, 0.0 ], [ 77.315188104087156, 23.452410597145882, 0.0 ], [ 77.313177459991579, 23.454201141336601, 0.0 ], [ 77.312583432173369, 23.456562404224218, 0.0 ], [ 77.314457257679067, 23.45781162114228, 0.0 ], [ 77.315576794524432, 23.46255507707334, 0.0 ], [ 77.315186923660193, 23.472444078207015, 0.0 ], [ 77.32146809682618, 23.473211250482439, 0.0 ], [ 77.325993831239757, 23.466733168133857, 0.0 ], [ 77.32724661818456, 23.45556159852606, 0.0 ] ] ] } },
{ "type": "Feature", "properties": { "Vill_LGD": "482300", "Villl_name": "Karondiya", "Sub_dist": "BERASIA", "District": "BHOPAL" }, "geometry": { "type": "Polygon", "coordinates": [ [ [ 77.340164066085379, 23.455720285793422, 0.0 ], [ 77.34009531009562, 23.44799841203994, 0.0 ], [ 77.349158677313923, 23.436263502505899, 0.0 ], [ 77.348208941893972, 23.425960742236967, 0.0 ], [ 77.333319247268676, 23.429752745971722, 0.0 ], [ 77.319911087113965, 23.438587800693227, 0.0 ], [ 77.323512053474232, 23.442283016090474, 0.0 ], [ 77.32476721871484, 23.449022839903229, 0.0 ], [ 77.328459905267934, 23.452183001393781, 0.0 ], [ 77.328600974604058, 23.454545441565507, 0.0 ], [ 77.33149038598755, 23.456175499219114, 0.0 ], [ 77.340164066085379, 23.455720285793422, 0.0 ] ] ] } },
{ "type": "Feature", "properties": { "Vill_LGD": "482200", "Villl_name": "Karariya", "Sub_dist": "BERASIA", "District": "BHOPAL" }, "geometry": { "type": "Polygon", "coordinates": [ [ [ 77.488846319255885, 23.657642761131726, 0.0 ], [ 77.489264975445693, 23.652499074187983, 0.0 ], [ 77.486046753888942, 23.652855993148826, 0.0 ], [ 77.481644752172926, 23.64873357706939, 0.0 ], [ 77.461262883600028, 23.642099044087427, 0.0 ], [ 77.453134696226428, 23.644667885904958, 0.0 ], [ 77.455389236185923, 23.650848536313713, 0.0 ], [ 77.454500507653734, 23.653818103258264, 0.0 ], [ 77.456880746865906, 23.666923766323976, 0.0 ], [ 77.463184297985492, 23.66625295326315, 0.0 ], [ 77.481058809008999, 23.668922707724615, 0.0 ], [ 77.488846319255885, 23.657642761131726, 0.0 ] ] ] } },
{ "type": "Feature", "properties": { "Vill_LGD": "482190", "Villl_name": "Semri khurd", "Sub_dist": "BERASIA", "District": "BHOPAL" }, "geometry": { "type": "Polygon", "coordinates": [ [ [ 77.50232412930032, 23.685069678592036, 0.0 ], [ 77.500933851831164, 23.677037265022495, 0.0 ], [ 77.502717852347459, 23.671535357113129, 0.0 ], [ 77.504507207681854, 23.670364661879695, 0.0 ], [ 77.498457427372898, 23.664300605036434, 0.0 ], [ 77.494188675630582, 23.66297286583309, 0.0 ], [ 77.492167323165219, 23.658707681756372, 0.0 ], [ 77.488846319255885, 23.657642761131726, 0.0 ], [ 77.481058809008999, 23.668922707724615, 0.0 ], [ 77.488911030755801, 23.673662595639904, 0.0 ], [ 77.489694467981991, 23.685421296157291, 0.0 ], [ 77.491677730675093, 23.688256885231283, 0.0 ], [ 77.50232412930032, 23.685069678592036, 0.0 ] ] ] } },
{ "type": "Feature", "properties": { "Vill_LGD": "482293", "Villl_name": "Kutkipura", "Sub_dist": "BERASIA", "District": "BHOPAL" }, "geometry": { "type": "Polygon", "coordinates": [ [ [ 77.313432899911007, 23.454959836516284, 0.0 ], [ 77.315188104087156, 23.452410597145882, 0.0 ], [ 77.319187476609457, 23.452107917563051, 0.0 ], [ 77.320235077495383, 23.449165156461074, 0.0 ], [ 77.32476721871484, 23.449022839903229, 0.0 ], [ 77.323512053474232, 23.442283016090474, 0.0 ], [ 77.314205040082498, 23.434691854181825, 0.0 ], [ 77.306284653087246, 23.4357446630993, 0.0 ], [ 77.302432651716771, 23.452254389924562, 0.0 ], [ 77.313432899911007, 23.454959836516284, 0.0 ] ] ] } },
{ "type": "Feature", "properties": { "Vill_LGD": "482294", "Villl_name": "Khedi", "Sub_dist": "BERASIA", "District": "BHOPAL" }, "geometry": { "type": "Polygon", "coordinates": [ [ [ 77.337442310005883, 23.464893849056558, 0.0 ], [ 77.340164066085379, 23.455720285793422, 0.0 ], [ 77.33149038598755, 23.456175499219114, 0.0 ], [ 77.327703473459934, 23.454655024334325, 0.0 ], [ 77.325993831239757, 23.466733168133857, 0.0 ], [ 77.321225544638693, 23.473534496017038, 0.0 ], [ 77.324971267761669, 23.479116085934439, 0.0 ], [ 77.328401846269202, 23.479058626419729, 0.0 ], [ 77.330320484987183, 23.46647730605201, 0.0 ], [ 77.337442310005883, 23.464893849056558, 0.0 ] ] ] } },
{ "type": "Feature", "properties": { "Vill_LGD": "482288", "Villl_name": "Chakpipal kheda", "Sub_dist": "BERASIA", "District": "BHOPAL" }, "geometry": { "type": "Polygon", "coordinates": [ [ [ 77.351107791788664, 23.494240653224544, 0.0 ], [ 77.348294615417828, 23.492575779456363, 0.0 ], [ 77.347466563389162, 23.494410343727111, 0.0 ], [ 77.339964123278463, 23.493617984553936, 0.0 ], [ 77.337422858053998, 23.499176405049354, 0.0 ], [ 77.335161085668631, 23.500666912323105, 0.0 ], [ 77.347081091440515, 23.499735577549629, 0.0 ], [ 77.347352349504973, 23.497429879808216, 0.0 ], [ 77.350942955868135, 23.497130067833801, 0.0 ], [ 77.351107791788664, 23.494240653224544, 0.0 ] ] ] } },
{ "type": "Feature", "properties": { "Vill_LGD": "482289", "Villl_name": "Pipalkheda", "Sub_dist": "BERASIA", "District": "BHOPAL" }, "geometry": { "type": "Polygon", "coordinates": [ [ [ 77.347466563389162, 23.494410343727111, 0.0 ], [ 77.345296257155823, 23.480229828144925, 0.0 ], [ 77.337429758205303, 23.470967776086574, 0.0 ], [ 77.342245280631317, 23.467523145013512, 0.0 ], [ 77.337442310005883, 23.464893849056558, 0.0 ], [ 77.330320484987183, 23.46647730605201, 0.0 ], [ 77.328401846269202, 23.479058626419729, 0.0 ], [ 77.325000787594348, 23.479137406128729, 0.0 ], [ 77.327620238482766, 23.497928457748571, 0.0 ], [ 77.335161085668631, 23.500666912323105, 0.0 ], [ 77.337422858053998, 23.499176405049354, 0.0 ], [ 77.339964123278463, 23.493617984553936, 0.0 ], [ 77.347466563389162, 23.494410343727111, 0.0 ] ] ] } },
{ "type": "Feature", "properties": { "Vill_LGD": "482299", "Villl_name": "Gunga", "Sub_dist": "BERASIA", "District": "BHOPAL" }, "geometry": { "type": "Polygon", "coordinates": [ [ [ 77.364997472336483, 23.467100750766072, 0.0 ], [ 77.369975305422884, 23.465768253498243, 0.0 ], [ 77.371928841961036, 23.458249155644097, 0.0 ], [ 77.379325397315867, 23.452781155444931, 0.0 ], [ 77.376733418530065, 23.441754617323284, 0.0 ], [ 77.373355445026107, 23.439688350539548, 0.0 ], [ 77.374689083833275, 23.436502171739786, 0.0 ], [ 77.371770232100346, 23.430664201980814, 0.0 ], [ 77.369566258424854, 23.433777630984839, 0.0 ], [ 77.363167861020997, 23.435428426180295, 0.0 ], [ 77.362819063324778, 23.439313038182327, 0.0 ], [ 77.360946876112962, 23.438772732138002, 0.0 ], [ 77.361182285553909, 23.440326717026199, 0.0 ], [ 77.359548639142815, 23.43974454863692, 0.0 ], [ 77.355339276602095, 23.442349658619289, 0.0 ], [ 77.349158677313923, 23.436263502505899, 0.0 ], [ 77.339671766080173, 23.449454641997352, 0.0 ], [ 77.340177588847695, 23.455889741334179, 0.0 ], [ 77.337442310005883, 23.464893849056558, 0.0 ], [ 77.342245280631317, 23.467523145013512, 0.0 ], [ 77.343456249290043, 23.466083701651677, 0.0 ], [ 77.352928845904017, 23.465673074481494, 0.0 ], [ 77.364997472336483, 23.467100750766072, 0.0 ] ] ] } },
{ "type": "Feature", "properties": { "Vill_LGD": "482297", "Villl_name": "Manikhedi", "Sub_dist": "BERASIA", "District": "BHOPAL" }, "geometry": { "type": "Polygon", "coordinates": [ [ [ 77.369328913984617, 23.48886393618022, 0.0 ], [ 77.365928040405635, 23.481027949725132, 0.0 ], [ 77.367068594285058, 23.473731569740149, 0.0 ], [ 77.364997472336483, 23.467100750766072, 0.0 ], [ 77.343456249290043, 23.466083701651677, 0.0 ], [ 77.337429758205303, 23.470967776086574, 0.0 ], [ 77.345296257155823, 23.480229828144925, 0.0 ], [ 77.347452287728601, 23.492554365468436, 0.0 ], [ 77.349086976475405, 23.493682229091345, 0.0 ], [ 77.357876229269337, 23.494491841488493, 0.0 ], [ 77.360427350527601, 23.49131953997486, 0.0 ], [ 77.369328913984617, 23.48886393618022, 0.0 ] ] ] } },
{ "type": "Feature", "properties": { "Vill_LGD": "482286", "Villl_name": "Ijagiri", "Sub_dist": "BERASIA", "District": "BHOPAL" }, "geometry": { "type": "Polygon", "coordinates": [ [ [ 77.351381202959928, 23.525533986698427, 0.0 ], [ 77.359808990818962, 23.519449209774244, 0.0 ], [ 77.364410229536219, 23.511362220183127, 0.0 ], [ 77.365528576343763, 23.505889459585106, 0.0 ], [ 77.359882114847878, 23.499881320202608, 0.0 ], [ 77.357876229269337, 23.494491841488493, 0.0 ], [ 77.351324726879128, 23.494109240112049, 0.0 ], [ 77.350942955868135, 23.497130067833801, 0.0 ], [ 77.347352349504973, 23.497429879808216, 0.0 ], [ 77.347081091440515, 23.499735577549629, 0.0 ], [ 77.335225684813594, 23.500798553467593, 0.0 ], [ 77.339968631620792, 23.508495150931054, 0.0 ], [ 77.340000521921866, 23.520989727357112, 0.0 ], [ 77.346912574169679, 23.523097419437075, 0.0 ], [ 77.348839938947179, 23.521874376186091, 0.0 ], [ 77.351381202959928, 23.525533986698427, 0.0 ] ] ] } },
{ "type": "Feature", "properties": { "Vill_LGD": "482306", "Villl_name": "Mudia kheda", "Sub_dist": "BERASIA", "District": "BHOPAL" }, "geometry": { "type": "Polygon", "coordinates": [ [ [ 77.393035766547428, 23.444582606113691, 0.0 ], [ 77.389669188775997, 23.441597619242994, 0.0 ], [ 77.387921568628627, 23.436401954381708, 0.0 ], [ 77.386886568658298, 23.438879585875377, 0.0 ], [ 77.376813051928536, 23.438811788758546, 0.0 ], [ 77.377980255887607, 23.448716919975244, 0.0 ], [ 77.386984136679516, 23.446518298062447, 0.0 ], [ 77.38827856270774, 23.447836519959505, 0.0 ], [ 77.393035766547428, 23.444582606113691, 0.0 ] ] ] } },
{ "type": "Feature", "properties": { "Vill_LGD": "482309", "Villl_name": "Kotra chopra", "Sub_dist": "BERASIA", "District": "BHOPAL" }, "geometry": { "type": "Polygon", "coordinates": [ [ [ 77.457307565417409, 23.450753585214425, 0.0 ], [ 77.457982458619085, 23.438737995536034, 0.0 ], [ 77.445806412882519, 23.43839241713161, 0.0 ], [ 77.445303835623506, 23.436868982291006, 0.0 ], [ 77.441249671308611, 23.43612318100709, 0.0 ], [ 77.438172702724785, 23.43869350764793, 0.0 ], [ 77.435896147959227, 23.436260816568304, 0.0 ], [ 77.427011655850151, 23.437696695340545, 0.0 ], [ 77.428860659517724, 23.441622018009454, 0.0 ], [ 77.427975499996407, 23.44806083876686, 0.0 ], [ 77.432208560846988, 23.450016755731685, 0.0 ], [ 77.426562900860873, 23.455875528603077, 0.0 ], [ 77.430467449766013, 23.459471703220828, 0.0 ], [ 77.434350729312968, 23.460699504748181, 0.0 ], [ 77.437727185439456, 23.46587245334366, 0.0 ], [ 77.443575012368825, 23.470080693707644, 0.0 ], [ 77.447156784306102, 23.470921896412111, 0.0 ], [ 77.451501679600142, 23.466262911782614, 0.0 ], [ 77.457307565417409, 23.450753585214425, 0.0 ] ] ] } },
{ "type": "Feature", "properties": { "Vill_LGD": "482307", "Villl_name": "Berkhedi kalan", "Sub_dist": "BERASIA", "District": "BHOPAL" }, "geometry": { "type": "Polygon", "coordinates": [ [ [ 77.427011655850151, 23.437696695340545, 0.0 ], [ 77.413862338673255, 23.436641530722174, 0.0 ], [ 77.410340737053161, 23.434081230826006, 0.0 ], [ 77.407424687749383, 23.435453204996318, 0.0 ], [ 77.406327963439495, 23.441741529812095, 0.0 ], [ 77.4139636551227, 23.447470083139279, 0.0 ], [ 77.41616465526063, 23.451170145163555, 0.0 ], [ 77.427348123039138, 23.454430006266755, 0.0 ], [ 77.432208560846988, 23.450016755731685, 0.0 ], [ 77.427975499996407, 23.44806083876686, 0.0 ], [ 77.428860659517724, 23.441622018009454, 0.0 ], [ 77.427011655850151, 23.437696695340545, 0.0 ] ] ] } },
{ "type": "Feature", "properties": { "Vill_LGD": "482319", "Villl_name": "Sukaliya", "Sub_dist": "BERASIA", "District": "BHOPAL" }, "geometry": { "type": "Polygon", "coordinates": [ [ [ 77.456246622088884, 23.478749735685692, 0.0 ], [ 77.45099277337701, 23.477919305385544, 0.0 ], [ 77.451730405857248, 23.476087120302626, 0.0 ], [ 77.448485995807687, 23.477106900273178, 0.0 ], [ 77.446309695733035, 23.472830223547096, 0.0 ], [ 77.447366176985597, 23.471302610089989, 0.0 ], [ 77.445161513881089, 23.469500436877663, 0.0 ], [ 77.442795139806137, 23.471412333783501, 0.0 ], [ 77.440501338582763, 23.470289228585099, 0.0 ], [ 77.437593638251954, 23.472030994261747, 0.0 ], [ 77.425938832893848, 23.472058097004165, 0.0 ], [ 77.425766916639915, 23.477912166137823, 0.0 ], [ 77.428051199870879, 23.486591250608555, 0.0 ], [ 77.440160871781899, 23.485966047092202, 0.0 ], [ 77.440685542613082, 23.487377067227612, 0.0 ], [ 77.447624645483018, 23.487933265957889, 0.0 ], [ 77.447606799263795, 23.485648984238846, 0.0 ], [ 77.455708864641991, 23.482371276364223, 0.0 ], [ 77.456246622088884, 23.478749735685692, 0.0 ] ] ] } },
{ "type": "Feature", "properties": { "Vill_LGD": "482302", "Villl_name": "Pardi", "Sub_dist": "BERASIA", "District": "BHOPAL" }, "geometry": { "type": "Polygon", "coordinates": [ [ [ 77.429863419076412, 23.502484813523424, 0.0 ], [ 77.428422395772515, 23.496214980394452, 0.0 ], [ 77.429564536656741, 23.492925374764365, 0.0 ], [ 77.425766916639915, 23.477912166137823, 0.0 ], [ 77.418772655230768, 23.479738386202282, 0.0 ], [ 77.416131441547449, 23.478719339252496, 0.0 ], [ 77.412714163994892, 23.480465062402722, 0.0 ], [ 77.411955294308783, 23.485745383007455, 0.0 ], [ 77.414385913917513, 23.49317049030493, 0.0 ], [ 77.419204321492543, 23.494734987253985, 0.0 ], [ 77.419650470512366, 23.499172682137715, 0.0 ], [ 77.422660489344082, 23.499773496116461, 0.0 ], [ 77.422505824219257, 23.502652642927739, 0.0 ], [ 77.429863419076412, 23.502484813523424, 0.0 ] ] ] } },
{ "type": "Feature", "properties": { "Vill_LGD": "482282", "Villl_name": "Harrakheda", "Sub_dist": "BERASIA", "District": "BHOPAL" }, "geometry": { "type": "Polygon", "coordinates": [ [ [ 77.392595100832608, 23.529804896120883, 0.0 ], [ 77.412162943749252, 23.513955647442597, 0.0 ], [ 77.414268767257227, 23.509251451437244, 0.0 ], [ 77.418257933019419, 23.509395410149303, 0.0 ], [ 77.419918796734308, 23.505459780944957, 0.0 ], [ 77.428020860249021, 23.504477063831619, 0.0 ], [ 77.429693622568408, 23.505828598128293, 0.0 ], [ 77.433729025586175, 23.504149592811668, 0.0 ], [ 77.431087824844212, 23.502055667999464, 0.0 ], [ 77.424294463961076, 23.504066311963047, 0.0 ], [ 77.418983506342656, 23.501698748690139, 0.0 ], [ 77.413793902314495, 23.503804570793367, 0.0 ], [ 77.409482318189234, 23.500984910784052, 0.0 ], [ 77.404906615146956, 23.506702754761946, 0.0 ], [ 77.400173866943106, 23.503768879608611, 0.0 ], [ 77.398417824309561, 23.50733807098775, 0.0 ], [ 77.391669764754269, 23.506928182981007, 0.0 ], [ 77.386325008198185, 23.511493164361177, 0.0 ], [ 77.383079423308217, 23.520054466290709, 0.0 ], [ 77.377863643453608, 23.524327977721658, 0.0 ], [ 77.377402003650644, 23.527882529583096, 0.0 ], [ 77.392595100832608, 23.529804896120883, 0.0 ] ] ] } },
{ "type": "Feature", "properties": { "Vill_LGD": "482281", "Villl_name": "Dillod", "Sub_dist": "BERASIA", "District": "BHOPAL" }, "geometry": { "type": "Polygon", "coordinates": [ [ [ 77.377402003650644, 23.527882529583096, 0.0 ], [ 77.377863643453608, 23.524327977721658, 0.0 ], [ 77.383079423308217, 23.520054466290709, 0.0 ], [ 77.386325008198185, 23.511493164361177, 0.0 ], [ 77.391669764754269, 23.506928182981007, 0.0 ], [ 77.387860156799135, 23.505417845531653, 0.0 ], [ 77.388110000568233, 23.500806451166063, 0.0 ], [ 77.389816073285999, 23.500456670340661, 0.0 ], [ 77.385839993960829, 23.495588292948188, 0.0 ], [ 77.370649515005624, 23.491926301634848, 0.0 ], [ 77.369328913984617, 23.48886393618022, 0.0 ], [ 77.360427350527601, 23.49131953997486, 0.0 ], [ 77.357876229269337, 23.494491841488493, 0.0 ], [ 77.359882114847878, 23.499881320202608, 0.0 ], [ 77.365366772229748, 23.505346941629629, 0.0 ], [ 77.364933711028158, 23.509301606355614, 0.0 ], [ 77.359808990818962, 23.519449209774244, 0.0 ], [ 77.353440832240878, 23.526105072401926, 0.0 ], [ 77.365966314742906, 23.53062604764246, 0.0 ], [ 77.377402003650644, 23.527882529583096, 0.0 ] ] ] } },
{ "type": "Feature", "properties": { "Vill_LGD": "482284", "Villl_name": "Khadampur", "Sub_dist": "BERASIA", "District": "BHOPAL" }, "geometry": { "type": "Polygon", "coordinates": [ [ [ 77.394014578419259, 23.48394276446956, 0.0 ], [ 77.39274796851862, 23.479710444066267, 0.0 ], [ 77.384758499012946, 23.471244497763116, 0.0 ], [ 77.366502283101966, 23.468866049257777, 0.0 ], [ 77.367184395446273, 23.477977480361861, 0.0 ], [ 77.365928040405635, 23.481027949725132, 0.0 ], [ 77.370649515005624, 23.491926301634848, 0.0 ], [ 77.384619330995491, 23.495010083687433, 0.0 ], [ 77.387646005138862, 23.498593552007048, 0.0 ], [ 77.388588077710622, 23.497173902870781, 0.0 ], [ 77.385884295079165, 23.492838524931042, 0.0 ], [ 77.390892109111647, 23.488134092799775, 0.0 ], [ 77.390095227072223, 23.485609960299911, 0.0 ], [ 77.394014578419259, 23.48394276446956, 0.0 ] ] ] } },
{ "type": "Feature", "properties": { "Vill_LGD": "482283", "Villl_name": "Rusalli", "Sub_dist": "BERASIA", "District": "BHOPAL" }, "geometry": { "type": "Polygon", "coordinates": [ [ [ 77.400173866943106, 23.503768879608611, 0.0 ], [ 77.399272452021833, 23.491265105804587, 0.0 ], [ 77.393095727318112, 23.48423082527826, 0.0 ], [ 77.390095227072223, 23.485609960299911, 0.0 ], [ 77.390892109111647, 23.488134092799775, 0.0 ], [ 77.385884295079165, 23.492838524931042, 0.0 ], [ 77.388588077710622, 23.497173902870781, 0.0 ], [ 77.387717388934405, 23.498850534153117, 0.0 ], [ 77.389816073285999, 23.500456670340661, 0.0 ], [ 77.388110000568233, 23.500806451166063, 0.0 ], [ 77.387860156799135, 23.505417845531653, 0.0 ], [ 77.398417824309561, 23.50733807098775, 0.0 ], [ 77.400173866943106, 23.503768879608611, 0.0 ] ] ] } },
{ "type": "Feature", "properties": { "Vill_LGD": "482312", "Villl_name": "Untkheda", "Sub_dist": "BERASIA", "District": "BHOPAL" }, "geometry": { "type": "Polygon", "coordinates": [ [ [ 77.446318705669157, 23.524290837689712, 0.0 ], [ 77.447708309688977, 23.511022964185727, 0.0 ], [ 77.449297789505508, 23.505978506557184, 0.0 ], [ 77.451429786666566, 23.505017203914527, 0.0 ], [ 77.450144877865142, 23.501657404112031, 0.0 ], [ 77.453866566426768, 23.497907372165052, 0.0 ], [ 77.446371264890601, 23.494262038635647, 0.0 ], [ 77.429564536656741, 23.492925374764365, 0.0 ], [ 77.428422395772515, 23.496214980394452, 0.0 ], [ 77.429725149775066, 23.502294503173296, 0.0 ], [ 77.431587512018652, 23.502198434465075, 0.0 ], [ 77.434435888331777, 23.50538958611207, 0.0 ], [ 77.430823866218617, 23.507709561106484, 0.0 ], [ 77.430217104108337, 23.50980824648823, 0.0 ], [ 77.430680936963626, 23.523026651197274, 0.0 ], [ 77.446318705669157, 23.524290837689712, 0.0 ] ] ] } },
{ "type": "Feature", "properties": { "Vill_LGD": "482311", "Villl_name": "Keshokhedi", "Sub_dist": "BERASIA", "District": "BHOPAL" }, "geometry": { "type": "Polygon", "coordinates": [ [ [ 77.433767259352081, 23.505114758871311, 0.0 ], [ 77.419918796734308, 23.505459780944957, 0.0 ], [ 77.418257933019419, 23.509395410149303, 0.0 ], [ 77.414268767257227, 23.509251451437244, 0.0 ], [ 77.412384233019338, 23.513677250214123, 0.0 ], [ 77.41722762672849, 23.515784261919688, 0.0 ], [ 77.417657118973864, 23.519192839678894, 0.0 ], [ 77.430300652928352, 23.521376627381461, 0.0 ], [ 77.430217104108337, 23.50980824648823, 0.0 ], [ 77.433767259352081, 23.505114758871311, 0.0 ] ] ] } },
{ "type": "Feature", "properties": { "Vill_LGD": "482280", "Villl_name": "Kolu khedi", "Sub_dist": "BERASIA", "District": "BHOPAL" }, "geometry": { "type": "Polygon", "coordinates": [ [ [ 77.431171106090233, 23.526466557778463, 0.0 ], [ 77.430300652928352, 23.521376627381461, 0.0 ], [ 77.417657118973864, 23.519192839678894, 0.0 ], [ 77.41722762672849, 23.515784261919688, 0.0 ], [ 77.412384233019338, 23.513677250214123, 0.0 ], [ 77.402584793800855, 23.520952869000148, 0.0 ], [ 77.409805742312258, 23.520089556188562, 0.0 ], [ 77.414202985712024, 23.524194127536497, 0.0 ], [ 77.417400982703825, 23.524265511258317, 0.0 ], [ 77.41899284125077, 23.522709342935062, 0.0 ], [ 77.421255708400125, 23.523608779648551, 0.0 ], [ 77.425260342150096, 23.525600388386955, 0.0 ], [ 77.424639301957939, 23.527584859024039, 0.0 ], [ 77.428137109628437, 23.532788740037031, 0.0 ], [ 77.431171106090233, 23.526466557778463, 0.0 ] ] ] } },
{ "type": "Feature", "properties": { "Vill_LGD": "482298", "Villl_name": "Chandbad kadim", "Sub_dist": "BERASIA", "District": "BHOPAL" }, "geometry": { "type": "Polygon", "coordinates": [ [ [ 77.388560475424896, 23.473683864182007, 0.0 ], [ 77.394741125144947, 23.469472217933031, 0.0 ], [ 77.39404751137009, 23.45983896973366, 0.0 ], [ 77.38677290591049, 23.460917460790061, 0.0 ], [ 77.380930137510546, 23.458641506473224, 0.0 ], [ 77.380266269138176, 23.452409698514217, 0.0 ], [ 77.371928841961036, 23.458249155644097, 0.0 ], [ 77.369975305422884, 23.465768253498243, 0.0 ], [ 77.364997472336483, 23.467100750766072, 0.0 ], [ 77.366502283101966, 23.468866049257777, 0.0 ], [ 77.384758499012946, 23.471244497763116, 0.0 ], [ 77.388560475424896, 23.473683864182007, 0.0 ] ] ] } },
{ "type": "Feature", "properties": { "Vill_LGD": "482305", "Villl_name": "Jetpura", "Sub_dist": "BERASIA", "District": "BHOPAL" }, "geometry": { "type": "Polygon", "coordinates": [ [ [ 77.39404751137009, 23.45983896973366, 0.0 ], [ 77.40232208844391, 23.456251932864316, 0.0 ], [ 77.396650545336954, 23.44467426493425, 0.0 ], [ 77.392076182799954, 23.444538587517616, 0.0 ], [ 77.38827856270774, 23.447836519959505, 0.0 ], [ 77.386984136679516, 23.446518298062447, 0.0 ], [ 77.377980255887607, 23.448716919975244, 0.0 ], [ 77.379325397315867, 23.452781155444931, 0.0 ], [ 77.380359068084658, 23.452459667558756, 0.0 ], [ 77.380930137510546, 23.458641506473224, 0.0 ], [ 77.38677290591049, 23.460917460790061, 0.0 ], [ 77.39404751137009, 23.45983896973366, 0.0 ] ] ] } },
{ "type": "Feature", "properties": { "Vill_LGD": "482308", "Villl_name": "Sagoni jora", "Sub_dist": "BERASIA", "District": "BHOPAL" }, "geometry": { "type": "Polygon", "coordinates": [ [ [ 77.425938832893848, 23.472058097004165, 0.0 ], [ 77.437593638251954, 23.472030994261747, 0.0 ], [ 77.440501338582763, 23.470289228585099, 0.0 ], [ 77.442795139806137, 23.471412333783501, 0.0 ], [ 77.443575012368825, 23.470080693707644, 0.0 ], [ 77.437727185439456, 23.46587245334366, 0.0 ], [ 77.434350729312968, 23.460699504748181, 0.0 ], [ 77.426890076891354, 23.456214602522355, 0.0 ], [ 77.42847771751903, 23.460729483128201, 0.0 ], [ 77.422293499034723, 23.460493917406978, 0.0 ], [ 77.422103141571441, 23.462445074374134, 0.0 ], [ 77.423854424414998, 23.4698118857407, 0.0 ], [ 77.425938832893848, 23.472058097004165, 0.0 ] ] ] } },
{ "type": "Feature", "properties": { "Vill_LGD": "482320", "Villl_name": "Pipaliya kadim", "Sub_dist": "BERASIA", "District": "BHOPAL" }, "geometry": { "type": "Polygon", "coordinates": [ [ [ 77.461491549682606, 23.492753459341397, 0.0 ], [ 77.459821763644214, 23.479731264246791, 0.0 ], [ 77.457573171803702, 23.479915672023647, 0.0 ], [ 77.456651131771793, 23.478380920479349, 0.0 ], [ 77.455708864641991, 23.482371276364223, 0.0 ], [ 77.447606799263795, 23.485648984238846, 0.0 ], [ 77.447624645483018, 23.487933265957889, 0.0 ], [ 77.440685542613082, 23.487377067227612, 0.0 ], [ 77.440160871781899, 23.485966047092202, 0.0 ], [ 77.428051199870879, 23.486591250608555, 0.0 ], [ 77.429564536656741, 23.492925374764365, 0.0 ], [ 77.446371264890601, 23.494262038635647, 0.0 ], [ 77.453913944833573, 23.498059660134444, 0.0 ], [ 77.461491549682606, 23.492753459341397, 0.0 ] ] ] } },
{ "type": "Feature", "properties": { "Vill_LGD": "482318", "Villl_name": "Budhor kalan", "Sub_dist": "BERASIA", "District": "BHOPAL" }, "geometry": { "type": "Polygon", "coordinates": [ [ [ 77.513393871588036, 23.501004739117214, 0.0 ], [ 77.510740891506359, 23.491316245362714, 0.0 ], [ 77.500867258198511, 23.485143970006597, 0.0 ], [ 77.496719131456487, 23.484962439499594, 0.0 ], [ 77.495820780048362, 23.483122609951398, 0.0 ], [ 77.487547520495937, 23.485133746542495, 0.0 ], [ 77.485804842922775, 23.487514332602888, 0.0 ], [ 77.483488162692353, 23.487021995860729, 0.0 ], [ 77.47916514935369, 23.489662057563685, 0.0 ], [ 77.483772629855082, 23.498796276663793, 0.0 ], [ 77.483686969454524, 23.503631341380959, 0.0 ], [ 77.48641145306442, 23.507445618452785, 0.0 ], [ 77.492479078473522, 23.505311241967988, 0.0 ], [ 77.497356061461289, 23.506015939960655, 0.0 ], [ 77.499561721887645, 23.504136384739066, 0.0 ], [ 77.513393871588036, 23.501004739117214, 0.0 ] ] ] } },
{ "type": "Feature", "properties": { "Vill_LGD": "482321", "Villl_name": "Hindola", "Sub_dist": "BERASIA", "District": "BHOPAL" }, "geometry": { "type": "Polygon", "coordinates": [ [ [ 77.47916514935369, 23.489662057563685, 0.0 ], [ 77.483124859352387, 23.486158944081616, 0.0 ], [ 77.482280990644341, 23.485343283639931, 0.0 ], [ 77.477055603648878, 23.484085082240938, 0.0 ], [ 77.473215153849608, 23.48495596603922, 0.0 ], [ 77.461493333598426, 23.48888674166437, 0.0 ], [ 77.46151058513621, 23.492962851696561, 0.0 ], [ 77.463283878604855, 23.496151924733358, 0.0 ], [ 77.469345555987687, 23.496651610345399, 0.0 ], [ 77.471551718723219, 23.502869914972145, 0.0 ], [ 77.478804315348441, 23.501884818245642, 0.0 ], [ 77.483686969454524, 23.503631341380959, 0.0 ], [ 77.483772629855082, 23.498796276663793, 0.0 ], [ 77.47916514935369, 23.489662057563685, 0.0 ] ] ] } },
{ "type": "Feature", "properties": { "Vill_LGD": "482317", "Villl_name": "Budhor khurd", "Sub_dist": "BERASIA", "District": "BHOPAL" }, "geometry": { "type": "Polygon", "coordinates": [ [ [ 77.511381641152127, 23.522022693002448, 0.0 ], [ 77.511230773431507, 23.517714097550769, 0.0 ], [ 77.517880204340528, 23.513702769627134, 0.0 ], [ 77.518428157669192, 23.507899333102333, 0.0 ], [ 77.516235428867901, 23.507373659341287, 0.0 ], [ 77.513393871588036, 23.501004739117214, 0.0 ], [ 77.499561721887645, 23.504136384739066, 0.0 ], [ 77.497356061461289, 23.506015939960655, 0.0 ], [ 77.492479078473522, 23.505311241967988, 0.0 ], [ 77.48641145306442, 23.507445618452785, 0.0 ], [ 77.492910356872969, 23.512261646920376, 0.0 ], [ 77.492986498498908, 23.514098590967535, 0.0 ], [ 77.501079078536847, 23.515829136281361, 0.0 ], [ 77.503786310510634, 23.518582342841331, 0.0 ], [ 77.501600517726771, 23.520910395529356, 0.0 ], [ 77.505659658756784, 23.523976720948223, 0.0 ], [ 77.511381641152127, 23.522022693002448, 0.0 ] ] ] } },
{ "type": "Feature", "properties": { "Vill_LGD": "482315", "Villl_name": "Khejra babbar", "Sub_dist": "BERASIA", "District": "BHOPAL" }, "geometry": { "type": "Polygon", "coordinates": [ [ [ 77.505659658756784, 23.523976720948223, 0.0 ], [ 77.501600517726771, 23.520910395529356, 0.0 ], [ 77.503786310510634, 23.518582342841331, 0.0 ], [ 77.501079078536847, 23.515829136281361, 0.0 ], [ 77.492986498498908, 23.514098590967535, 0.0 ], [ 77.492910356872969, 23.512261646920376, 0.0 ], [ 77.48641145306442, 23.507445618452785, 0.0 ], [ 77.478179445645196, 23.51789349740017, 0.0 ], [ 77.478548261521965, 23.521432945819537, 0.0 ], [ 77.485317829486277, 23.531765756172174, 0.0 ], [ 77.486412381022419, 23.536494934924708, 0.0 ], [ 77.491825654638376, 23.538285479568589, 0.0 ], [ 77.504325481166191, 23.53955258054528, 0.0 ], [ 77.505659658756784, 23.523976720948223, 0.0 ] ] ] } },
{ "type": "Feature", "properties": { "Vill_LGD": "482260", "Villl_name": "Sapaua", "Sub_dist": "BERASIA", "District": "BHOPAL" }, "geometry": { "type": "Polygon", "coordinates": [ [ [ 77.499167142544366, 23.592206777330638, 0.0 ], [ 77.48316876667306, 23.580293789718741, 0.0 ], [ 77.472649962875551, 23.581277201832432, 0.0 ], [ 77.466045896667907, 23.599491065631579, 0.0 ], [ 77.477609237926885, 23.604202574161832, 0.0 ], [ 77.487706399235037, 23.604971180504808, 0.0 ], [ 77.499167142544366, 23.592206777330638, 0.0 ] ] ] } },
{ "type": "Feature", "properties": { "Vill_LGD": "482316", "Villl_name": "Barri mustsil bagraj", "Sub_dist": "BERASIA", "District": "BHOPAL" }, "geometry": { "type": "Polygon", "coordinates": [ [ [ 77.478209189763646, 23.517780473894309, 0.0 ], [ 77.48641145306442, 23.507445618452785, 0.0 ], [ 77.483030238479458, 23.502888949430425, 0.0 ], [ 77.471551718723219, 23.502869914972145, 0.0 ], [ 77.469345555987687, 23.496651610345399, 0.0 ], [ 77.463283878604855, 23.496151924733358, 0.0 ], [ 77.461491549682606, 23.492753459341397, 0.0 ], [ 77.453913944833573, 23.498059660134444, 0.0 ], [ 77.454117629713636, 23.50292150022884, 0.0 ], [ 77.457300158936533, 23.50892964000073, 0.0 ], [ 77.460833658930667, 23.51003609065355, 0.0 ], [ 77.464158300689164, 23.517970296646425, 0.0 ], [ 77.478209189763646, 23.517780473894309, 0.0 ] ] ] } },
{ "type": "Feature", "properties": { "Vill_LGD": "482269", "Villl_name": "Barodi", "Sub_dist": "BERASIA", "District": "BHOPAL" }, "geometry": { "type": "Polygon", "coordinates": [ [ [ 77.47969616190089, 23.557438045736902, 0.0 ], [ 77.4809341953966, 23.543919851403587, 0.0 ], [ 77.479808669933433, 23.541938712979437, 0.0 ], [ 77.476751062856295, 23.540475344973096, 0.0 ], [ 77.472694081743654, 23.541850672325342, 0.0 ], [ 77.470395323340554, 23.534945477217647, 0.0 ], [ 77.4678611973535, 23.53348210867674, 0.0 ], [ 77.456454646906536, 23.535890886574251, 0.0 ], [ 77.457805003183964, 23.545625177466725, 0.0 ], [ 77.452256099982947, 23.551626179239623, 0.0 ], [ 77.452661472946858, 23.555920020494664, 0.0 ], [ 77.454103948458354, 23.554725937469701, 0.0 ], [ 77.457882531317097, 23.556086988586998, 0.0 ], [ 77.462598525248723, 23.555408395774947, 0.0 ], [ 77.464549682824952, 23.557911589229835, 0.0 ], [ 77.467131397469046, 23.558348220157264, 0.0 ], [ 77.467526036455638, 23.560405361855707, 0.0 ], [ 77.47969616190089, 23.557438045736902, 0.0 ] ] ] } },
{ "type": "Feature", "properties": { "Vill_LGD": "482313", "Villl_name": "Bagraj", "Sub_dist": "BERASIA", "District": "BHOPAL" }, "geometry": { "type": "Polygon", "coordinates": [ [ [ 77.464158300689164, 23.517970296646425, 0.0 ], [ 77.460833658930667, 23.51003609065355, 0.0 ], [ 77.457300158936533, 23.50892964000073, 0.0 ], [ 77.454117629713636, 23.50292150022884, 0.0 ], [ 77.453913944833573, 23.498059660134444, 0.0 ], [ 77.450144877865142, 23.501657404112031, 0.0 ], [ 77.451429786666566, 23.505017203914527, 0.0 ], [ 77.449297789505508, 23.505978506557184, 0.0 ], [ 77.447708309688977, 23.511022964185727, 0.0 ], [ 77.446318705669157, 23.524290837689712, 0.0 ], [ 77.450552497851874, 23.528590980704696, 0.0 ], [ 77.452537569008527, 23.524979848071386, 0.0 ], [ 77.464158300689164, 23.517970296646425, 0.0 ] ] ] } },
{ "type": "Feature", "properties": { "Vill_LGD": "482314", "Villl_name": "Ronjia bazaft", "Sub_dist": "BERASIA", "District": "BHOPAL" }, "geometry": { "type": "Polygon", "coordinates": [ [ [ 77.487304678881912, 23.536970827114118, 0.0 ], [ 77.481344128333134, 23.524323992014491, 0.0 ], [ 77.478548261521965, 23.521432945819537, 0.0 ], [ 77.478209189763646, 23.517780473894309, 0.0 ], [ 77.464158300689164, 23.517970296646425, 0.0 ], [ 77.472694081743654, 23.541850672325342, 0.0 ], [ 77.477476799587464, 23.54056457340495, 0.0 ], [ 77.480583225068244, 23.543122733223466, 0.0 ], [ 77.487304678881912, 23.536970827114118, 0.0 ] ] ] } },
{ "type": "Feature", "properties": { "Vill_LGD": "482275", "Villl_name": "Charpahadi bazyaft", "Sub_dist": "BERASIA", "District": "BHOPAL" }, "geometry": { "type": "Polygon", "coordinates": [ [ [ 77.454690881445714, 23.53709413027951, 0.0 ], [ 77.469112992643133, 23.53372124375699, 0.0 ], [ 77.464158300689164, 23.517970296646425, 0.0 ], [ 77.462282650726323, 23.520003205161679, 0.0 ], [ 77.459443954575434, 23.519697444936185, 0.0 ], [ 77.450943329950988, 23.527460436244567, 0.0 ], [ 77.45203892891567, 23.53516973450121, 0.0 ], [ 77.454690881445714, 23.53709413027951, 0.0 ] ] ] } },
{ "type": "Feature", "properties": { "Vill_LGD": "482268", "Villl_name": "Sagoni khurd", "Sub_dist": "BERASIA", "District": "BHOPAL" }, "geometry": { "type": "Polygon", "coordinates": [ [ [ 77.467151742379528, 23.567621535367824, 0.0 ], [ 77.467506163180929, 23.558889547670113, 0.0 ], [ 77.462598525248723, 23.555408395774947, 0.0 ], [ 77.459700439827813, 23.557914414561253, 0.0 ], [ 77.460785474732361, 23.561683481189043, 0.0 ], [ 77.457939639017752, 23.56443413626247, 0.0 ], [ 77.45913819419448, 23.567718298472681, 0.0 ], [ 77.467151742379528, 23.567621535367824, 0.0 ] ] ] } },
{ "type": "Feature", "properties": { "Vill_LGD": "482270", "Villl_name": "Darwaji", "Sub_dist": "BERASIA", "District": "BHOPAL" }, "geometry": { "type": "Polygon", "coordinates": [ [ [ 77.484611475964073, 23.561250936039794, 0.0 ], [ 77.482972678353974, 23.557752135590523, 0.0 ], [ 77.481095284729022, 23.557495153020156, 0.0 ], [ 77.467526036455638, 23.560405361855707, 0.0 ], [ 77.467151742379528, 23.567621535367824, 0.0 ], [ 77.471259303974193, 23.573925865086832, 0.0 ], [ 77.473601746243077, 23.568651880791283, 0.0 ], [ 77.48517843993487, 23.567003478924057, 0.0 ], [ 77.483665102305707, 23.563234413177, 0.0 ], [ 77.484611475964073, 23.561250936039794, 0.0 ] ] ] } },
{ "type": "Feature", "properties": { "Vill_LGD": "482274", "Villl_name": "Pipal khedi", "Sub_dist": "BERASIA", "District": "BHOPAL" }, "geometry": { "type": "Polygon", "coordinates": [ [ [ 77.504498807928883, 23.547600892420281, 0.0 ], [ 77.503331795352238, 23.543008528178191, 0.0 ], [ 77.504325481166191, 23.53955258054528, 0.0 ], [ 77.487304678881912, 23.536970827114118, 0.0 ], [ 77.480583225068244, 23.543122733223466, 0.0 ], [ 77.480457409714461, 23.552196781648195, 0.0 ], [ 77.493530725367918, 23.553228610891313, 0.0 ], [ 77.496177875305577, 23.549457165392216, 0.0 ], [ 77.504498807928883, 23.547600892420281, 0.0 ] ] ] } },
{ "type": "Feature", "properties": { "Vill_LGD": "482272", "Villl_name": "Chataua", "Sub_dist": "BERASIA", "District": "BHOPAL" }, "geometry": { "type": "Polygon", "coordinates": [ [ [ 77.515070664765943, 23.577170672146934, 0.0 ], [ 77.505701739642589, 23.568773332233672, 0.0 ], [ 77.505869564319539, 23.563863407693599, 0.0 ], [ 77.507894695369188, 23.561123253681739, 0.0 ], [ 77.497515726712905, 23.561477013199742, 0.0 ], [ 77.497978531986334, 23.570934179728269, 0.0 ], [ 77.496893497856348, 23.571412451724893, 0.0 ], [ 77.504488737005772, 23.58077087171338, 0.0 ], [ 77.505994936290904, 23.586424471366694, 0.0 ], [ 77.512976275454875, 23.581441880707583, 0.0 ], [ 77.515070664765943, 23.577170672146934, 0.0 ] ] ] } },
{ "type": "Feature", "properties": { "Vill_LGD": "482265", "Villl_name": "Langarpur", "Sub_dist": "BERASIA", "District": "BHOPAL" }, "geometry": { "type": "Polygon", "coordinates": [ [ [ 77.545295979730255, 23.590512324159491, 0.0 ], [ 77.533876687283154, 23.580126038016083, 0.0 ], [ 77.528725335271844, 23.580492976254142, 0.0 ], [ 77.524747737394094, 23.586398813329875, 0.0 ], [ 77.525435133390019, 23.599517455814699, 0.0 ], [ 77.521699379092297, 23.601009378066376, 0.0 ], [ 77.520671451941382, 23.60471181858663, 0.0 ], [ 77.524294281891486, 23.608180017948214, 0.0 ], [ 77.527713568800579, 23.608636874356559, 0.0 ], [ 77.528887831911632, 23.611862233418226, 0.0 ], [ 77.540498412068629, 23.61054996074073, 0.0 ], [ 77.543760652736566, 23.606495360125756, 0.0 ], [ 77.545295979730255, 23.590512324159491, 0.0 ] ] ] } },
{ "type": "Feature", "properties": { "Vill_LGD": "482266", "Villl_name": "Bineka", "Sub_dist": "BERASIA", "District": "BHOPAL" }, "geometry": { "type": "Polygon", "coordinates": [ [ [ 77.51566585869702, 23.601935840720881, 0.0 ], [ 77.525435133390019, 23.599517455814699, 0.0 ], [ 77.524747737394094, 23.586398813329875, 0.0 ], [ 77.528725335271844, 23.580492976254142, 0.0 ], [ 77.522619303146385, 23.576126049353835, 0.0 ], [ 77.515070664765943, 23.577170672146934, 0.0 ], [ 77.512976275454875, 23.581441880707583, 0.0 ], [ 77.505994936290904, 23.586424471366694, 0.0 ], [ 77.504004583356746, 23.580413377343351, 0.0 ], [ 77.499520792979894, 23.590868757912606, 0.0 ], [ 77.499776611457236, 23.59556681678314, 0.0 ], [ 77.51566585869702, 23.601935840720881, 0.0 ] ] ] } },
{ "type": "Feature", "properties": { "Vill_LGD": "482261", "Villl_name": "Jhikariya kalan", "Sub_dist": "BERASIA", "District": "BHOPAL" }, "geometry": { "type": "Polygon", "coordinates": [ [ [ 77.504004583356746, 23.580413377343351, 0.0 ], [ 77.496893497856348, 23.571412451724893, 0.0 ], [ 77.497978531986334, 23.570934179728269, 0.0 ], [ 77.497206397237321, 23.561334244403337, 0.0 ], [ 77.488253675406142, 23.562613204834669, 0.0 ], [ 77.484611475964073, 23.561250936039794, 0.0 ], [ 77.483665102305707, 23.563234413177, 0.0 ], [ 77.48517843993487, 23.567003478924057, 0.0 ], [ 77.473601746243077, 23.568651880791283, 0.0 ], [ 77.471259303974193, 23.573925865086832, 0.0 ], [ 77.472649962875551, 23.581277201832432, 0.0 ], [ 77.48316876667306, 23.580293789718741, 0.0 ], [ 77.499167142544366, 23.592206777330638, 0.0 ], [ 77.504004583356746, 23.580413377343351, 0.0 ] ] ] } },
{ "type": "Feature", "properties": { "Vill_LGD": "482273", "Villl_name": "Arrawati", "Sub_dist": "BERASIA", "District": "BHOPAL" }, "geometry": { "type": "Polygon", "coordinates": [ [ [ 77.494594938931428, 23.561500806886588, 0.0 ], [ 77.507894695369188, 23.561123253681739, 0.0 ], [ 77.510210418825551, 23.549674229561763, 0.0 ], [ 77.506653523097611, 23.549937517151836, 0.0 ], [ 77.504498807928883, 23.547600892420281, 0.0 ], [ 77.4941672302011, 23.550634999851503, 0.0 ], [ 77.493530725367918, 23.553228610891313, 0.0 ], [ 77.491990024831907, 23.553478455350827, 0.0 ], [ 77.493233292164334, 23.55844676893782, 0.0 ], [ 77.494594938931428, 23.561500806886588, 0.0 ] ] ] } },
{ "type": "Feature", "properties": { "Vill_LGD": "482258", "Villl_name": "Bhonrasa", "Sub_dist": "BERASIA", "District": "BHOPAL" }, "geometry": { "type": "Polygon", "coordinates": [ [ [ 77.486300126955641, 23.613663895062665, 0.0 ], [ 77.487706399235037, 23.604971180504808, 0.0 ], [ 77.477609237926885, 23.604202574161832, 0.0 ], [ 77.466048626512602, 23.599491240736846, 0.0 ], [ 77.452833568740886, 23.599582163433475, 0.0 ], [ 77.453088244618812, 23.620762417932699, 0.0 ], [ 77.455664012113559, 23.624444633818275, 0.0 ], [ 77.470302525036161, 23.621277983468264, 0.0 ], [ 77.470268022321505, 23.615666025075178, 0.0 ], [ 77.486300126955641, 23.613663895062665, 0.0 ] ] ] } },
{ "type": "Feature", "properties": { "Vill_LGD": "482257", "Villl_name": "Barrichheer kheda", "Sub_dist": "BERASIA", "District": "BHOPAL" }, "geometry": { "type": "Polygon", "coordinates": [ [ [ 77.483223692889737, 23.632050498579488, 0.0 ], [ 77.486300126955641, 23.613663895062665, 0.0 ], [ 77.470168085333498, 23.615708855074381, 0.0 ], [ 77.470302525036161, 23.621277983468264, 0.0 ], [ 77.458750241656361, 23.624638972031082, 0.0 ], [ 77.458048231561989, 23.627228603038105, 0.0 ], [ 77.458525545277595, 23.631389550164076, 0.0 ], [ 77.466474825126923, 23.632908848034695, 0.0 ], [ 77.467262427205611, 23.63152965328392, 0.0 ], [ 77.47243775451409, 23.630937167821937, 0.0 ], [ 77.479162110765145, 23.633050128883085, 0.0 ], [ 77.483223692889737, 23.632050498579488, 0.0 ] ] ] } },
{ "type": "Feature", "properties": { "Vill_LGD": "482262", "Villl_name": "Imalia narendra", "Sub_dist": "BERASIA", "District": "BHOPAL" }, "geometry": { "type": "Polygon", "coordinates": [ [ [ 77.508326150956037, 23.627794343824611, 0.0 ], [ 77.507482892586907, 23.621249925543079, 0.0 ], [ 77.500706188442024, 23.610951619231869, 0.0 ], [ 77.504116767384886, 23.598176179813318, 0.0 ], [ 77.499776611457236, 23.59556681678314, 0.0 ], [ 77.499167142544366, 23.592206777330638, 0.0 ], [ 77.487706399235037, 23.604971180504808, 0.0 ], [ 77.483223692889737, 23.632050498579488, 0.0 ], [ 77.490112232331299, 23.639460138964171, 0.0 ], [ 77.497795229613089, 23.644627306323972, 0.0 ], [ 77.496680139701198, 23.639015774596217, 0.0 ], [ 77.502833426672652, 23.635103941567415, 0.0 ], [ 77.508326150956037, 23.627794343824611, 0.0 ] ] ] } },
{ "type": "Feature", "properties": { "Vill_LGD": "482202", "Villl_name": "Mankhiyai", "Sub_dist": "BERASIA", "District": "BHOPAL" }, "geometry": { "type": "Polygon", "coordinates": [ [ [ 77.498846266436502, 23.651946860225859, 0.0 ], [ 77.499414140139223, 23.645161923044917, 0.0 ], [ 77.490112232331299, 23.639460138964171, 0.0 ], [ 77.483223692889737, 23.632050498579488, 0.0 ], [ 77.479337002140369, 23.633064406143998, 0.0 ], [ 77.472976703586482, 23.630926459959976, 0.0 ], [ 77.467262427205611, 23.63152965328392, 0.0 ], [ 77.463724642823195, 23.642525488905079, 0.0 ], [ 77.481644752172926, 23.64873357706939, 0.0 ], [ 77.486653516718278, 23.653070143544184, 0.0 ], [ 77.493159355296342, 23.653493509623637, 0.0 ], [ 77.496561985152653, 23.650888000485555, 0.0 ], [ 77.498846266436502, 23.651946860225859, 0.0 ] ] ] } },
{ "type": "Feature", "properties": { "Vill_LGD": "482178", "Villl_name": "Chhapryai", "Sub_dist": "BERASIA", "District": "BHOPAL" }, "geometry": { "type": "Polygon", "coordinates": [ [ [ 77.569563950098996, 23.643864967874222, 0.0 ], [ 77.572201183890897, 23.63837664667362, 0.0 ], [ 77.574066072771046, 23.638057218908749, 0.0 ], [ 77.570310896768135, 23.63451756874036, 0.0 ], [ 77.57095135929076, 23.630238310737838, 0.0 ], [ 77.567413280874902, 23.625651350248827, 0.0 ], [ 77.563374549530877, 23.627829606681221, 0.0 ], [ 77.565974706306434, 23.637173155869739, 0.0 ], [ 77.564790923906628, 23.639957124441402, 0.0 ], [ 77.569563950098996, 23.643864967874222, 0.0 ] ] ] } },
{ "type": "Feature", "properties": { "Vill_LGD": "482264", "Villl_name": "Dangroli", "Sub_dist": "BERASIA", "District": "BHOPAL" }, "geometry": { "type": "Polygon", "coordinates": [ [ [ 77.525560749766697, 23.616320748715722, 0.0 ], [ 77.532172676332053, 23.61436066820718, 0.0 ], [ 77.531009741110125, 23.612288097628078, 0.0 ], [ 77.528316760620768, 23.611605251163915, 0.0 ], [ 77.527713568800579, 23.608636874356559, 0.0 ], [ 77.521496035839604, 23.605917151227004, 0.0 ], [ 77.52188021834445, 23.601161662659845, 0.0 ], [ 77.51566585869702, 23.601935840720881, 0.0 ], [ 77.504116767384886, 23.598176179813318, 0.0 ], [ 77.500706188442024, 23.610951619231869, 0.0 ], [ 77.506608813306201, 23.619399900463016, 0.0 ], [ 77.517853081484986, 23.613455282932044, 0.0 ], [ 77.522057588970227, 23.61339817644156, 0.0 ], [ 77.525560749766697, 23.616320748715722, 0.0 ] ] ] } },
{ "type": "Feature", "properties": { "Vill_LGD": "482191", "Villl_name": "Dungariya", "Sub_dist": "BERASIA", "District": "BHOPAL" }, "geometry": { "type": "Polygon", "coordinates": [ [ [ 77.544529105293421, 23.687047963752562, 0.0 ], [ 77.550078007639868, 23.682612647654548, 0.0 ], [ 77.556673873651462, 23.683916592185497, 0.0 ], [ 77.561160417070326, 23.681992167749257, 0.0 ], [ 77.561128240223425, 23.677564297914451, 0.0 ], [ 77.553841856769708, 23.672622394805376, 0.0 ], [ 77.542664338630473, 23.672015631170403, 0.0 ], [ 77.533640232337021, 23.673395717983702, 0.0 ], [ 77.525056327682108, 23.66808357220539, 0.0 ], [ 77.5221533852243, 23.662634605366542, 0.0 ], [ 77.50970880332244, 23.664859402876122, 0.0 ], [ 77.5108698472892, 23.669792649067677, 0.0 ], [ 77.509765468810457, 23.67140792252928, 0.0 ], [ 77.502717852347459, 23.671535357113129, 0.0 ], [ 77.500933851831164, 23.677037265022495, 0.0 ], [ 77.503076039150528, 23.686473561109292, 0.0 ], [ 77.505724854474664, 23.684002251922333, 0.0 ], [ 77.51448127199771, 23.680823293381636, 0.0 ], [ 77.530490285562294, 23.682146273463793, 0.0 ], [ 77.533640692094636, 23.681070757439468, 0.0 ], [ 77.544529105293421, 23.687047963752562, 0.0 ] ] ] } },
{ "type": "Feature", "properties": { "Vill_LGD": "482179", "Villl_name": "Latifpur", "Sub_dist": "BERASIA", "District": "BHOPAL" }, "geometry": { "type": "Polygon", "coordinates": [ [ [ 77.573960595198898, 23.650005716033174, 0.0 ], [ 77.572002897084531, 23.647222387233555, 0.0 ], [ 77.572897574950943, 23.645249813515555, 0.0 ], [ 77.569886737394782, 23.645409055298792, 0.0 ], [ 77.568467191607127, 23.642140280902524, 0.0 ], [ 77.564802821075304, 23.640028509234948, 0.0 ], [ 77.565695119498059, 23.637678790923697, 0.0 ], [ 77.554443250124706, 23.639735237478519, 0.0 ], [ 77.560534488427862, 23.645735575335383, 0.0 ], [ 77.562783077711686, 23.650803827428557, 0.0 ], [ 77.565988212339789, 23.650061434889771, 0.0 ], [ 77.567031758090266, 23.652083964189949, 0.0 ], [ 77.57132653308841, 23.65204015445072, 0.0 ], [ 77.573960595198898, 23.650005716033174, 0.0 ] ] ] } },
{ "type": "Feature", "properties": { "Vill_LGD": "482196", "Villl_name": "Kulhor", "Sub_dist": "BERASIA", "District": "BHOPAL" }, "geometry": { "type": "Polygon", "coordinates": [ [ [ 77.531513986598512, 23.649369011673969, 0.0 ], [ 77.530758508268832, 23.633456366002754, 0.0 ], [ 77.529515238487193, 23.629910968557311, 0.0 ], [ 77.526332709636947, 23.627828940994608, 0.0 ], [ 77.516064046892424, 23.630875781842924, 0.0 ], [ 77.508326150956037, 23.627794343824611, 0.0 ], [ 77.502833426672652, 23.635103941567415, 0.0 ], [ 77.496330358355806, 23.639879518961148, 0.0 ], [ 77.498057847900427, 23.645454595377977, 0.0 ], [ 77.499635429942757, 23.645533119440962, 0.0 ], [ 77.498376324373865, 23.646426511070043, 0.0 ], [ 77.499266174535748, 23.647440004913214, 0.0 ], [ 77.503686248933633, 23.647424933183299, 0.0 ], [ 77.511324318418175, 23.651077405454657, 0.0 ], [ 77.518653058489349, 23.649191682608826, 0.0 ], [ 77.519723757262881, 23.659178340334318, 0.0 ], [ 77.523096643138615, 23.653259431057119, 0.0 ], [ 77.531513986598512, 23.649369011673969, 0.0 ] ] ] } },
{ "type": "Feature", "properties": { "Vill_LGD": "482197", "Villl_name": "Charpahari", "Sub_dist": "BERASIA", "District": "BHOPAL" }, "geometry": { "type": "Polygon", "coordinates": [ [ [ 77.525873503929319, 23.627821014104715, 0.0 ], [ 77.525536956280533, 23.616053059682081, 0.0 ], [ 77.522057588970227, 23.61339817644156, 0.0 ], [ 77.517853081484986, 23.613455282932044, 0.0 ], [ 77.506608813306201, 23.619399900463016, 0.0 ], [ 77.508326150956037, 23.627794343824611, 0.0 ], [ 77.516064046892424, 23.630875781842924, 0.0 ], [ 77.525873503929319, 23.627821014104715, 0.0 ] ] ] } },
{ "type": "Feature", "properties": { "Vill_LGD": "482192", "Villl_name": "Garenthiya bazyft", "Sub_dist": "BERASIA", "District": "BHOPAL" }, "geometry": { "type": "Polygon", "coordinates": [ [ [ 77.520324570975092, 23.662572901389655, 0.0 ], [ 77.518653058489349, 23.649191682608826, 0.0 ], [ 77.511324318418175, 23.651077405454657, 0.0 ], [ 77.500783306537159, 23.647210780633877, 0.0 ], [ 77.499266174535748, 23.647440004913214, 0.0 ], [ 77.498846266436502, 23.651946860225859, 0.0 ], [ 77.496157475672277, 23.650947486861241, 0.0 ], [ 77.491422349135519, 23.653630328630236, 0.0 ], [ 77.489264975445693, 23.652499074187983, 0.0 ], [ 77.488846319255885, 23.657642761131726, 0.0 ], [ 77.492167323165219, 23.658707681756372, 0.0 ], [ 77.494188675630582, 23.66297286583309, 0.0 ], [ 77.500391930042326, 23.66573542059221, 0.0 ], [ 77.504545278439139, 23.671311687395665, 0.0 ], [ 77.509765468810457, 23.67140792252928, 0.0 ], [ 77.5108698472892, 23.669792649067677, 0.0 ], [ 77.50970880332244, 23.664859402876122, 0.0 ], [ 77.520324570975092, 23.662572901389655, 0.0 ] ] ] } },
{ "type": "Feature", "properties": { "Vill_LGD": "482263", "Villl_name": "Dam kheda", "Sub_dist": "BERASIA", "District": "BHOPAL" }, "geometry": { "type": "Polygon", "coordinates": [ [ [ 77.53071686665308, 23.633331445165549, 0.0 ], [ 77.546170088021938, 23.631103664373097, 0.0 ], [ 77.545608534949849, 23.628205480989951, 0.0 ], [ 77.551314483337464, 23.626021135356687, 0.0 ], [ 77.557938901407567, 23.624660084127207, 0.0 ], [ 77.562678788316617, 23.625759395293109, 0.0 ], [ 77.567803048131566, 23.62266269129946, 0.0 ], [ 77.562351946323886, 23.61385816908447, 0.0 ], [ 77.56549669408929, 23.612644000573699, 0.0 ], [ 77.565034789822192, 23.610961174816772, 0.0 ], [ 77.558889830303599, 23.609753598659005, 0.0 ], [ 77.561590518586826, 23.604697244070277, 0.0 ], [ 77.555796530902469, 23.592686915226853, 0.0 ], [ 77.550059710845346, 23.58747790574062, 0.0 ], [ 77.545295979730255, 23.590512324159491, 0.0 ], [ 77.543389456374342, 23.607837376038045, 0.0 ], [ 77.540198598882043, 23.610699867475855, 0.0 ], [ 77.531009741110125, 23.612288097628078, 0.0 ], [ 77.53180148162923, 23.614855595988246, 0.0 ], [ 77.525560749766697, 23.616320748715722, 0.0 ], [ 77.525873503929319, 23.627821014104715, 0.0 ], [ 77.528759759387185, 23.628994877067875, 0.0 ], [ 77.53071686665308, 23.633331445165549, 0.0 ] ] ] } },
{ "type": "Feature", "properties": { "Vill_LGD": "482177", "Villl_name": "Chandan khedi", "Sub_dist": "BERASIA", "District": "BHOPAL" }, "geometry": { "type": "Polygon", "coordinates": [ [ [ 77.579243734560109, 23.667867720768079, 0.0 ], [ 77.589586359165594, 23.658787994725909, 0.0 ], [ 77.589011507337375, 23.652406393242213, 0.0 ], [ 77.585492061941736, 23.65267135287203, 0.0 ], [ 77.587964322654955, 23.650406105366436, 0.0 ], [ 77.581111473884704, 23.648942737804642, 0.0 ], [ 77.577742156794116, 23.649863588628865, 0.0 ], [ 77.574722620505867, 23.648000471207677, 0.0 ], [ 77.57132653308841, 23.65204015445072, 0.0 ], [ 77.567031758090266, 23.652083964189949, 0.0 ], [ 77.565988212339789, 23.650061434889771, 0.0 ], [ 77.562783077711686, 23.650803827428557, 0.0 ], [ 77.566817116782389, 23.656440908944159, 0.0 ], [ 77.57209735074413, 23.671981194957493, 0.0 ], [ 77.579243734560109, 23.667867720768079, 0.0 ] ] ] } },
{ "type": "Feature", "properties": { "Vill_LGD": "482193", "Villl_name": "Bairagarh", "Sub_dist": "BERASIA", "District": "BHOPAL" }, "geometry": { "type": "Polygon", "coordinates": [ [ [ 77.549517186638667, 23.672414190311411, 0.0 ], [ 77.549413739618259, 23.66282976168749, 0.0 ], [ 77.539724573995173, 23.645378794421283, 0.0 ], [ 77.531496140237564, 23.645591618665225, 0.0 ], [ 77.531513986598512, 23.649369011673969, 0.0 ], [ 77.520859950528475, 23.655740018620818, 0.0 ], [ 77.520324570975092, 23.662572901389655, 0.0 ], [ 77.522415126061347, 23.662777373430849, 0.0 ], [ 77.522260461166681, 23.664764223527584, 0.0 ], [ 77.525056327682108, 23.66808357220539, 0.0 ], [ 77.533640232337021, 23.673395717983702, 0.0 ], [ 77.549517186638667, 23.672414190311411, 0.0 ] ] ] } },
{ "type": "Feature", "properties": { "Vill_LGD": "482198", "Villl_name": "Jhikariya khurd", "Sub_dist": "BERASIA", "District": "BHOPAL" }, "geometry": { "type": "Polygon", "coordinates": [ [ [ 77.565695119498059, 23.637678790923697, 0.0 ], [ 77.563374549530877, 23.627829606681221, 0.0 ], [ 77.567413280874902, 23.625651350248827, 0.0 ], [ 77.566278993350423, 23.625281597838828, 0.0 ], [ 77.56699856963678, 23.623851803840935, 0.0 ], [ 77.562678788316617, 23.625759395293109, 0.0 ], [ 77.555064512652052, 23.624893270875351, 0.0 ], [ 77.545608534949849, 23.628205480989951, 0.0 ], [ 77.545618053571616, 23.633140482575623, 0.0 ], [ 77.549824939262933, 23.632716938945652, 0.0 ], [ 77.549758315237383, 23.636152880748462, 0.0 ], [ 77.551371589771421, 23.637466343831427, 0.0 ], [ 77.552804024760135, 23.6363099252921, 0.0 ], [ 77.554443250124706, 23.639735237478519, 0.0 ], [ 77.565695119498059, 23.637678790923697, 0.0 ] ] ] } },
{ "type": "Feature", "properties": { "Vill_LGD": "482195", "Villl_name": "Khejda kamal", "Sub_dist": "BERASIA", "District": "BHOPAL" }, "geometry": { "type": "Polygon", "coordinates": [ [ [ 77.539724573995173, 23.645378794421283, 0.0 ], [ 77.554909442152947, 23.641366883757147, 0.0 ], [ 77.554431577540655, 23.638023137173661, 0.0 ], [ 77.552561320232272, 23.636214746584539, 0.0 ], [ 77.551371589771421, 23.637466343831427, 0.0 ], [ 77.549829698761528, 23.636243299312056, 0.0 ], [ 77.549824939262933, 23.632716938945652, 0.0 ], [ 77.545936900679862, 23.633387947120006, 0.0 ], [ 77.544607179021654, 23.631099301728625, 0.0 ], [ 77.53071686665308, 23.633331445165549, 0.0 ], [ 77.531496140237564, 23.645591618665225, 0.0 ], [ 77.539724573995173, 23.645378794421283, 0.0 ] ] ] } },
{ "type": "Feature", "properties": { "Vill_LGD": "482304", "Villl_name": "Ratua ratanpur", "Sub_dist": "BERASIA", "District": "BHOPAL" }, "geometry": { "type": "Polygon", "coordinates": [ [ [ 77.425766916639915, 23.477912166137823, 0.0 ], [ 77.425938832893848, 23.472058097004165, 0.0 ], [ 77.423854424414998, 23.4698118857407, 0.0 ], [ 77.422103141571441, 23.462445074374134, 0.0 ], [ 77.422293499034723, 23.460493917406978, 0.0 ], [ 77.42847771751903, 23.460729483128201, 0.0 ], [ 77.426562900860873, 23.455875528603077, 0.0 ], [ 77.427348123039138, 23.454430006266755, 0.0 ], [ 77.415944556137518, 23.450997634304517, 0.0 ], [ 77.4139636551227, 23.447470083139279, 0.0 ], [ 77.406327963439495, 23.441741529812095, 0.0 ], [ 77.407165949430336, 23.434812539744478, 0.0 ], [ 77.404089332293424, 23.435049777158373, 0.0 ], [ 77.401146723051781, 23.441335018723624, 0.0 ], [ 77.397583897737348, 23.443095829853952, 0.0 ], [ 77.397581046729655, 23.445277727172432, 0.0 ], [ 77.396650545336954, 23.44467426493425, 0.0 ], [ 77.40232208844391, 23.456251932864316, 0.0 ], [ 77.39404751137009, 23.45983896973366, 0.0 ], [ 77.394959334202682, 23.465078845994544, 0.0 ], [ 77.40633619660872, 23.467823282886194, 0.0 ], [ 77.406721669989565, 23.471692285887528, 0.0 ], [ 77.410672764965085, 23.474126475310182, 0.0 ], [ 77.409430686117432, 23.47561839712197, 0.0 ], [ 77.411379285134757, 23.478127478451327, 0.0 ], [ 77.409150422488921, 23.482423162903078, 0.0 ], [ 77.411327116404578, 23.484469991976418, 0.0 ], [ 77.413085359426333, 23.484291234928133, 0.0 ], [ 77.41257615456459, 23.48062210604877, 0.0 ], [ 77.414746224613054, 23.479265812834658, 0.0 ], [ 77.425766916639915, 23.477912166137823, 0.0 ] ] ] } },
{ "type": "Feature", "properties": { "Vill_LGD": "482301", "Villl_name": "Hinoti sadak", "Sub_dist": "BERASIA", "District": "BHOPAL" }, "geometry": { "type": "Polygon", "coordinates": [ [ [ 77.426129177037353, 23.502622199056052, 0.0 ], [ 77.422505824219257, 23.502652642927739, 0.0 ], [ 77.422660489344082, 23.499773496116461, 0.0 ], [ 77.419650470512366, 23.499172682137715, 0.0 ], [ 77.419204321492543, 23.494734987253985, 0.0 ], [ 77.414385913917513, 23.49317049030493, 0.0 ], [ 77.412745274728209, 23.484660348861809, 0.0 ], [ 77.407824549691028, 23.480729479073108, 0.0 ], [ 77.397564314215444, 23.479963292983332, 0.0 ], [ 77.387670232752711, 23.47381656157615, 0.0 ], [ 77.399272452021833, 23.491265105804587, 0.0 ], [ 77.399613308514319, 23.502300452538268, 0.0 ], [ 77.403471799102959, 23.506317281906878, 0.0 ], [ 77.405070798090563, 23.506624233783114, 0.0 ], [ 77.409482318189234, 23.500984910784052, 0.0 ], [ 77.413793902314495, 23.503804570793367, 0.0 ], [ 77.418983506342656, 23.501698748690139, 0.0 ], [ 77.424294463961076, 23.504066311963047, 0.0 ], [ 77.426129177037353, 23.502622199056052, 0.0 ] ] ] } },
{ "type": "Feature", "properties": { "Vill_LGD": "482303", "Villl_name": "Bandikhedi", "Sub_dist": "BERASIA", "District": "BHOPAL" }, "geometry": { "type": "Polygon", "coordinates": [ [ [ 77.394959334202682, 23.465078845994544, 0.0 ], [ 77.394645946284129, 23.469614986375696, 0.0 ], [ 77.388560475424896, 23.473683864182007, 0.0 ], [ 77.397564314215444, 23.479963292983332, 0.0 ], [ 77.407824549691028, 23.480729479073108, 0.0 ], [ 77.409150422488921, 23.482423162903078, 0.0 ], [ 77.411379285134757, 23.478127478451327, 0.0 ], [ 77.409430686117432, 23.47561839712197, 0.0 ], [ 77.410672764965085, 23.474126475310182, 0.0 ], [ 77.406721669989565, 23.471692285887528, 0.0 ], [ 77.40633619660872, 23.467823282886194, 0.0 ], [ 77.394959334202682, 23.465078845994544, 0.0 ] ] ] } },
{ "type": "Feature", "properties": { "Vill_LGD": "482278", "Villl_name": "Tanda", "Sub_dist": "BERASIA", "District": "BHOPAL" }, "geometry": { "type": "Polygon", "coordinates": [ [ [ 77.402546006696227, 23.540583853850581, 0.0 ], [ 77.397249327720886, 23.536579220755726, 0.0 ], [ 77.392595100832608, 23.529804896120883, 0.0 ], [ 77.382377457012154, 23.529360175153865, 0.0 ], [ 77.379115216193753, 23.533750280465597, 0.0 ], [ 77.377152161436186, 23.545100309369751, 0.0 ], [ 77.378508327227777, 23.549009829273579, 0.0 ], [ 77.391468168193853, 23.55448825445562, 0.0 ], [ 77.396821955728342, 23.554672663364482, 0.0 ], [ 77.402546006696227, 23.540583853850581, 0.0 ] ] ] } },
{ "type": "Feature", "properties": { "Vill_LGD": "482271", "Villl_name": "Khuja khedi", "Sub_dist": "BERASIA", "District": "BHOPAL" }, "geometry": { "type": "Polygon", "coordinates": [ [ [ 77.494414007441776, 23.560985372290087, 0.0 ], [ 77.491921785025355, 23.55343342937088, 0.0 ], [ 77.480457409714461, 23.552196781648195, 0.0 ], [ 77.479075122559891, 23.556695654344601, 0.0 ], [ 77.482972678353974, 23.557752135590523, 0.0 ], [ 77.484611475964073, 23.561250936039794, 0.0 ], [ 77.488253675406142, 23.562613204834669, 0.0 ], [ 77.494414007441776, 23.560985372290087, 0.0 ] ] ] } },
{ "type": "Feature", "properties": { "Vill_LGD": "482144", "Villl_name": "Bhanpura(Manpura)", "Sub_dist": "BERASIA", "District": "BHOPAL" }, "geometry": { "type": "Polygon", "coordinates": [ [ [ 77.403531037507364, 23.80961123884763, 0.0 ], [ 77.40826624501841, 23.800249874787202, 0.0 ], [ 77.40807112824254, 23.790446495726041, 0.0 ], [ 77.409065743497607, 23.788652381548239, 0.0 ], [ 77.411435686527383, 23.788899846286252, 0.0 ], [ 77.411543571777926, 23.786111998630787, 0.0 ], [ 77.408826227621702, 23.785545686496018, 0.0 ], [ 77.40736047914632, 23.787420701945578, 0.0 ], [ 77.405486693147793, 23.782006754105851, 0.0 ], [ 77.397534535158371, 23.779146641954874, 0.0 ], [ 77.392599532392339, 23.787220153245109, 0.0 ], [ 77.388143991697405, 23.788255217589821, 0.0 ], [ 77.381714439337273, 23.786217437033375, 0.0 ], [ 77.387057390566156, 23.813769182512356, 0.0 ], [ 77.388956369041438, 23.814314405853878, 0.0 ], [ 77.396802364296363, 23.807630420452856, 0.0 ], [ 77.400985455842957, 23.811185335625701, 0.0 ], [ 77.403531037507364, 23.80961123884763, 0.0 ] ] ] } },
{ "type": "Feature", "properties": { "Vill_LGD": "482118", "Villl_name": "Kanera", "Sub_dist": "BERASIA", "District": "BHOPAL" }, "geometry": { "type": "Polygon", "coordinates": [ [ [ 77.341166570803239, 23.725442806719787, 0.0 ], [ 77.33543518770017, 23.72352419529377, 0.0 ], [ 77.32385672945604, 23.72511367485335, 0.0 ], [ 77.316343375449122, 23.729030418480477, 0.0 ], [ 77.314570675612103, 23.734449640434075, 0.0 ], [ 77.319460468505639, 23.736513822291695, 0.0 ], [ 77.331024557664776, 23.734833773317611, 0.0 ], [ 77.341166570803239, 23.725442806719787, 0.0 ] ] ] } },
{ "type": "Feature", "properties": { "Vill_LGD": "937861", "Villl_name": "Shekhpura", "Sub_dist": "HUZUR", "District": "BHOPAL" }, "geometry": { "type": "Polygon", "coordinates": [ [ [ 77.254015409059193, 23.403592526244481, 0.0 ], [ 77.258581693083926, 23.395868435993265, 0.0 ], [ 77.259458818345777, 23.388504291412655, 0.0 ], [ 77.252153874310338, 23.386729212712755, 0.0 ], [ 77.250464455793605, 23.384601975147731, 0.0 ], [ 77.246675860988361, 23.387608993931853, 0.0 ], [ 77.238507555914893, 23.390209471913426, 0.0 ], [ 77.236434128316574, 23.389167561542529, 0.0 ], [ 77.227167580731489, 23.390952069610744, 0.0 ], [ 77.231451065373676, 23.394632786572377, 0.0 ], [ 77.233888776278178, 23.403837495066735, 0.0 ], [ 77.238905631982391, 23.402445034599793, 0.0 ], [ 77.24074114759965, 23.403351133208648, 0.0 ], [ 77.243226079102143, 23.401549596695364, 0.0 ], [ 77.245364245868444, 23.404417037700927, 0.0 ], [ 77.248293080398923, 23.405216631206066, 0.0 ], [ 77.254015409059193, 23.403592526244481, 0.0 ] ] ] } },
{ "type": "Feature", "properties": { "Vill_LGD": "482346", "Villl_name": "Pura Chhindwada", "Sub_dist": "HUZUR", "District": "BHOPAL" }, "geometry": { "type": "Polygon", "coordinates": [ [ [ 77.271470879039981, 23.40035594247605, 0.0 ], [ 77.271347086730586, 23.38239185308683, 0.0 ], [ 77.267922734985859, 23.373493955848271, 0.0 ], [ 77.265410285625862, 23.37239685171761, 0.0 ], [ 77.256265667736059, 23.374883771312742, 0.0 ], [ 77.248054370772735, 23.38656441049055, 0.0 ], [ 77.250502527795376, 23.384606733655133, 0.0 ], [ 77.252153874310338, 23.386729212712755, 0.0 ], [ 77.259458818345777, 23.388504291412655, 0.0 ], [ 77.258581693083926, 23.395868435993265, 0.0 ], [ 77.254015409059193, 23.403592526244481, 0.0 ], [ 77.271470879039981, 23.40035594247605, 0.0 ] ] ] } },
{ "type": "Feature", "properties": { "Vill_LGD": "482347", "Villl_name": "Daulatpur thikriya", "Sub_dist": "HUZUR", "District": "BHOPAL" }, "geometry": { "type": "Polygon", "coordinates": [ [ [ 77.265308777820678, 23.372413043506523, 0.0 ], [ 77.26479757568508, 23.369586505550629, 0.0 ], [ 77.261411603389746, 23.366248598415677, 0.0 ], [ 77.249247005146145, 23.35864701292742, 0.0 ], [ 77.241312315484834, 23.362320924981518, 0.0 ], [ 77.23404076404168, 23.363325740873893, 0.0 ], [ 77.232032749789511, 23.369578174505364, 0.0 ], [ 77.242071203579343, 23.376010934745906, 0.0 ], [ 77.246471011956217, 23.374275705072353, 0.0 ], [ 77.254323391666091, 23.377139862221465, 0.0 ], [ 77.256265667736059, 23.374883771312742, 0.0 ], [ 77.265308777820678, 23.372413043506523, 0.0 ] ] ] } },
{ "type": "Feature", "properties": { "Vill_LGD": "482349", "Villl_name": "Jhhirniya", "Sub_dist": "HUZUR", "District": "BHOPAL" }, "geometry": { "type": "Polygon", "coordinates": [ [ [ 77.249247005146145, 23.35864701292742, 0.0 ], [ 77.252400309737055, 23.352825381176103, 0.0 ], [ 77.250977694641946, 23.34545387399557, 0.0 ], [ 77.252979633264104, 23.342999754307218, 0.0 ], [ 77.24908921499653, 23.340629216957591, 0.0 ], [ 77.235205060006066, 23.33894574783158, 0.0 ], [ 77.227851531586055, 23.340887041964091, 0.0 ], [ 77.222528018593422, 23.344953369728167, 0.0 ], [ 77.221410684229852, 23.349370652043831, 0.0 ], [ 77.224148331639739, 23.35799792624065, 0.0 ], [ 77.231618568929832, 23.362245542080128, 0.0 ], [ 77.239772562102289, 23.362716108615341, 0.0 ], [ 77.249247005146145, 23.35864701292742, 0.0 ] ] ] } },
{ "type": "Feature", "properties": { "Vill_LGD": "482348", "Villl_name": "Mugaliya hat", "Sub_dist": "HUZUR", "District": "BHOPAL" }, "geometry": { "type": "Polygon", "coordinates": [ [ [ 77.269866802924184, 23.372086219640845, 0.0 ], [ 77.272247715636141, 23.357149496768411, 0.0 ], [ 77.276254779432065, 23.34595047094799, 0.0 ], [ 77.272795785553114, 23.346793090822207, 0.0 ], [ 77.268327156849153, 23.342122209029114, 0.0 ], [ 77.255375750587802, 23.338790964725852, 0.0 ], [ 77.251218832011773, 23.344275740538915, 0.0 ], [ 77.252400309737055, 23.352825381176103, 0.0 ], [ 77.249247005146145, 23.35864701292742, 0.0 ], [ 77.261411603389746, 23.366248598415677, 0.0 ], [ 77.26479757568508, 23.369586505550629, 0.0 ], [ 77.265308777820678, 23.372413043506523, 0.0 ], [ 77.269866802924184, 23.372086219640845, 0.0 ] ] ] } },
{ "type": "Feature", "properties": { "Vill_LGD": "482468", "Villl_name": "Kalan khedi", "Sub_dist": "HUZUR", "District": "BHOPAL" }, "geometry": { "type": "Polygon", "coordinates": [ [ [ 77.241527265805274, 23.339789559211567, 0.0 ], [ 77.236815681839531, 23.332195940753145, 0.0 ], [ 77.236180438275596, 23.318161075563676, 0.0 ], [ 77.217677257357948, 23.32052843688458, 0.0 ], [ 77.21770838860148, 23.330149457532531, 0.0 ], [ 77.220335907762944, 23.339676819568147, 0.0 ], [ 77.223405630585546, 23.34438964513258, 0.0 ], [ 77.228927324972133, 23.340527309439224, 0.0 ], [ 77.235205060006066, 23.33894574783158, 0.0 ], [ 77.241527265805274, 23.339789559211567, 0.0 ] ] ] } },
{ "type": "Feature", "properties": { "Vill_LGD": "482469", "Villl_name": "Rasooliya pathar", "Sub_dist": "HUZUR", "District": "BHOPAL" }, "geometry": { "type": "Polygon", "coordinates": [ [ [ 77.256294222879305, 23.338912317309109, 0.0 ], [ 77.25486934248616, 23.333301843021399, 0.0 ], [ 77.256690394705615, 23.320951375369376, 0.0 ], [ 77.247680046704943, 23.322154385796793, 0.0 ], [ 77.24233990481757, 23.320482954714748, 0.0 ], [ 77.240307040764364, 23.321977987856492, 0.0 ], [ 77.236504137092496, 23.321164477216392, 0.0 ], [ 77.236756196692113, 23.331952045968652, 0.0 ], [ 77.240751310979959, 23.339105896154262, 0.0 ], [ 77.24908921499653, 23.340629216957591, 0.0 ], [ 77.252979633264104, 23.342999754307218, 0.0 ], [ 77.256294222879305, 23.338912317309109, 0.0 ] ] ] } },
{ "type": "Feature", "properties": { "Vill_LGD": "482354", "Villl_name": "Parwaliya sadak", "Sub_dist": "HUZUR", "District": "BHOPAL" }, "geometry": { "type": "Polygon", "coordinates": [ [ [ 77.276244455617288, 23.345950675300497, 0.0 ], [ 77.285843381372842, 23.338590592176338, 0.0 ], [ 77.286428728365124, 23.336613259979643, 0.0 ], [ 77.296148231919332, 23.335797104416962, 0.0 ], [ 77.300795993404606, 23.332673629578135, 0.0 ], [ 77.299907781347258, 23.329217895649673, 0.0 ], [ 77.298423592391217, 23.328117393878792, 0.0 ], [ 77.290520806810662, 23.328798515611197, 0.0 ], [ 77.28125827569653, 23.325259327505499, 0.0 ], [ 77.279521748993503, 23.327468991346702, 0.0 ], [ 77.279414673427965, 23.325458345958108, 0.0 ], [ 77.274979951393348, 23.325633831312206, 0.0 ], [ 77.272956317391092, 23.324160970365405, 0.0 ], [ 77.269201494621512, 23.325423491801704, 0.0 ], [ 77.270240660795594, 23.327524908148312, 0.0 ], [ 77.269446189706969, 23.327653467871897, 0.0 ], [ 77.267292509148518, 23.324758785405503, 0.0 ], [ 77.263605533805659, 23.32738571016149, 0.0 ], [ 77.255778242691079, 23.324477310179557, 0.0 ], [ 77.25486934248616, 23.333301843021399, 0.0 ], [ 77.256294222879305, 23.338912317309109, 0.0 ], [ 77.268327156849153, 23.342122209029114, 0.0 ], [ 77.272795785553114, 23.346793090822207, 0.0 ], [ 77.276244455617288, 23.345950675300497, 0.0 ] ] ] } },
{ "type": "Feature", "properties": { "Vill_LGD": "482517", "Villl_name": "Ratibad", "Sub_dist": "HUZUR", "District": "BHOPAL" }, "geometry": { "type": "Polygon", "coordinates": [ [ [ 77.291862823112695, 23.35364306208794, 0.0 ], [ 77.290646918260919, 23.345851516932491, 0.0 ], [ 77.286740014855312, 23.343660268841294, 0.0 ], [ 77.284629857328142, 23.338526345950839, 0.0 ], [ 77.274793342387454, 23.347903110455235, 0.0 ], [ 77.269866802924184, 23.372086219640845, 0.0 ], [ 77.272235233878206, 23.371717353664319, 0.0 ], [ 77.287172904833653, 23.356327094087341, 0.0 ], [ 77.291862823112695, 23.35364306208794, 0.0 ] ] ] } },
{ "type": "Feature", "properties": { "Vill_LGD": "482467", "Villl_name": "Ratanpur", "Sub_dist": "HUZUR", "District": "BHOPAL" }, "geometry": { "type": "Polygon", "coordinates": [ [ [ 77.236180438275596, 23.318161075563676, 0.0 ], [ 77.23679138510623, 23.31142050083529, 0.0 ], [ 77.241654783287316, 23.304561863991879, 0.0 ], [ 77.240234246425686, 23.300114652108327, 0.0 ], [ 77.22609033294556, 23.301643851880897, 0.0 ], [ 77.214839846928626, 23.309285900944776, 0.0 ], [ 77.213620635353195, 23.313711278532327, 0.0 ], [ 77.206871508667987, 23.314577112316261, 0.0 ], [ 77.205712443217806, 23.317639090542045, 0.0 ], [ 77.219870513444747, 23.320627524308271, 0.0 ], [ 77.236180438275596, 23.318161075563676, 0.0 ] ] ] } },
{ "type": "Feature", "properties": { "Vill_LGD": "937865", "Villl_name": "Shahpur", "Sub_dist": "HUZUR", "District": "BHOPAL" }, "geometry": { "type": "Polygon", "coordinates": [ [ [ 77.28125827569653, 23.325259327505499, 0.0 ], [ 77.277914230152433, 23.323733273089147, 0.0 ], [ 77.277311653178415, 23.321725234054608, 0.0 ], [ 77.279673417134688, 23.317192742734317, 0.0 ], [ 77.273465243442715, 23.315288989951444, 0.0 ], [ 77.271944558978674, 23.305652505276218, 0.0 ], [ 77.260474938356353, 23.306560749131584, 0.0 ], [ 77.255778242691079, 23.324477310179557, 0.0 ], [ 77.263605533805659, 23.32738571016149, 0.0 ], [ 77.267292509148518, 23.324758785405503, 0.0 ], [ 77.269446189706969, 23.327653467871897, 0.0 ], [ 77.269201494621512, 23.325423491801704, 0.0 ], [ 77.271473959131413, 23.325621504433244, 0.0 ], [ 77.271857198116393, 23.324161061783833, 0.0 ], [ 77.279414673427965, 23.325458345958108, 0.0 ], [ 77.279521748993503, 23.327468991346702, 0.0 ], [ 77.28125827569653, 23.325259327505499, 0.0 ] ] ] } },
{ "type": "Feature", "properties": { "Vill_LGD": "482351", "Villl_name": "Morga", "Sub_dist": "HUZUR", "District": "BHOPAL" }, "geometry": { "type": "Polygon", "coordinates": [ [ [ 77.29611271605738, 23.352713880528295, 0.0 ], [ 77.299744743511383, 23.338208414978688, 0.0 ], [ 77.2988373333353, 23.33331831727995, 0.0 ], [ 77.296148231919332, 23.335797104416962, 0.0 ], [ 77.286250269284722, 23.33674888951586, 0.0 ], [ 77.286690573938245, 23.343569971490819, 0.0 ], [ 77.290646918260919, 23.345851516932491, 0.0 ], [ 77.291862823112695, 23.35364306208794, 0.0 ], [ 77.29611271605738, 23.352713880528295, 0.0 ] ] ] } },
{ "type": "Feature", "properties": { "Vill_LGD": "482353", "Villl_name": "Bundrkha sadak", "Sub_dist": "HUZUR", "District": "BHOPAL" }, "geometry": { "type": "Polygon", "coordinates": [ [ [ 77.298423592391217, 23.328117393878792, 0.0 ], [ 77.298677282382471, 23.321946506820744, 0.0 ], [ 77.296727396585766, 23.319966961022836, 0.0 ], [ 77.282862428413651, 23.317008646078229, 0.0 ], [ 77.279673417134688, 23.317192742734317, 0.0 ], [ 77.277409199105207, 23.319537518171305, 0.0 ], [ 77.277914230152433, 23.323733273089147, 0.0 ], [ 77.280396613447735, 23.325120923496936, 0.0 ], [ 77.291582901952864, 23.329005682941812, 0.0 ], [ 77.298423592391217, 23.328117393878792, 0.0 ] ] ] } },
{ "type": "Feature", "properties": { "Vill_LGD": "937870", "Villl_name": "Rajiv Nagar", "Sub_dist": "HUZUR", "District": "BHOPAL" }, "geometry": { "type": "Polygon", "coordinates": [ [ [ 77.240234077493056, 23.300114672076127, 0.0 ], [ 77.238826568601183, 23.292818167838348, 0.0 ], [ 77.22637617814965, 23.287703750558851, 0.0 ], [ 77.223092026175934, 23.291844932728313, 0.0 ], [ 77.223083254443907, 23.294324222299757, 0.0 ], [ 77.218431502556982, 23.296039954540362, 0.0 ], [ 77.217940503873876, 23.299046360352968, 0.0 ], [ 77.215990174558897, 23.299872075873097, 0.0 ], [ 77.218281262305894, 23.302143693653665, 0.0 ], [ 77.215087883701869, 23.308531171688021, 0.0 ], [ 77.219933478613669, 23.306831077328937, 0.0 ], [ 77.22609033294556, 23.301643851880897, 0.0 ], [ 77.240234077493056, 23.300114672076127, 0.0 ] ] ] } },
{ "type": "Feature", "properties": { "Vill_LGD": "482355", "Villl_name": "Bagoniya", "Sub_dist": "HUZUR", "District": "BHOPAL" }, "geometry": { "type": "Polygon", "coordinates": [ [ [ 77.295564398312905, 23.401890245202772, 0.0 ], [ 77.292519864264108, 23.391091990969333, 0.0 ], [ 77.29348349043093, 23.385382046094552, 0.0 ], [ 77.289358439420198, 23.378942039879288, 0.0 ], [ 77.281603680052044, 23.376193887162881, 0.0 ], [ 77.273824306166162, 23.375596759343562, 0.0 ], [ 77.269706527983431, 23.377021567086558, 0.0 ], [ 77.271489853920357, 23.383840943634009, 0.0 ], [ 77.272111012429789, 23.404347209794192, 0.0 ], [ 77.280667170931792, 23.415653469764177, 0.0 ], [ 77.292351659748263, 23.407191749322379, 0.0 ], [ 77.295564398312905, 23.401890245202772, 0.0 ] ] ] } },
{ "type": "Feature", "properties": { "Vill_LGD": "482356", "Villl_name": "Taraisewaniya", "Sub_dist": "HUZUR", "District": "BHOPAL" }, "geometry": { "type": "Polygon", "coordinates": [ [ [ 77.3049433980608, 23.377199292563329, 0.0 ], [ 77.310911376043734, 23.37433382071055, 0.0 ], [ 77.30877184354145, 23.355213347803751, 0.0 ], [ 77.311987090751572, 23.353033167031853, 0.0 ], [ 77.318594706015233, 23.35389765443507, 0.0 ], [ 77.319160712006408, 23.356060474141636, 0.0 ], [ 77.325890132872615, 23.351684517594112, 0.0 ], [ 77.329592000356953, 23.356545420402437, 0.0 ], [ 77.331697208280431, 23.35641012784458, 0.0 ], [ 77.333311092412956, 23.344377049844631, 0.0 ], [ 77.334084029756042, 23.342723650512475, 0.0 ], [ 77.338597176064923, 23.341400982390191, 0.0 ], [ 77.326531874259203, 23.341742177830252, 0.0 ], [ 77.318001505522517, 23.345989515912368, 0.0 ], [ 77.314703573097191, 23.345136478890829, 0.0 ], [ 77.307515220628204, 23.349597968850002, 0.0 ], [ 77.297155031949742, 23.350420837218675, 0.0 ], [ 77.29611271605738, 23.352713880528295, 0.0 ], [ 77.288668396893513, 23.354963663783959, 0.0 ], [ 77.272139641653496, 23.371788619180606, 0.0 ], [ 77.267037125548896, 23.372754044050268, 0.0 ], [ 77.269706527983431, 23.377021567086558, 0.0 ], [ 77.274730676307101, 23.375624791926235, 0.0 ], [ 77.288932972490073, 23.378580742676725, 0.0 ], [ 77.293111897818122, 23.377179857845391, 0.0 ], [ 77.3049433980608, 23.377199292563329, 0.0 ] ] ] } },
{ "type": "Feature", "properties": { "Vill_LGD": "937868", "Villl_name": "Pataniya", "Sub_dist": "HUZUR", "District": "BHOPAL" }, "geometry": { "type": "Polygon", "coordinates": [ [ [ 77.215778603523916, 23.309128610876495, 0.0 ], [ 77.215035530809075, 23.306905852263277, 0.0 ], [ 77.218281262305894, 23.302143693653665, 0.0 ], [ 77.215990174558897, 23.299872075873097, 0.0 ], [ 77.217940503873876, 23.299046360352968, 0.0 ], [ 77.218431502556982, 23.296039954540362, 0.0 ], [ 77.223083254443907, 23.294324222299757, 0.0 ], [ 77.223117931241703, 23.291792877815283, 0.0 ], [ 77.226387891085366, 23.287696352561571, 0.0 ], [ 77.219704633267327, 23.286917907303149, 0.0 ], [ 77.211816808746462, 23.291268635330468, 0.0 ], [ 77.197977893959859, 23.294249859554508, 0.0 ], [ 77.194872459500417, 23.302369198517521, 0.0 ], [ 77.209441259341958, 23.311726225634363, 0.0 ], [ 77.210693971625744, 23.312989922948802, 0.0 ], [ 77.209337494888203, 23.314168534455092, 0.0 ], [ 77.213620635353195, 23.313711278532327, 0.0 ], [ 77.213526778830825, 23.311218208298115, 0.0 ], [ 77.215778603523916, 23.309128610876495, 0.0 ] ] ] } },
{ "type": "Feature", "properties": { "Vill_LGD": "482472", "Villl_name": "Toomda", "Sub_dist": "HUZUR", "District": "BHOPAL" }, "geometry": { "type": "Polygon", "coordinates": [ [ [ 77.196155229785433, 23.346176912190337, 0.0 ], [ 77.19731171150471, 23.343729952648598, 0.0 ], [ 77.196255168069754, 23.33956438999703, 0.0 ], [ 77.199853411427853, 23.327078452823013, 0.0 ], [ 77.205089192438024, 23.322141428705738, 0.0 ], [ 77.206797515748391, 23.314619839643186, 0.0 ], [ 77.210689932930833, 23.312951735799519, 0.0 ], [ 77.194739048850579, 23.302252464621368, 0.0 ], [ 77.198538996941508, 23.29327077527909, 0.0 ], [ 77.194456261805612, 23.294828308399751, 0.0 ], [ 77.18712102297502, 23.292268946751598, 0.0 ], [ 77.184020671198795, 23.301783883013336, 0.0 ], [ 77.169597855694605, 23.302652576565904, 0.0 ], [ 77.17194455991833, 23.309340563226488, 0.0 ], [ 77.169078640452014, 23.316249966065872, 0.0 ], [ 77.176925715885844, 23.325177075842344, 0.0 ], [ 77.176263501872285, 23.330919972611497, 0.0 ], [ 77.185647620562534, 23.329936958149091, 0.0 ], [ 77.191049419036574, 23.337271379704237, 0.0 ], [ 77.191174213438742, 23.340279589218273, 0.0 ], [ 77.193778307145962, 23.341479289640532, 0.0 ], [ 77.194220717318203, 23.345890218887124, 0.0 ], [ 77.196155229785433, 23.346176912190337, 0.0 ] ] ] } },
{ "type": "Feature", "properties": { "Vill_LGD": "937869", "Villl_name": "Ayyapur", "Sub_dist": "HUZUR", "District": "BHOPAL" }, "geometry": { "type": "Polygon", "coordinates": [ [ [ 77.19320416117904, 23.353378492789101, 0.0 ], [ 77.196155229785433, 23.346176912190337, 0.0 ], [ 77.193870935892463, 23.3453120101873, 0.0 ], [ 77.193778307145962, 23.341479289640532, 0.0 ], [ 77.191174213438742, 23.340279589218273, 0.0 ], [ 77.188185610017271, 23.332339327420723, 0.0 ], [ 77.184821053393179, 23.329503010438277, 0.0 ], [ 77.175714705582109, 23.331196689655279, 0.0 ], [ 77.175155387824802, 23.3447188904676, 0.0 ], [ 77.17801188081404, 23.352418971969787, 0.0 ], [ 77.181917738161133, 23.354311862480571, 0.0 ], [ 77.185140745336426, 23.352106666969707, 0.0 ], [ 77.19320416117904, 23.353378492789101, 0.0 ] ] ] } },
{ "type": "Feature", "properties": { "Vill_LGD": "482473", "Villl_name": "Khori", "Sub_dist": "HUZUR", "District": "BHOPAL" }, "geometry": { "type": "Polygon", "coordinates": [ [ [ 77.244930430334477, 23.286718738369142, 0.0 ], [ 77.243193422823197, 23.286033454125803, 0.0 ], [ 77.239020086286359, 23.276533455854981, 0.0 ], [ 77.237842252288559, 23.269932831429806, 0.0 ], [ 77.232709756018053, 23.267048924018425, 0.0 ], [ 77.226209191107614, 23.264876954218476, 0.0 ], [ 77.223357903003787, 23.268827290856166, 0.0 ], [ 77.216514154630318, 23.269238177735339, 0.0 ], [ 77.212611548627834, 23.2719616897304, 0.0 ], [ 77.213268961340816, 23.274958840601919, 0.0 ], [ 77.210808478475201, 23.279896626098928, 0.0 ], [ 77.212268911718482, 23.281633473972381, 0.0 ], [ 77.211278849371212, 23.287033965286088, 0.0 ], [ 77.212335531164484, 23.290835573282383, 0.0 ], [ 77.219704633267327, 23.286917907303149, 0.0 ], [ 77.226970993841618, 23.287577984395135, 0.0 ], [ 77.238826568601183, 23.292818167838348, 0.0 ], [ 77.242820938672281, 23.297217713469447, 0.0 ], [ 77.247541656823756, 23.294473865843429, 0.0 ], [ 77.244478331979337, 23.290478286826421, 0.0 ], [ 77.244930430334477, 23.286718738369142, 0.0 ] ] ] } },
{ "type": "Feature", "properties": { "Vill_LGD": "482471", "Villl_name": "Barkheda salam", "Sub_dist": "HUZUR", "District": "BHOPAL" }, "geometry": { "type": "Polygon", "coordinates": [ [ [ 77.260695967384947, 23.301892076423343, 0.0 ], [ 77.271197061850486, 23.283555543316933, 0.0 ], [ 77.269493157536004, 23.275824178375697, 0.0 ], [ 77.264288878230658, 23.269093067889148, 0.0 ], [ 77.263956014628363, 23.263233395727788, 0.0 ], [ 77.25741142117441, 23.266045051691957, 0.0 ], [ 77.251204958576608, 23.274255835891889, 0.0 ], [ 77.244612647164018, 23.287969238916887, 0.0 ], [ 77.244478331979337, 23.290478286826421, 0.0 ], [ 77.247500248339108, 23.294556682999303, 0.0 ], [ 77.242820938672281, 23.297217713469447, 0.0 ], [ 77.238918040892628, 23.293108201504143, 0.0 ], [ 77.241735572992582, 23.304034782119231, 0.0 ], [ 77.240685728483612, 23.306907654715911, 0.0 ], [ 77.249605197970894, 23.302101421705171, 0.0 ], [ 77.260695967384947, 23.301892076423343, 0.0 ] ] ] } },
{ "type": "Feature", "properties": { "Vill_LGD": "482478", "Villl_name": "Bakaniya", "Sub_dist": "HUZUR", "District": "BHOPAL" }, "geometry": { "type": "Polygon", "coordinates": [ [ [ 77.263956014628363, 23.263233395727788, 0.0 ], [ 77.263827581572542, 23.255976454355565, 0.0 ], [ 77.270753708163781, 23.242627033688262, 0.0 ], [ 77.26560779902745, 23.240025563879954, 0.0 ], [ 77.25675669487579, 23.245269954650645, 0.0 ], [ 77.2516166455422, 23.252246120251375, 0.0 ], [ 77.244797686293495, 23.256374336806516, 0.0 ], [ 77.23735140617292, 23.256765683239447, 0.0 ], [ 77.229999239229258, 23.260471893535197, 0.0 ], [ 77.227272941980814, 23.26476375466217, 0.0 ], [ 77.237842252288559, 23.269932831429806, 0.0 ], [ 77.239020086286359, 23.276533455854981, 0.0 ], [ 77.243193422823197, 23.286033454125803, 0.0 ], [ 77.245089745437937, 23.286733729176831, 0.0 ], [ 77.253886709212239, 23.269825045710267, 0.0 ], [ 77.25741142117441, 23.266045051691957, 0.0 ], [ 77.263956014628363, 23.263233395727788, 0.0 ] ] ] } },
{ "type": "Feature", "properties": { "Vill_LGD": "482474", "Villl_name": "Dhamaniya", "Sub_dist": "HUZUR", "District": "BHOPAL" }, "geometry": { "type": "Polygon", "coordinates": [ [ [ 77.223357903003787, 23.268827290856166, 0.0 ], [ 77.230101689371565, 23.26043654243195, 0.0 ], [ 77.228032032452049, 23.25757734215637, 0.0 ], [ 77.228144366258363, 23.246563035998985, 0.0 ], [ 77.223406360321846, 23.24874954198911, 0.0 ], [ 77.205807368, 23.248256714434579, 0.0 ], [ 77.202803973064135, 23.257652155252448, 0.0 ], [ 77.204258203673987, 23.269131627606626, 0.0 ], [ 77.212611548627834, 23.2719616897304, 0.0 ], [ 77.216514154630318, 23.269238177735339, 0.0 ], [ 77.223357903003787, 23.268827290856166, 0.0 ] ] ] } },
{ "type": "Feature", "properties": { "Vill_LGD": "482475", "Villl_name": "Khar khedi", "Sub_dist": "HUZUR", "District": "BHOPAL" }, "geometry": { "type": "Polygon", "coordinates": [ [ [ 77.23735140617292, 23.256765683239447, 0.0 ], [ 77.240399082280604, 23.244962113964508, 0.0 ], [ 77.239647173058557, 23.241940197829305, 0.0 ], [ 77.234475345283442, 23.240365269961011, 0.0 ], [ 77.232369591381186, 23.236329429787727, 0.0 ], [ 77.227762081258959, 23.240545805430926, 0.0 ], [ 77.228189748987674, 23.258365724643166, 0.0 ], [ 77.230101689371565, 23.26043654243195, 0.0 ], [ 77.23735140617292, 23.256765683239447, 0.0 ] ] ] } },
{ "type": "Feature", "properties": { "Vill_LGD": "482479", "Villl_name": "Khetla khedi", "Sub_dist": "HUZUR", "District": "BHOPAL" }, "geometry": { "type": "Polygon", "coordinates": [ [ [ 77.256363915733985, 23.246091846755082, 0.0 ], [ 77.245542268998435, 23.249381301397992, 0.0 ], [ 77.240032172148716, 23.248892284039062, 0.0 ], [ 77.23735140617292, 23.256765683239447, 0.0 ], [ 77.244797686293495, 23.256374336806516, 0.0 ], [ 77.252326200402834, 23.251756426966818, 0.0 ], [ 77.256363915733985, 23.246091846755082, 0.0 ] ] ] } },
{ "type": "Feature", "properties": { "Vill_LGD": "482480", "Villl_name": "Khajoori sadak", "Sub_dist": "HUZUR", "District": "BHOPAL" }, "geometry": { "type": "Polygon", "coordinates": [ [ [ 77.256363915733985, 23.246091846755082, 0.0 ], [ 77.26560779902745, 23.240025563879954, 0.0 ], [ 77.259995097411689, 23.229967151233271, 0.0 ], [ 77.253529879873724, 23.231708941680125, 0.0 ], [ 77.239718477728502, 23.23924938574163, 0.0 ], [ 77.240032172148716, 23.248892284039062, 0.0 ], [ 77.245542268998435, 23.249381301397992, 0.0 ], [ 77.256363915733985, 23.246091846755082, 0.0 ] ] ] } },
{ "type": "Feature", "properties": { "Vill_LGD": "482481", "Villl_name": "Khamla khedi", "Sub_dist": "HUZUR", "District": "BHOPAL" }, "geometry": { "type": "Polygon", "coordinates": [ [ [ 77.239581773444456, 23.241933214253645, 0.0 ], [ 77.239718477728502, 23.23924938574163, 0.0 ], [ 77.250208662956155, 23.234212533131874, 0.0 ], [ 77.253943906124206, 23.231575692757573, 0.0 ], [ 77.253924157172165, 23.22951892584172, 0.0 ], [ 77.252379799042885, 23.229114924288979, 0.0 ], [ 77.251354339308421, 23.230970397091191, 0.0 ], [ 77.241415330599821, 23.228869332524148, 0.0 ], [ 77.241584272883117, 23.230280353559696, 0.0 ], [ 77.239054904875033, 23.229787804449021, 0.0 ], [ 77.237539188440337, 23.231646163563948, 0.0 ], [ 77.237819295869116, 23.23364626766417, 0.0 ], [ 77.233711703510295, 23.233499000456838, 0.0 ], [ 77.234475345283442, 23.240365269961011, 0.0 ], [ 77.239581773444456, 23.241933214253645, 0.0 ] ] ] } },
{ "type": "Feature", "properties": { "Vill_LGD": "482476", "Villl_name": "Fanda kalan", "Sub_dist": "HUZUR", "District": "BHOPAL" }, "geometry": { "type": "Polygon", "coordinates": [ [ [ 77.228103406984445, 23.246579063296931, 0.0 ], [ 77.22785160580203, 23.24028603778558, 0.0 ], [ 77.233467929963695, 23.235918486593196, 0.0 ], [ 77.234819305688873, 23.232824467101526, 0.0 ], [ 77.227672456061413, 23.232095584701124, 0.0 ], [ 77.228409312966889, 23.227188760901303, 0.0 ], [ 77.221999901744852, 23.22738933910739, 0.0 ], [ 77.217322989709587, 23.22533077718877, 0.0 ], [ 77.214670177346392, 23.22629157003626, 0.0 ], [ 77.212632422328468, 23.22365085338707, 0.0 ], [ 77.211019797863088, 23.22424931171432, 0.0 ], [ 77.209399385612116, 23.218124579786892, 0.0 ], [ 77.20667909162492, 23.2187127508105, 0.0 ], [ 77.20337164110623, 23.216672363565188, 0.0 ], [ 77.196834071938781, 23.216095344267977, 0.0 ], [ 77.197934573143939, 23.2145248991824, 0.0 ], [ 77.192184009789472, 23.212278093957003, 0.0 ], [ 77.183648883685592, 23.212358995553831, 0.0 ], [ 77.181745314804587, 23.214286359052309, 0.0 ], [ 77.177180914139484, 23.222675505410283, 0.0 ], [ 77.176230151688216, 23.229626863506862, 0.0 ], [ 77.182864088559569, 23.230816593773408, 0.0 ], [ 77.186585566352164, 23.233405447340722, 0.0 ], [ 77.187680117486337, 23.24045816976604, 0.0 ], [ 77.189517062030376, 23.242218971160611, 0.0 ], [ 77.205807368, 23.248256714434579, 0.0 ], [ 77.223406360321846, 23.24874954198911, 0.0 ], [ 77.228103406984445, 23.246579063296931, 0.0 ] ] ] } },
{ "type": "Feature", "properties": { "Vill_LGD": "482484", "Villl_name": "Pipaliya dhakad", "Sub_dist": "HUZUR", "District": "BHOPAL" }, "geometry": { "type": "Polygon", "coordinates": [ [ [ 77.252379799042885, 23.229114924288979, 0.0 ], [ 77.253517162631994, 23.228786900947402, 0.0 ], [ 77.247604487485319, 23.227252192589685, 0.0 ], [ 77.245926967239726, 23.223640169875793, 0.0 ], [ 77.245918837613502, 23.216772977297978, 0.0 ], [ 77.243380320280309, 23.212413276819312, 0.0 ], [ 77.241703623535088, 23.214389393572283, 0.0 ], [ 77.239599672528882, 23.212886567155888, 0.0 ], [ 77.222741498814699, 23.215555951620651, 0.0 ], [ 77.224885168428585, 23.227143048351433, 0.0 ], [ 77.228531597310592, 23.227398627401559, 0.0 ], [ 77.227104953979875, 23.229337790210725, 0.0 ], [ 77.227907809967007, 23.232220907332959, 0.0 ], [ 77.232851352254826, 23.231881433694493, 0.0 ], [ 77.236230252811566, 23.233991534339093, 0.0 ], [ 77.237986556689435, 23.233457024548027, 0.0 ], [ 77.239054904875033, 23.229787804449021, 0.0 ], [ 77.241603485033124, 23.230263728499814, 0.0 ], [ 77.241415330599821, 23.228869332524148, 0.0 ], [ 77.251354339308421, 23.230970397091191, 0.0 ], [ 77.252379799042885, 23.229114924288979, 0.0 ] ] ] } },
{ "type": "Feature", "properties": { "Vill_LGD": "482477", "Villl_name": "Fanda khurd", "Sub_dist": "HUZUR", "District": "BHOPAL" }, "geometry": { "type": "Polygon", "coordinates": [ [ [ 77.224885168428585, 23.227143048351433, 0.0 ], [ 77.223203510718221, 23.216465977512712, 0.0 ], [ 77.21984770480806, 23.211756559012368, 0.0 ], [ 77.214632439145177, 23.208130099024842, 0.0 ], [ 77.206893242924039, 23.211086579593395, 0.0 ], [ 77.206940833472814, 23.217279126056955, 0.0 ], [ 77.209682437572582, 23.218453458957395, 0.0 ], [ 77.211019797863088, 23.22424931171432, 0.0 ], [ 77.212632422328468, 23.22365085338707, 0.0 ], [ 77.214670177346392, 23.22629157003626, 0.0 ], [ 77.217322989709587, 23.22533077718877, 0.0 ], [ 77.224885168428585, 23.227143048351433, 0.0 ] ] ] } },
{ "type": "Feature", "properties": { "Vill_LGD": "482486", "Villl_name": "Doobdi", "Sub_dist": "HUZUR", "District": "BHOPAL" }, "geometry": { "type": "Polygon", "coordinates": [ [ [ 77.239599672528882, 23.212886567155888, 0.0 ], [ 77.234538291416271, 23.208048673160516, 0.0 ], [ 77.234823826558127, 23.205434240272815, 0.0 ], [ 77.221841626463501, 23.207175480412939, 0.0 ], [ 77.217188067490369, 23.209550012131043, 0.0 ], [ 77.222742881177751, 23.215557993753219, 0.0 ], [ 77.239599672528882, 23.212886567155888, 0.0 ] ] ] } },
{ "type": "Feature", "properties": { "Vill_LGD": "482485", "Villl_name": "Rasuliya ghat", "Sub_dist": "HUZUR", "District": "BHOPAL" }, "geometry": { "type": "Polygon", "coordinates": [ [ [ 77.249524355041018, 23.215787339382032, 0.0 ], [ 77.251630887169938, 23.209325087832259, 0.0 ], [ 77.25143854784352, 23.201363625764508, 0.0 ], [ 77.23581142800731, 23.209567699186628, 0.0 ], [ 77.241322203895891, 23.214309330105561, 0.0 ], [ 77.243380320280309, 23.212413276819312, 0.0 ], [ 77.245952598418214, 23.217270422773513, 0.0 ], [ 77.249524355041018, 23.215787339382032, 0.0 ] ] ] } },
{ "type": "Feature", "properties": { "Vill_LGD": "482482", "Villl_name": "Int khedichhap", "Sub_dist": "HUZUR", "District": "BHOPAL" }, "geometry": { "type": "Polygon", "coordinates": [ [ [ 77.278508307951071, 23.226112101354961, 0.0 ], [ 77.278312410409939, 23.213417981998141, 0.0 ], [ 77.269410675972807, 23.222260705829541, 0.0 ], [ 77.261073044899007, 23.225801343952924, 0.0 ], [ 77.257032796195219, 23.223477423218359, 0.0 ], [ 77.257367035739662, 23.221031714150353, 0.0 ], [ 77.255653822769659, 23.220571287771676, 0.0 ], [ 77.255596716279086, 23.2188616465926, 0.0 ], [ 77.250987141085048, 23.21956739497983, 0.0 ], [ 77.249524355041018, 23.215787339382032, 0.0 ], [ 77.245952598418214, 23.217270422773513, 0.0 ], [ 77.245926967239726, 23.223640169875793, 0.0 ], [ 77.247725838818255, 23.227402097379223, 0.0 ], [ 77.253681391280494, 23.22886865119046, 0.0 ], [ 77.254177093273611, 23.231908817321713, 0.0 ], [ 77.259995097411689, 23.229967151233271, 0.0 ], [ 77.26560779902745, 23.240025563879954, 0.0 ], [ 77.27239616218904, 23.243075648203735, 0.0 ], [ 77.27398923529762, 23.239149405741017, 0.0 ], [ 77.272811401842645, 23.238530745750577, 0.0 ], [ 77.273168797476174, 23.23330045323678, 0.0 ], [ 77.275241308024505, 23.23273176185862, 0.0 ], [ 77.278508307951071, 23.226112101354961, 0.0 ] ] ] } },
{ "type": "Feature", "properties": { "Vill_LGD": "482483", "Villl_name": "Kajlas", "Sub_dist": "HUZUR", "District": "BHOPAL" }, "geometry": { "type": "Polygon", "coordinates": [ [ [ 77.278337778563724, 23.213422886042213, 0.0 ], [ 77.278014029731906, 23.209230725268952, 0.0 ], [ 77.279712434158924, 23.207045866992097, 0.0 ], [ 77.276445700533841, 23.206211008397986, 0.0 ], [ 77.271206974634552, 23.21016349747201, 0.0 ], [ 77.263600761218754, 23.212392935571827, 0.0 ], [ 77.251173193787665, 23.21164158134663, 0.0 ], [ 77.249508270211436, 23.215992164264303, 0.0 ], [ 77.250987141085048, 23.21956739497983, 0.0 ], [ 77.255596716279086, 23.2188616465926, 0.0 ], [ 77.255653822769659, 23.220571287771676, 0.0 ], [ 77.257367035739662, 23.221031714150353, 0.0 ], [ 77.257032796195219, 23.223477423218359, 0.0 ], [ 77.261073044899007, 23.225801343952924, 0.0 ], [ 77.269410675972807, 23.222260705829541, 0.0 ], [ 77.278337778563724, 23.213422886042213, 0.0 ] ] ] } },
{ "type": "Feature", "properties": { "Vill_LGD": "482488", "Villl_name": "Borkhedi", "Sub_dist": "HUZUR", "District": "BHOPAL" }, "geometry": { "type": "Polygon", "coordinates": [ [ [ 77.25143854784352, 23.201363625764508, 0.0 ], [ 77.250828811054419, 23.197679237677907, 0.0 ], [ 77.241022688767345, 23.198748359125517, 0.0 ], [ 77.233139500777739, 23.201812441329974, 0.0 ], [ 77.23581142800731, 23.209567699186628, 0.0 ], [ 77.25143854784352, 23.201363625764508, 0.0 ] ] ] } },
{ "type": "Feature", "properties": { "Vill_LGD": "482487", "Villl_name": "Hatai khedi", "Sub_dist": "HUZUR", "District": "BHOPAL" }, "geometry": { "type": "Polygon", "coordinates": [ [ [ 77.234823826558127, 23.205434240272815, 0.0 ], [ 77.233675097867689, 23.202149643848774, 0.0 ], [ 77.230000324977937, 23.198978805126131, 0.0 ], [ 77.229292912472928, 23.200092132794424, 0.0 ], [ 77.224450139146214, 23.199124915821034, 0.0 ], [ 77.211924826404015, 23.200861424722056, 0.0 ], [ 77.214632439145177, 23.208130099024842, 0.0 ], [ 77.217188067490369, 23.209550012131043, 0.0 ], [ 77.221841626463501, 23.207175480412939, 0.0 ], [ 77.234823826558127, 23.205434240272815, 0.0 ] ] ] } },
{ "type": "Feature", "properties": { "Vill_LGD": "482491", "Villl_name": "Saista khedi", "Sub_dist": "HUZUR", "District": "BHOPAL" }, "geometry": { "type": "Polygon", "coordinates": [ [ [ 77.228463447498441, 23.199430571948348, 0.0 ], [ 77.23062905115583, 23.194543801887026, 0.0 ], [ 77.22998474864724, 23.187863875533971, 0.0 ], [ 77.224261523641005, 23.187655432144204, 0.0 ], [ 77.203228873477457, 23.192223401437928, 0.0 ], [ 77.203799943710024, 23.194608811368717, 0.0 ], [ 77.211924826404015, 23.200861424722056, 0.0 ], [ 77.228463447498441, 23.199430571948348, 0.0 ] ] ] } },
{ "type": "Feature", "properties": { "Vill_LGD": "482490", "Villl_name": "Khokariya", "Sub_dist": "HUZUR", "District": "BHOPAL" }, "geometry": { "type": "Polygon", "coordinates": [ [ [ 77.250828811054419, 23.197679237677907, 0.0 ], [ 77.251918014339111, 23.190851395624474, 0.0 ], [ 77.230620922892939, 23.19411768433277, 0.0 ], [ 77.228205570288807, 23.1990124297552, 0.0 ], [ 77.233139500777739, 23.201812441329974, 0.0 ], [ 77.241022688767345, 23.198748359125517, 0.0 ], [ 77.250828811054419, 23.197679237677907, 0.0 ] ] ] } },
{ "type": "Feature", "properties": { "Vill_LGD": "482492", "Villl_name": "Jat khedi", "Sub_dist": "HUZUR", "District": "BHOPAL" }, "geometry": { "type": "Polygon", "coordinates": [ [ [ 77.251918014339111, 23.190851395624474, 0.0 ], [ 77.251106861427417, 23.187832758723907, 0.0 ], [ 77.239137674482834, 23.183756404492712, 0.0 ], [ 77.235686550885802, 23.185849250432845, 0.0 ], [ 77.235132043173209, 23.184491298366474, 0.0 ], [ 77.233270360319182, 23.186460046802758, 0.0 ], [ 77.232050593794753, 23.185900114729254, 0.0 ], [ 77.229504755391289, 23.190967471998594, 0.0 ], [ 77.230620922892939, 23.19411768433277, 0.0 ], [ 77.251918014339111, 23.190851395624474, 0.0 ] ] ] } },
{ "type": "Feature", "properties": { "Vill_LGD": "482352", "Villl_name": "Chandukhedi", "Sub_dist": "HUZUR", "District": "BHOPAL" }, "geometry": { "type": "Polygon", "coordinates": [ [ [ 77.316194610288179, 23.345534383973689, 0.0 ], [ 77.315569533321479, 23.343365286328218, 0.0 ], [ 77.317360995658603, 23.343071855813221, 0.0 ], [ 77.314090328408085, 23.331587618457903, 0.0 ], [ 77.311417123678567, 23.330726666312799, 0.0 ], [ 77.31109712453096, 23.326869292075507, 0.0 ], [ 77.304813007783039, 23.322540512022453, 0.0 ], [ 77.298630114829038, 23.321828372953785, 0.0 ], [ 77.298432515415797, 23.328385082506735, 0.0 ], [ 77.300880385548155, 23.332183297786504, 0.0 ], [ 77.2988373333353, 23.33331831727995, 0.0 ], [ 77.299744743511383, 23.338208414978688, 0.0 ], [ 77.297155031949742, 23.350420837218675, 0.0 ], [ 77.304957026980929, 23.350311227741958, 0.0 ], [ 77.316194610288179, 23.345534383973689, 0.0 ] ] ] } },
{ "type": "Feature", "properties": { "Vill_LGD": "482375", "Villl_name": "Jhapadiya", "Sub_dist": "HUZUR", "District": "BHOPAL" }, "geometry": { "type": "Polygon", "coordinates": [ [ [ 77.312750540488764, 23.397147971945166, 0.0 ], [ 77.310636387838954, 23.391265987567845, 0.0 ], [ 77.310562665400525, 23.385390807091685, 0.0 ], [ 77.307457432266887, 23.38389698611353, 0.0 ], [ 77.307500648824913, 23.38106157122473, 0.0 ], [ 77.3049433980608, 23.377199292563329, 0.0 ], [ 77.289085850606611, 23.378236338884186, 0.0 ], [ 77.29348349043093, 23.385382046094552, 0.0 ], [ 77.292519864264108, 23.391091990969333, 0.0 ], [ 77.295623569091092, 23.401938069417174, 0.0 ], [ 77.299310544275173, 23.399807261969389, 0.0 ], [ 77.306325992874434, 23.399474412553779, 0.0 ], [ 77.312750540488764, 23.397147971945166, 0.0 ] ] ] } },
{ "type": "Feature", "properties": { "Vill_LGD": "482374", "Villl_name": "Chanderi", "Sub_dist": "HUZUR", "District": "BHOPAL" }, "geometry": { "type": "Polygon", "coordinates": [ [ [ 77.306284653087246, 23.4357446630993, 0.0 ], [ 77.314182986101514, 23.434709803907598, 0.0 ], [ 77.317003437681436, 23.430843706758761, 0.0 ], [ 77.323191122018343, 23.412031048830691, 0.0 ], [ 77.323233952259329, 23.408618901726864, 0.0 ], [ 77.321116232247405, 23.404978326658838, 0.0 ], [ 77.31402532809237, 23.397128685453314, 0.0 ], [ 77.30037059422898, 23.399525296047806, 0.0 ], [ 77.295564398312905, 23.401890245202772, 0.0 ], [ 77.292351659748263, 23.407191749322379, 0.0 ], [ 77.281063589762454, 23.41566679548832, 0.0 ], [ 77.283262787541062, 23.421235294506026, 0.0 ], [ 77.288366092753378, 23.426246386203879, 0.0 ], [ 77.285427932236871, 23.429604281159939, 0.0 ], [ 77.283995490303894, 23.435797763983871, 0.0 ], [ 77.295682767784271, 23.433248355790393, 0.0 ], [ 77.306284653087246, 23.4357446630993, 0.0 ] ] ] } },
{ "type": "Feature", "properties": { "Vill_LGD": "482378", "Villl_name": "Kuthar", "Sub_dist": "HUZUR", "District": "BHOPAL" }, "geometry": { "type": "Polygon", "coordinates": [ [ [ 77.343782170173384, 23.427058090960056, 0.0 ], [ 77.342349352322245, 23.425536512795443, 0.0 ], [ 77.34308447826696, 23.411593128511196, 0.0 ], [ 77.339842122180343, 23.407768862173789, 0.0 ], [ 77.32331009480319, 23.408899677155897, 0.0 ], [ 77.320212036902149, 23.422909944704951, 0.0 ], [ 77.314205040082498, 23.434691854181825, 0.0 ], [ 77.319911087113965, 23.438587800693227, 0.0 ], [ 77.32888623749281, 23.431818356614567, 0.0 ], [ 77.343782170173384, 23.427058090960056, 0.0 ] ] ] } },
{ "type": "Feature", "properties": { "Vill_LGD": "482376", "Villl_name": "Nipaniya sukha", "Sub_dist": "HUZUR", "District": "BHOPAL" }, "geometry": { "type": "Polygon", "coordinates": [ [ [ 77.339358372849077, 23.407718712608649, 0.0 ], [ 77.337603791671668, 23.406389695496792, 0.0 ], [ 77.339185859683525, 23.403313536445971, 0.0 ], [ 77.337173608244356, 23.397437000064183, 0.0 ], [ 77.335309788569049, 23.393818459874694, 0.0 ], [ 77.331659908861681, 23.394113353077994, 0.0 ], [ 77.325698875307296, 23.381145767974719, 0.0 ], [ 77.320683170012401, 23.378267329437964, 0.0 ], [ 77.319788405417214, 23.381429420031676, 0.0 ], [ 77.310562665400525, 23.385390807091685, 0.0 ], [ 77.311634961940868, 23.396070319210146, 0.0 ], [ 77.31548642676789, 23.397825666660648, 0.0 ], [ 77.32331009480319, 23.408899677155897, 0.0 ], [ 77.334692484721529, 23.409070405255459, 0.0 ], [ 77.339358372849077, 23.407718712608649, 0.0 ] ] ] } },
{ "type": "Feature", "properties": { "Vill_LGD": "482357", "Villl_name": "Jogibarri", "Sub_dist": "HUZUR", "District": "BHOPAL" }, "geometry": { "type": "Polygon", "coordinates": [ [ [ 77.319788405417214, 23.381429420031676, 0.0 ], [ 77.321826896741868, 23.372416711536474, 0.0 ], [ 77.32025645351807, 23.371512515914041, 0.0 ], [ 77.321885807547176, 23.369868071734022, 0.0 ], [ 77.320612029787696, 23.368714398968365, 0.0 ], [ 77.317794746669279, 23.373222842141448, 0.0 ], [ 77.31431549746037, 23.373049811515504, 0.0 ], [ 77.3049433980608, 23.377199292563329, 0.0 ], [ 77.307500648824913, 23.38106157122473, 0.0 ], [ 77.307457432266887, 23.38389698611353, 0.0 ], [ 77.311130061330104, 23.38565686219523, 0.0 ], [ 77.319788405417214, 23.381429420031676, 0.0 ] ] ] } },
{ "type": "Feature", "properties": { "Vill_LGD": "482360", "Villl_name": "Pipalia chhaparband", "Sub_dist": "HUZUR", "District": "BHOPAL" }, "geometry": { "type": "Polygon", "coordinates": [ [ [ 77.317794746669279, 23.373222842141448, 0.0 ], [ 77.324297212250073, 23.363371516884015, 0.0 ], [ 77.320232801072635, 23.360883196400255, 0.0 ], [ 77.318594706015233, 23.35389765443507, 0.0 ], [ 77.310190597570127, 23.354065258151671, 0.0 ], [ 77.30877184354145, 23.355213347803751, 0.0 ], [ 77.309864611672509, 23.358540428898561, 0.0 ], [ 77.308498801493542, 23.359097222871181, 0.0 ], [ 77.310112076538573, 23.360620078174819, 0.0 ], [ 77.310911376043734, 23.37433382071055, 0.0 ], [ 77.317794746669279, 23.373222842141448, 0.0 ] ] ] } },
{ "type": "Feature", "properties": { "Vill_LGD": "482359", "Villl_name": "Prithvipura", "Sub_dist": "HUZUR", "District": "BHOPAL" }, "geometry": { "type": "Polygon", "coordinates": [ [ [ 77.33202824361463, 23.360812172584033, 0.0 ], [ 77.332120751323757, 23.356578576766523, 0.0 ], [ 77.329592000356953, 23.356545420402437, 0.0 ], [ 77.325890132872615, 23.351684517594112, 0.0 ], [ 77.319160712006408, 23.356060474141636, 0.0 ], [ 77.320232801072635, 23.360883196400255, 0.0 ], [ 77.32425181867211, 23.363319642543541, 0.0 ], [ 77.326420974437966, 23.363551188625312, 0.0 ], [ 77.326911977186256, 23.362125556647047, 0.0 ], [ 77.329597554427764, 23.362034281841169, 0.0 ], [ 77.330358981988098, 23.359779743038771, 0.0 ], [ 77.33202824361463, 23.360812172584033, 0.0 ] ] ] } },
{ "type": "Feature", "properties": { "Vill_LGD": "482358", "Villl_name": "Guradiya", "Sub_dist": "HUZUR", "District": "BHOPAL" }, "geometry": { "type": "Polygon", "coordinates": [ [ [ 77.332076507353875, 23.37417601822369, 0.0 ], [ 77.331967051405826, 23.367837133449765, 0.0 ], [ 77.333768395202895, 23.363555697652142, 0.0 ], [ 77.341684771400807, 23.361269820936062, 0.0 ], [ 77.340737745054412, 23.358466816170676, 0.0 ], [ 77.344842594215862, 23.357452316414758, 0.0 ], [ 77.344009371319288, 23.354238793228806, 0.0 ], [ 77.338686650301909, 23.357990924818548, 0.0 ], [ 77.33202824361463, 23.360812172584033, 0.0 ], [ 77.330358981988098, 23.359779743038771, 0.0 ], [ 77.329597554427764, 23.362034281841169, 0.0 ], [ 77.32425181867211, 23.363319642543541, 0.0 ], [ 77.322765424504908, 23.367197444679274, 0.0 ], [ 77.321270532522036, 23.367456678820833, 0.0 ], [ 77.321878971329085, 23.370021236699547, 0.0 ], [ 77.320259322542242, 23.371611149732981, 0.0 ], [ 77.321827923494894, 23.372499980521912, 0.0 ], [ 77.320217786999095, 23.376261067715234, 0.0 ], [ 77.323276477337416, 23.3801981961686, 0.0 ], [ 77.328012388140181, 23.375294364303056, 0.0 ], [ 77.332076507353875, 23.37417601822369, 0.0 ] ] ] } },
{ "type": "Feature", "properties": { "Vill_LGD": "482361", "Villl_name": "Khejdadeo", "Sub_dist": "HUZUR", "District": "BHOPAL" }, "geometry": { "type": "Polygon", "coordinates": [ [ [ 77.344830963189679, 23.357462330401216, 0.0 ], [ 77.346307854723833, 23.357506926599036, 0.0 ], [ 77.345264272780199, 23.356964879817856, 0.0 ], [ 77.347038161751669, 23.354216603103879, 0.0 ], [ 77.349627307056807, 23.354027960231051, 0.0 ], [ 77.349370582582509, 23.352686685213573, 0.0 ], [ 77.351456820518479, 23.351693185573883, 0.0 ], [ 77.349640102031017, 23.346792685284072, 0.0 ], [ 77.343354755963389, 23.344533385931925, 0.0 ], [ 77.341905691340315, 23.341304156680351, 0.0 ], [ 77.334084029756042, 23.342723650512475, 0.0 ], [ 77.331859502288992, 23.351194510009947, 0.0 ], [ 77.332869313683744, 23.359387132233959, 0.0 ], [ 77.338686650301909, 23.357990924818548, 0.0 ], [ 77.344009371319288, 23.354238793228806, 0.0 ], [ 77.344830963189679, 23.357462330401216, 0.0 ] ] ] } },
{ "type": "Feature", "properties": { "Vill_LGD": "482424", "Villl_name": "Prempura", "Sub_dist": "HUZUR", "District": "BHOPAL" }, "geometry": { "type": "Polygon", "coordinates": [ [ [ 77.353472103017523, 23.348739338608681, 0.0 ], [ 77.353486619229983, 23.342672052817193, 0.0 ], [ 77.349399806174063, 23.340757867826298, 0.0 ], [ 77.347226258546002, 23.336997038737614, 0.0 ], [ 77.344777792032019, 23.335319519402862, 0.0 ], [ 77.339616741234821, 23.337175497727163, 0.0 ], [ 77.338657861744068, 23.341963190105641, 0.0 ], [ 77.341905691340315, 23.341304156680351, 0.0 ], [ 77.343354755963389, 23.344533385931925, 0.0 ], [ 77.34912613838415, 23.346257306492799, 0.0 ], [ 77.351674541911024, 23.351018607509566, 0.0 ], [ 77.353472103017523, 23.348739338608681, 0.0 ] ] ] } },
{ "type": "Feature", "properties": { "Vill_LGD": "482377", "Villl_name": "Kardai", "Sub_dist": "HUZUR", "District": "BHOPAL" }, "geometry": { "type": "Polygon", "coordinates": [ [ [ 77.331659908861681, 23.394113353077994, 0.0 ], [ 77.341293352131245, 23.390569708422571, 0.0 ], [ 77.347452978861455, 23.382012879409377, 0.0 ], [ 77.343934451577539, 23.377786234901087, 0.0 ], [ 77.330815393124595, 23.374347338829086, 0.0 ], [ 77.323276477337416, 23.3801981961686, 0.0 ], [ 77.326243090152929, 23.381902448429567, 0.0 ], [ 77.331659908861681, 23.394113353077994, 0.0 ] ] ] } },
{ "type": "Feature", "properties": { "Vill_LGD": "482382", "Villl_name": "Rojibeg", "Sub_dist": "HUZUR", "District": "BHOPAL" }, "geometry": { "type": "Polygon", "coordinates": [ [ [ 77.350497596046395, 23.396951342405636, 0.0 ], [ 77.351998920503945, 23.388403152383109, 0.0 ], [ 77.354233234871216, 23.384662638983158, 0.0 ], [ 77.352688026753, 23.380530045988337, 0.0 ], [ 77.347452978861455, 23.382012879409377, 0.0 ], [ 77.341293352131245, 23.390569708422571, 0.0 ], [ 77.335309788569049, 23.393818459874694, 0.0 ], [ 77.339133124831847, 23.403191840990019, 0.0 ], [ 77.350497596046395, 23.396951342405636, 0.0 ] ] ] } },
{ "type": "Feature", "properties": { "Vill_LGD": "482381", "Villl_name": "Shahpur", "Sub_dist": "HUZUR", "District": "BHOPAL" }, "geometry": { "type": "Polygon", "coordinates": [ [ [ 77.343782170173384, 23.427058090960056, 0.0 ], [ 77.35552668021316, 23.422952034150551, 0.0 ], [ 77.352385791597357, 23.414357420125796, 0.0 ], [ 77.354321483115442, 23.413907701432908, 0.0 ], [ 77.353536261421851, 23.412819099390706, 0.0 ], [ 77.355346422030394, 23.412331393494476, 0.0 ], [ 77.356961806167845, 23.408460886121503, 0.0 ], [ 77.363008711591235, 23.402262450694082, 0.0 ], [ 77.356629986714609, 23.39642295649432, 0.0 ], [ 77.351036706764575, 23.396428786914463, 0.0 ], [ 77.338582215929989, 23.403367555667586, 0.0 ], [ 77.337834325133343, 23.405382001914763, 0.0 ], [ 77.34308447826696, 23.411593128511196, 0.0 ], [ 77.342505920929739, 23.426075294065942, 0.0 ], [ 77.343782170173384, 23.427058090960056, 0.0 ] ] ] } },
{ "type": "Feature", "properties": { "Vill_LGD": "482379", "Villl_name": "Sagoniya", "Sub_dist": "HUZUR", "District": "BHOPAL" }, "geometry": { "type": "Polygon", "coordinates": [ [ [ 77.371432875681563, 23.430737139335086, 0.0 ], [ 77.375520135016174, 23.42981188001573, 0.0 ], [ 77.372171337790732, 23.427022467184411, 0.0 ], [ 77.373735674222573, 23.419137777797506, 0.0 ], [ 77.372177688000576, 23.418488624729516, 0.0 ], [ 77.368103173194513, 23.418014670624398, 0.0 ], [ 77.348208941893972, 23.425960742236967, 0.0 ], [ 77.348977878401485, 23.436238518643069, 0.0 ], [ 77.354763292046897, 23.442465948890185, 0.0 ], [ 77.359548639142815, 23.43974454863692, 0.0 ], [ 77.361182285553909, 23.440326717026199, 0.0 ], [ 77.360946876112962, 23.438772732138002, 0.0 ], [ 77.362819063324778, 23.439313038182327, 0.0 ], [ 77.363212230104224, 23.435392220761521, 0.0 ], [ 77.369531525723161, 23.43379483043628, 0.0 ], [ 77.371432875681563, 23.430737139335086, 0.0 ] ] ] } },
{ "type": "Feature", "properties": { "Vill_LGD": "482380", "Villl_name": "Deopur", "Sub_dist": "HUZUR", "District": "BHOPAL" }, "geometry": { "type": "Polygon", "coordinates": [ [ [ 77.365221255080684, 23.419509674530744, 0.0 ], [ 77.364864468020073, 23.415720663377112, 0.0 ], [ 77.368130278274691, 23.412109831400969, 0.0 ], [ 77.367481875974519, 23.410664309316545, 0.0 ], [ 77.369864310585797, 23.409347094786465, 0.0 ], [ 77.366389703328664, 23.407727076556174, 0.0 ], [ 77.367260059826719, 23.406681874046278, 0.0 ], [ 77.363008711591235, 23.402262450694082, 0.0 ], [ 77.352366756254924, 23.414709581109591, 0.0 ], [ 77.35552668021316, 23.422952034150551, 0.0 ], [ 77.365221255080684, 23.419509674530744, 0.0 ] ] ] } },
{ "type": "Feature", "properties": { "Vill_LGD": "482383", "Villl_name": "Ratatal", "Sub_dist": "HUZUR", "District": "BHOPAL" }, "geometry": { "type": "Polygon", "coordinates": [ [ [ 77.3663135382223, 23.400577622119986, 0.0 ], [ 77.368476763295646, 23.393776264148823, 0.0 ], [ 77.367079962893101, 23.390655478101522, 0.0 ], [ 77.368533545984391, 23.389224391787589, 0.0 ], [ 77.366502430312067, 23.380736876274025, 0.0 ], [ 77.363400306409332, 23.373553687421854, 0.0 ], [ 77.355794617337992, 23.373608723907484, 0.0 ], [ 77.352688026753, 23.380530045988337, 0.0 ], [ 77.354233234871216, 23.384662638983158, 0.0 ], [ 77.350035865678848, 23.396630138445548, 0.0 ], [ 77.356629986714609, 23.39642295649432, 0.0 ], [ 77.363002534495067, 23.401314246851012, 0.0 ], [ 77.3663135382223, 23.400577622119986, 0.0 ] ] ] } },
{ "type": "Feature", "properties": { "Vill_LGD": "482384", "Villl_name": "Khajuri", "Sub_dist": "HUZUR", "District": "BHOPAL" }, "geometry": { "type": "Polygon", "coordinates": [ [ [ 77.376965229891624, 23.401083695786312, 0.0 ], [ 77.391455081400224, 23.398671037725652, 0.0 ], [ 77.3942641244345, 23.391250036929499, 0.0 ], [ 77.384197530641941, 23.391137160062875, 0.0 ], [ 77.379916868983784, 23.385902192529397, 0.0 ], [ 77.373338898982027, 23.38449056441678, 0.0 ], [ 77.365287015414253, 23.377901213287764, 0.0 ], [ 77.368515897261574, 23.388465061236019, 0.0 ], [ 77.367079962893101, 23.390655478101522, 0.0 ], [ 77.368476763295646, 23.393776264148823, 0.0 ], [ 77.3663135382223, 23.400577622119986, 0.0 ], [ 77.376965229891624, 23.401083695786312, 0.0 ] ] ] } },
{ "type": "Feature", "properties": { "Vill_LGD": "937867", "Villl_name": "Mastipura", "Sub_dist": "HUZUR", "District": "BHOPAL" }, "geometry": { "type": "Polygon", "coordinates": [ [ [ 77.380599278647196, 23.370713674215786, 0.0 ], [ 77.401258167396207, 23.375649040957061, 0.0 ], [ 77.406916199950956, 23.368172077881614, 0.0 ], [ 77.409158396522415, 23.372426914174639, 0.0 ], [ 77.413594620560332, 23.371081466724839, 0.0 ], [ 77.413145244049872, 23.368470732149007, 0.0 ], [ 77.417151477594317, 23.37020404343868, 0.0 ], [ 77.417942278490841, 23.367859037654952, 0.0 ], [ 77.413872581741472, 23.362799159562254, 0.0 ], [ 77.404674774481123, 23.360745685023737, 0.0 ], [ 77.404110763297851, 23.364799985182508, 0.0 ], [ 77.405576775726175, 23.368260401600935, 0.0 ], [ 77.400206774931632, 23.373142202550984, 0.0 ], [ 77.394290529661021, 23.373059789055702, 0.0 ], [ 77.388351968985049, 23.367819524924506, 0.0 ], [ 77.377700815988021, 23.369323195797076, 0.0 ], [ 77.371148597606137, 23.367716816418792, 0.0 ], [ 77.366463085626179, 23.37140651106386, 0.0 ], [ 77.363828338223797, 23.369667318610635, 0.0 ], [ 77.361622444968404, 23.373398010250227, 0.0 ], [ 77.363400306409332, 23.373553687421854, 0.0 ], [ 77.365287015414253, 23.377901213287764, 0.0 ], [ 77.371365527808123, 23.383203807970872, 0.0 ], [ 77.378915812827572, 23.385278141824816, 0.0 ], [ 77.379863467476042, 23.380454453783123, 0.0 ], [ 77.378331349315644, 23.375306607195931, 0.0 ], [ 77.381081820234343, 23.373622266126308, 0.0 ], [ 77.379335784894451, 23.371891506537114, 0.0 ], [ 77.380599278647196, 23.370713674215786, 0.0 ] ] ] } },
{ "type": "Feature", "properties": { "Vill_LGD": "482369", "Villl_name": "Acharpura", "Sub_dist": "HUZUR", "District": "BHOPAL" }, "geometry": { "type": "Polygon", "coordinates": [ [ [ 77.37724238450528, 23.369252346890121, 0.0 ], [ 77.381565250268594, 23.352490144478754, 0.0 ], [ 77.375383410539129, 23.353175429860752, 0.0 ], [ 77.363262581156604, 23.351096873278813, 0.0 ], [ 77.35970752190704, 23.352739988857614, 0.0 ], [ 77.35442712891161, 23.35094013438631, 0.0 ], [ 77.353472103017523, 23.348739338608681, 0.0 ], [ 77.349370582582509, 23.352686685213573, 0.0 ], [ 77.353444222907086, 23.36309009305117, 0.0 ], [ 77.36633683851143, 23.371405015679255, 0.0 ], [ 77.370090791358663, 23.367796246018049, 0.0 ], [ 77.37724238450528, 23.369252346890121, 0.0 ] ] ] } },
{ "type": "Feature", "properties": { "Vill_LGD": "482398", "Villl_name": "Hinotiya jagir", "Sub_dist": "HUZUR", "District": "BHOPAL" }, "geometry": { "type": "Polygon", "coordinates": [ [ [ 77.386814542360199, 23.419872679223889, 0.0 ], [ 77.388688167764812, 23.415755255771579, 0.0 ], [ 77.39145658739362, 23.398666249543968, 0.0 ], [ 77.376740641722222, 23.401296310079939, 0.0 ], [ 77.377855202478301, 23.404981931365803, 0.0 ], [ 77.380175465834427, 23.406644504062569, 0.0 ], [ 77.378956212115781, 23.407703991387386, 0.0 ], [ 77.380015072113167, 23.4107913421776, 0.0 ], [ 77.382943167031172, 23.412557449386529, 0.0 ], [ 77.384570536172916, 23.414921119070481, 0.0 ], [ 77.38357831467421, 23.41601425933402, 0.0 ], [ 77.386814542360199, 23.419872679223889, 0.0 ] ] ] } },
{ "type": "Feature", "properties": { "Vill_LGD": "482392", "Villl_name": "Kachhi barkheda", "Sub_dist": "HUZUR", "District": "BHOPAL" }, "geometry": { "type": "Polygon", "coordinates": [ [ [ 77.386966498473186, 23.438858595343603, 0.0 ], [ 77.389520265028978, 23.432994845784176, 0.0 ], [ 77.395773072907858, 23.430300292297694, 0.0 ], [ 77.398204199092248, 23.431411996644638, 0.0 ], [ 77.401000846012593, 23.430535561860598, 0.0 ], [ 77.397766287569809, 23.424051641156705, 0.0 ], [ 77.398432536113077, 23.422576376077888, 0.0 ], [ 77.39532419439135, 23.42079721836847, 0.0 ], [ 77.390856566762665, 23.422726387981097, 0.0 ], [ 77.390886194765812, 23.420719877222496, 0.0 ], [ 77.387707776431043, 23.420646283992443, 0.0 ], [ 77.38537805827221, 23.418054385361099, 0.0 ], [ 77.373735037579692, 23.419152249173724, 0.0 ], [ 77.372171337790732, 23.427022467184411, 0.0 ], [ 77.375520135016174, 23.42981188001573, 0.0 ], [ 77.372820672493916, 23.430865099705905, 0.0 ], [ 77.374855647415913, 23.437715697425627, 0.0 ], [ 77.373756631863401, 23.440571480818914, 0.0 ], [ 77.376637123715184, 23.441562076917815, 0.0 ], [ 77.377207983722755, 23.438394109820614, 0.0 ], [ 77.386966498473186, 23.438858595343603, 0.0 ] ] ] } },
{ "type": "Feature", "properties": { "Vill_LGD": "482393", "Villl_name": "Dupadiya", "Sub_dist": "HUZUR", "District": "BHOPAL" }, "geometry": { "type": "Polygon", "coordinates": [ [ [ 77.404046283482089, 23.435127415307186, 0.0 ], [ 77.40049595029231, 23.430758858491611, 0.0 ], [ 77.395773072907858, 23.430300292297694, 0.0 ], [ 77.387715889481996, 23.435145235126097, 0.0 ], [ 77.390059421251777, 23.442135377053319, 0.0 ], [ 77.393035766547428, 23.444582606113691, 0.0 ], [ 77.397526388180452, 23.445296810156901, 0.0 ], [ 77.397420767035101, 23.443304392366571, 0.0 ], [ 77.401146723051781, 23.441335018723624, 0.0 ], [ 77.404046283482089, 23.435127415307186, 0.0 ] ] ] } },
{ "type": "Feature", "properties": { "Vill_LGD": "482396", "Villl_name": "Nipaniya jat", "Sub_dist": "HUZUR", "District": "BHOPAL" }, "geometry": { "type": "Polygon", "coordinates": [ [ [ 77.398173980805552, 23.422284351147134, 0.0 ], [ 77.410304074046735, 23.415237385749396, 0.0 ], [ 77.411470683916207, 23.400416038690064, 0.0 ], [ 77.391722159185406, 23.397161649722655, 0.0 ], [ 77.386814542360199, 23.419872679223889, 0.0 ], [ 77.390803019646754, 23.420658553753231, 0.0 ], [ 77.390856566762665, 23.422726387981097, 0.0 ], [ 77.39532419439135, 23.42079721836847, 0.0 ], [ 77.398173980805552, 23.422284351147134, 0.0 ] ] ] } },
{ "type": "Feature", "properties": { "Vill_LGD": "482386", "Villl_name": "Kham kheda", "Sub_dist": "HUZUR", "District": "BHOPAL" }, "geometry": { "type": "Polygon", "coordinates": [ [ [ 77.411470683916207, 23.400416038690064, 0.0 ], [ 77.422828736048658, 23.395567530481841, 0.0 ], [ 77.429925499447066, 23.395267067228847, 0.0 ], [ 77.427067971627906, 23.390025746356265, 0.0 ], [ 77.432350374853996, 23.387341714404325, 0.0 ], [ 77.437404350128219, 23.387341713646876, 0.0 ], [ 77.442699511785847, 23.390470971339916, 0.0 ], [ 77.444563092394944, 23.388061738300038, 0.0 ], [ 77.431916978460464, 23.384922494886894, 0.0 ], [ 77.423101648306314, 23.37930163387059, 0.0 ], [ 77.415206509057924, 23.377830557900189, 0.0 ], [ 77.413773807665493, 23.375804540492869, 0.0 ], [ 77.411608174407206, 23.3758742831292, 0.0 ], [ 77.411055431181666, 23.373825094410364, 0.0 ], [ 77.403969570457363, 23.375429393369309, 0.0 ], [ 77.4029975818503, 23.38527122521204, 0.0 ], [ 77.400657805079419, 23.388471876070934, 0.0 ], [ 77.395680739292487, 23.38867623534696, 0.0 ], [ 77.391722159185406, 23.397161649722655, 0.0 ], [ 77.411470683916207, 23.400416038690064, 0.0 ] ] ] } },
{ "type": "Feature", "properties": { "Vill_LGD": "482385", "Villl_name": "Beenapur", "Sub_dist": "HUZUR", "District": "BHOPAL" }, "geometry": { "type": "Polygon", "coordinates": [ [ [ 77.3942641244345, 23.391250036929499, 0.0 ], [ 77.39567350724198, 23.388696926800776, 0.0 ], [ 77.394338286695501, 23.3812642032842, 0.0 ], [ 77.395965838252209, 23.376838405532787, 0.0 ], [ 77.395353102379531, 23.373643614982608, 0.0 ], [ 77.380599278647196, 23.370713674215786, 0.0 ], [ 77.379335784894451, 23.371891506537114, 0.0 ], [ 77.381081820234343, 23.373622266126308, 0.0 ], [ 77.378331349315644, 23.375306607195931, 0.0 ], [ 77.379863467476042, 23.380454453783123, 0.0 ], [ 77.378915812827572, 23.385278141824816, 0.0 ], [ 77.384365520013091, 23.391211757934883, 0.0 ], [ 77.3942641244345, 23.391250036929499, 0.0 ] ] ] } },
{ "type": "Feature", "properties": { "Vill_LGD": "482389", "Villl_name": "Gol khedi", "Sub_dist": "HUZUR", "District": "BHOPAL" }, "geometry": { "type": "Polygon", "coordinates": [ [ [ 77.403871388338857, 23.375484881259467, 0.0 ], [ 77.400155385363377, 23.375707736350286, 0.0 ], [ 77.395353102379531, 23.373643614982608, 0.0 ], [ 77.395965838252209, 23.376838405532787, 0.0 ], [ 77.394338286695501, 23.3812642032842, 0.0 ], [ 77.39567350724198, 23.388696926800776, 0.0 ], [ 77.400657805079419, 23.388471876070934, 0.0 ], [ 77.4029975818503, 23.38527122521204, 0.0 ], [ 77.403871388338857, 23.375484881259467, 0.0 ] ] ] } },
{ "type": "Feature", "properties": { "Vill_LGD": "482368", "Villl_name": "Hajjampura", "Sub_dist": "HUZUR", "District": "BHOPAL" }, "geometry": { "type": "Polygon", "coordinates": [ [ [ 77.388351968985049, 23.367819524924506, 0.0 ], [ 77.390708616608379, 23.359937888708096, 0.0 ], [ 77.393057083700612, 23.359280485236532, 0.0 ], [ 77.391434353745169, 23.353596624603398, 0.0 ], [ 77.381565250268594, 23.352490144478754, 0.0 ], [ 77.37724238450528, 23.369252346890121, 0.0 ], [ 77.388351968985049, 23.367819524924506, 0.0 ] ] ] } },
{ "type": "Feature", "properties": { "Vill_LGD": "482367", "Villl_name": "Intkhedi sadak", "Sub_dist": "HUZUR", "District": "BHOPAL" }, "geometry": { "type": "Polygon", "coordinates": [ [ [ 77.404671255261889, 23.360758678048452, 0.0 ], [ 77.398184884249432, 23.360016410121453, 0.0 ], [ 77.395329306723454, 23.35698011176164, 0.0 ], [ 77.392343743498571, 23.357680673095857, 0.0 ], [ 77.393057083700612, 23.359280485236532, 0.0 ], [ 77.390708616608379, 23.359937888708096, 0.0 ], [ 77.388470942193038, 23.368090783721268, 0.0 ], [ 77.394588788157094, 23.373191913616754, 0.0 ], [ 77.40115278892425, 23.372797296887295, 0.0 ], [ 77.405576775726175, 23.368260401600935, 0.0 ], [ 77.404110763297851, 23.364799985182508, 0.0 ], [ 77.404671255261889, 23.360758678048452, 0.0 ] ] ] } },
{ "type": "Feature", "properties": { "Vill_LGD": "482387", "Villl_name": "Kanchbavli", "Sub_dist": "HUZUR", "District": "BHOPAL" }, "geometry": { "type": "Polygon", "coordinates": [ [ [ 77.413262252827721, 23.375791370610084, 0.0 ], [ 77.413004323800422, 23.371323006682019, 0.0 ], [ 77.409043464805833, 23.372410992721843, 0.0 ], [ 77.407047493760047, 23.368163655094765, 0.0 ], [ 77.401258167396207, 23.375649040957061, 0.0 ], [ 77.411055431181666, 23.373825094410364, 0.0 ], [ 77.411608174407206, 23.3758742831292, 0.0 ], [ 77.413262252827721, 23.375791370610084, 0.0 ] ] ] } },
{ "type": "Feature", "properties": { "Vill_LGD": "482388", "Villl_name": "Bherupura", "Sub_dist": "HUZUR", "District": "BHOPAL" }, "geometry": { "type": "Polygon", "coordinates": [ [ [ 77.419020048213071, 23.378323353891339, 0.0 ], [ 77.420148288953996, 23.368934801802038, 0.0 ], [ 77.417942278490841, 23.367859037654952, 0.0 ], [ 77.417151477594317, 23.37020404343868, 0.0 ], [ 77.415313393090713, 23.370363077117581, 0.0 ], [ 77.413050111665967, 23.368513743095175, 0.0 ], [ 77.413262252827721, 23.375791370610084, 0.0 ], [ 77.415206509057924, 23.377830557900189, 0.0 ], [ 77.419020048213071, 23.378323353891339, 0.0 ] ] ] } },
{ "type": "Feature", "properties": { "Vill_LGD": "482416", "Villl_name": "Kalyanpur", "Sub_dist": "HUZUR", "District": "BHOPAL" }, "geometry": { "type": "Polygon", "coordinates": [ [ [ 77.444563092394944, 23.388061738300038, 0.0 ], [ 77.441882176179533, 23.381690890084894, 0.0 ], [ 77.434602811693296, 23.378643882472247, 0.0 ], [ 77.429962293681754, 23.373166815067041, 0.0 ], [ 77.420148288953996, 23.368934801802038, 0.0 ], [ 77.419020048213071, 23.378323353891339, 0.0 ], [ 77.423553745146151, 23.379482473154869, 0.0 ], [ 77.431916978460464, 23.384922494886894, 0.0 ], [ 77.444563092394944, 23.388061738300038, 0.0 ] ] ] } },
{ "type": "Feature", "properties": { "Vill_LGD": "482409", "Villl_name": "Sumer khedi", "Sub_dist": "HUZUR", "District": "BHOPAL" }, "geometry": { "type": "Polygon", "coordinates": [ [ [ 77.442699511785847, 23.390470971339916, 0.0 ], [ 77.434700914090584, 23.386810568608606, 0.0 ], [ 77.427067971627906, 23.390025746356265, 0.0 ], [ 77.430556458395628, 23.396080890310348, 0.0 ], [ 77.438559557911717, 23.394476420176893, 0.0 ], [ 77.443465034952922, 23.397544258193559, 0.0 ], [ 77.442699511785847, 23.390470971339916, 0.0 ] ] ] } },
{ "type": "Feature", "properties": { "Vill_LGD": "482408", "Villl_name": "Kala pipal", "Sub_dist": "HUZUR", "District": "BHOPAL" }, "geometry": { "type": "Polygon", "coordinates": [ [ [ 77.439170114405428, 23.395202088975157, 0.0 ], [ 77.432269671165344, 23.396345009685241, 0.0 ], [ 77.426862145936411, 23.394920232123784, 0.0 ], [ 77.425232514859175, 23.405699613133198, 0.0 ], [ 77.428362509267004, 23.412415524477968, 0.0 ], [ 77.43421166609366, 23.40681377567504, 0.0 ], [ 77.439170114405428, 23.395202088975157, 0.0 ] ] ] } },
{ "type": "Feature", "properties": { "Vill_LGD": "482394", "Villl_name": "Raipur", "Sub_dist": "HUZUR", "District": "BHOPAL" }, "geometry": { "type": "Polygon", "coordinates": [ [ [ 77.439424701410204, 23.437777452519999, 0.0 ], [ 77.43536505305859, 23.433371996357607, 0.0 ], [ 77.433959266541535, 23.420189937030596, 0.0 ], [ 77.430275860874403, 23.416751220778664, 0.0 ], [ 77.410904986321782, 23.411646683380258, 0.0 ], [ 77.410304074046735, 23.415237385749396, 0.0 ], [ 77.398173980805552, 23.422284351147134, 0.0 ], [ 77.400501119877561, 23.43098363329436, 0.0 ], [ 77.404982576560272, 23.435597453001861, 0.0 ], [ 77.410630282785647, 23.434049922705441, 0.0 ], [ 77.4149188199913, 23.436793816488191, 0.0 ], [ 77.426888468331256, 23.437725376942367, 0.0 ], [ 77.435896147959227, 23.436260816568304, 0.0 ], [ 77.437636052649708, 23.438562581901831, 0.0 ], [ 77.439424701410204, 23.437777452519999, 0.0 ] ] ] } },
{ "type": "Feature", "properties": { "Vill_LGD": "482395", "Villl_name": "Khinchital", "Sub_dist": "HUZUR", "District": "BHOPAL" }, "geometry": { "type": "Polygon", "coordinates": [ [ [ 77.446663505786034, 23.438352593541115, 0.0 ], [ 77.446888685579651, 23.433738734385642, 0.0 ], [ 77.443519139218139, 23.431626443940306, 0.0 ], [ 77.442879802829026, 23.427899074791981, 0.0 ], [ 77.439843610523866, 23.425324497408461, 0.0 ], [ 77.440400468680238, 23.419463726011369, 0.0 ], [ 77.433369507522386, 23.418857794181196, 0.0 ], [ 77.43536505305859, 23.433371996357607, 0.0 ], [ 77.439424701410204, 23.437777452519999, 0.0 ], [ 77.441249671308611, 23.43612318100709, 0.0 ], [ 77.446663505786034, 23.438352593541115, 0.0 ] ] ] } },
{ "type": "Feature", "properties": { "Vill_LGD": "937866", "Villl_name": "Chhapar", "Sub_dist": "HUZUR", "District": "BHOPAL" }, "geometry": { "type": "Polygon", "coordinates": [ [ [ 77.438423923131083, 23.418773542480281, 0.0 ], [ 77.442566903214896, 23.410250612048031, 0.0 ], [ 77.442946179636607, 23.397353433009869, 0.0 ], [ 77.439170114405428, 23.395202088975157, 0.0 ], [ 77.43421166609366, 23.40681377567504, 0.0 ], [ 77.428362509267004, 23.412415524477968, 0.0 ], [ 77.433369507522386, 23.418857794181196, 0.0 ], [ 77.438423923131083, 23.418773542480281, 0.0 ] ] ] } },
{ "type": "Feature", "properties": { "Vill_LGD": "482399", "Villl_name": "Kanera", "Sub_dist": "HUZUR", "District": "BHOPAL" }, "geometry": { "type": "Polygon", "coordinates": [ [ [ 77.456592518953926, 23.43838543348409, 0.0 ], [ 77.457061302111612, 23.436570404200925, 0.0 ], [ 77.451882450755733, 23.430278640205227, 0.0 ], [ 77.452539773236339, 23.425726139733086, 0.0 ], [ 77.454131224205881, 23.424651468237894, 0.0 ], [ 77.453356489774393, 23.423382857398682, 0.0 ], [ 77.45025361869078, 23.423915080957201, 0.0 ], [ 77.449491103422105, 23.419022592845675, 0.0 ], [ 77.440400468680238, 23.419463726011369, 0.0 ], [ 77.439843610523866, 23.425324497408461, 0.0 ], [ 77.442879802829026, 23.427899074791981, 0.0 ], [ 77.443519139218139, 23.431626443940306, 0.0 ], [ 77.446888685579651, 23.433738734385642, 0.0 ], [ 77.446663505786034, 23.438352593541115, 0.0 ], [ 77.453239182865147, 23.439448383029578, 0.0 ], [ 77.456592518953926, 23.43838543348409, 0.0 ] ] ] } },
{ "type": "Feature", "properties": { "Vill_LGD": "482400", "Villl_name": "Momanpur", "Sub_dist": "HUZUR", "District": "BHOPAL" }, "geometry": { "type": "Polygon", "coordinates": [ [ [ 77.457982458619085, 23.438737995536034, 0.0 ], [ 77.465626999827833, 23.437980448914171, 0.0 ], [ 77.465477682742232, 23.436272654391278, 0.0 ], [ 77.462119074516863, 23.43545887854388, 0.0 ], [ 77.462911434351568, 23.42928774760037, 0.0 ], [ 77.461324333866159, 23.422608600645589, 0.0 ], [ 77.455284759476328, 23.416919265927682, 0.0 ], [ 77.449902920504357, 23.417082302622308, 0.0 ], [ 77.45025361869078, 23.423915080957201, 0.0 ], [ 77.453356489774393, 23.423382857398682, 0.0 ], [ 77.454131224205881, 23.424651468237894, 0.0 ], [ 77.452539773236339, 23.425726139733086, 0.0 ], [ 77.451882450755733, 23.430278640205227, 0.0 ], [ 77.457982458619085, 23.438737995536034, 0.0 ] ] ] } },
{ "type": "Feature", "properties": { "Vill_LGD": "482370", "Villl_name": "Chandpur", "Sub_dist": "HUZUR", "District": "BHOPAL" }, "geometry": { "type": "Polygon", "coordinates": [ [ [ 77.369783155523891, 23.352268070430096, 0.0 ], [ 77.369576096336175, 23.342150024283889, 0.0 ], [ 77.36452129662203, 23.334794689298796, 0.0 ], [ 77.360684291111781, 23.333452570763825, 0.0 ], [ 77.359745437255498, 23.336531190860622, 0.0 ], [ 77.352110643099621, 23.338803982856767, 0.0 ], [ 77.351575264635102, 23.340010369147649, 0.0 ], [ 77.353695364204412, 23.341327402099733, 0.0 ], [ 77.35442712891161, 23.35094013438631, 0.0 ], [ 77.35970752190704, 23.352739988857614, 0.0 ], [ 77.36280168178132, 23.351108212270951, 0.0 ], [ 77.369783155523891, 23.352268070430096, 0.0 ] ] ] } },
{ "type": "Feature", "properties": { "Vill_LGD": "482363", "Villl_name": "Dobra", "Sub_dist": "HUZUR", "District": "BHOPAL" }, "geometry": { "type": "Polygon", "coordinates": [ [ [ 77.359745437255498, 23.336531190860622, 0.0 ], [ 77.361360377072174, 23.332256795524785, 0.0 ], [ 77.356549966565026, 23.333489836762254, 0.0 ], [ 77.345415097340251, 23.331921730194789, 0.0 ], [ 77.341693948136722, 23.332095354547278, 0.0 ], [ 77.339725210394505, 23.334336882009307, 0.0 ], [ 77.34208662162898, 23.336868548471955, 0.0 ], [ 77.34506332804304, 23.335390901950653, 0.0 ], [ 77.349399806174063, 23.340757867826298, 0.0 ], [ 77.352835254723161, 23.341978578601339, 0.0 ], [ 77.352110643099621, 23.338803982856767, 0.0 ], [ 77.359745437255498, 23.336531190860622, 0.0 ] ] ] } },
{ "type": "Feature", "properties": { "Vill_LGD": "482407", "Villl_name": "Chanched", "Sub_dist": "HUZUR", "District": "BHOPAL" }, "geometry": { "type": "Polygon", "coordinates": [ [ [ 77.459629862231139, 23.399774444078634, 0.0 ], [ 77.453464738056581, 23.397105351644271, 0.0 ], [ 77.4541071924872, 23.395020942827902, 0.0 ], [ 77.457524580772571, 23.394049038919697, 0.0 ], [ 77.456857848513522, 23.386826078920311, 0.0 ], [ 77.454312214167331, 23.380758334191622, 0.0 ], [ 77.443213505833413, 23.383834540579166, 0.0 ], [ 77.444837773893781, 23.387500903449592, 0.0 ], [ 77.442699511785847, 23.390470971339916, 0.0 ], [ 77.443465034952922, 23.397544258193559, 0.0 ], [ 77.453136371745998, 23.399889320020421, 0.0 ], [ 77.459629862231139, 23.399774444078634, 0.0 ] ] ] } },
{ "type": "Feature", "properties": { "Vill_LGD": "482404", "Villl_name": "Agariya", "Sub_dist": "HUZUR", "District": "BHOPAL" }, "geometry": { "type": "Polygon", "coordinates": [ [ [ 77.466872362074554, 23.420384362570893, 0.0 ], [ 77.474560292499959, 23.414391899507148, 0.0 ], [ 77.470093084113557, 23.407821047033018, 0.0 ], [ 77.459629862231139, 23.399774444078634, 0.0 ], [ 77.453136371745998, 23.399889320020421, 0.0 ], [ 77.442946179636607, 23.397353433009869, 0.0 ], [ 77.442566903214896, 23.410250612048031, 0.0 ], [ 77.438317713490335, 23.419172029123992, 0.0 ], [ 77.448441976809249, 23.419166619033192, 0.0 ], [ 77.449902920504357, 23.417082302622308, 0.0 ], [ 77.455284759476328, 23.416919265927682, 0.0 ], [ 77.460053583456315, 23.421340119613074, 0.0 ], [ 77.466872362074554, 23.420384362570893, 0.0 ] ] ] } },
{ "type": "Feature", "properties": { "Vill_LGD": "482401", "Villl_name": "Kadhaiya khurd", "Sub_dist": "HUZUR", "District": "BHOPAL" }, "geometry": { "type": "Polygon", "coordinates": [ [ [ 77.473232012394064, 23.444865597208658, 0.0 ], [ 77.474431812164312, 23.437826139327356, 0.0 ], [ 77.475963046777352, 23.437213991584343, 0.0 ], [ 77.468636291820445, 23.427833949778307, 0.0 ], [ 77.46934726676092, 23.423660071906689, 0.0 ], [ 77.466872362074554, 23.420384362570893, 0.0 ], [ 77.460053583456315, 23.421340119613074, 0.0 ], [ 77.462911434351568, 23.42928774760037, 0.0 ], [ 77.461615817789053, 23.431604151575808, 0.0 ], [ 77.462432753969637, 23.436174834929052, 0.0 ], [ 77.465477682742232, 23.436272654391278, 0.0 ], [ 77.467374322984, 23.4403547300596, 0.0 ], [ 77.47051408131675, 23.438326389013511, 0.0 ], [ 77.469163736852735, 23.444441604167437, 0.0 ], [ 77.473232012394064, 23.444865597208658, 0.0 ] ] ] } },
{ "type": "Feature", "properties": { "Vill_LGD": "482402", "Villl_name": "Karhod khurd", "Sub_dist": "HUZUR", "District": "BHOPAL" }, "geometry": { "type": "Polygon", "coordinates": [ [ [ 77.494041860458665, 23.444077061702053, 0.0 ], [ 77.49613349328925, 23.437965902442283, 0.0 ], [ 77.492122318224887, 23.432416068425827, 0.0 ], [ 77.489895142297883, 23.421032728254509, 0.0 ], [ 77.481434617731665, 23.419995735869538, 0.0 ], [ 77.474560292499959, 23.414391899507148, 0.0 ], [ 77.469284695271838, 23.417304575894068, 0.0 ], [ 77.466872362074554, 23.420384362570893, 0.0 ], [ 77.469356360394031, 23.423676491467301, 0.0 ], [ 77.468636291820445, 23.427833949778307, 0.0 ], [ 77.475308694638372, 23.43652989613344, 0.0 ], [ 77.481777458381956, 23.439507713522278, 0.0 ], [ 77.486905197613225, 23.439876528657976, 0.0 ], [ 77.488910206896989, 23.443302537537086, 0.0 ], [ 77.494041860458665, 23.444077061702053, 0.0 ] ] ] } },
{ "type": "Feature", "properties": { "Vill_LGD": "482403", "Villl_name": "Kirat nagar", "Sub_dist": "HUZUR", "District": "BHOPAL" }, "geometry": { "type": "Polygon", "coordinates": [ [ [ 77.489395010654306, 23.420552112875065, 0.0 ], [ 77.49017115982619, 23.41609296711108, 0.0 ], [ 77.504872839678882, 23.407736943123425, 0.0 ], [ 77.48348423707651, 23.39848386382306, 0.0 ], [ 77.470936138451052, 23.397826942236982, 0.0 ], [ 77.461737103795087, 23.400997175021161, 0.0 ], [ 77.470093084113557, 23.407821047033018, 0.0 ], [ 77.478622095125772, 23.418368184290024, 0.0 ], [ 77.482603647317248, 23.420363144945316, 0.0 ], [ 77.489395010654306, 23.420552112875065, 0.0 ] ] ] } },
{ "type": "Feature", "properties": { "Vill_LGD": "482406", "Villl_name": "Fatehpur", "Sub_dist": "HUZUR", "District": "BHOPAL" }, "geometry": { "type": "Polygon", "coordinates": [ [ [ 77.486208155594113, 23.399031256021065, 0.0 ], [ 77.479664432191527, 23.392016026404068, 0.0 ], [ 77.474081691144875, 23.388540046775393, 0.0 ], [ 77.471936013297238, 23.386221591799458, 0.0 ], [ 77.471945491034319, 23.383774902526657, 0.0 ], [ 77.469224162613855, 23.385015512327598, 0.0 ], [ 77.468010194136411, 23.387600639657609, 0.0 ], [ 77.468991596979976, 23.388719759533494, 0.0 ], [ 77.466279012506831, 23.391111118443412, 0.0 ], [ 77.45442128097956, 23.394806791273421, 0.0 ], [ 77.45343618409359, 23.396948306728593, 0.0 ], [ 77.458194201826544, 23.398220933163842, 0.0 ], [ 77.461639189095891, 23.401152390509395, 0.0 ], [ 77.470936138451052, 23.397826942236982, 0.0 ], [ 77.486208155594113, 23.399031256021065, 0.0 ] ] ] } },
{ "type": "Feature", "properties": { "Vill_LGD": "482461", "Villl_name": "Mubarikpur", "Sub_dist": "HUZUR", "District": "BHOPAL" }, "geometry": { "type": "Polygon", "coordinates": [ [ [ 77.319858312366847, 23.30084780573457, 0.0 ], [ 77.319548436815282, 23.309503125250533, 0.0 ], [ 77.309820684275934, 23.304830812928692, 0.0 ], [ 77.306592740909991, 23.313423869752977, 0.0 ], [ 77.30408699615721, 23.314557912307503, 0.0 ], [ 77.303341517242757, 23.317403419094425, 0.0 ], [ 77.296640165277836, 23.31995235749983, 0.0 ], [ 77.298390791617152, 23.321760905799898, 0.0 ], [ 77.304404534736094, 23.322444913828853, 0.0 ], [ 77.325573220798219, 23.315242148868922, 0.0 ], [ 77.329054803728113, 23.311057558776639, 0.0 ], [ 77.319858312366847, 23.30084780573457, 0.0 ] ] ] } },
{ "type": "Feature", "properties": { "Vill_LGD": "482459", "Villl_name": "Barkheda bondar", "Sub_dist": "HUZUR", "District": "BHOPAL" }, "geometry": { "type": "Polygon", "coordinates": [ [ [ 77.309820684275934, 23.304830812928692, 0.0 ], [ 77.297140255439047, 23.298345055001796, 0.0 ], [ 77.295421489468978, 23.290594648263333, 0.0 ], [ 77.29222145577809, 23.287987749264609, 0.0 ], [ 77.292750523597292, 23.292760735460693, 0.0 ], [ 77.289897238432559, 23.300701821141626, 0.0 ], [ 77.285298627791136, 23.303597455964525, 0.0 ], [ 77.271944558978674, 23.305652505276218, 0.0 ], [ 77.273465243442715, 23.315288989951444, 0.0 ], [ 77.275380708164391, 23.316485859847507, 0.0 ], [ 77.296076765360084, 23.319976309964524, 0.0 ], [ 77.303341517242757, 23.317403419094425, 0.0 ], [ 77.30408699615721, 23.314557912307503, 0.0 ], [ 77.306592740909991, 23.313423869752977, 0.0 ], [ 77.309820684275934, 23.304830812928692, 0.0 ] ] ] } },
{ "type": "Feature", "properties": { "Vill_LGD": "482373", "Villl_name": "Parvaliya sani", "Sub_dist": "HUZUR", "District": "BHOPAL" }, "geometry": { "type": "Polygon", "coordinates": [ [ [ 77.395412827824316, 23.357001206583281, 0.0 ], [ 77.397465176795379, 23.352381574550812, 0.0 ], [ 77.384207743792501, 23.343033244614954, 0.0 ], [ 77.382048773278726, 23.33981512619626, 0.0 ], [ 77.380749770753056, 23.340729377614558, 0.0 ], [ 77.380644306023328, 23.339415854682478, 0.0 ], [ 77.377938656247522, 23.339276475565171, 0.0 ], [ 77.376050452348878, 23.336190672355951, 0.0 ], [ 77.364716302746217, 23.33497885745458, 0.0 ], [ 77.369576096336175, 23.342150024283889, 0.0 ], [ 77.369783155523891, 23.352268070430096, 0.0 ], [ 77.390875180459943, 23.353263499785424, 0.0 ], [ 77.392529747524719, 23.357329120094011, 0.0 ], [ 77.395412827824316, 23.357001206583281, 0.0 ] ] ] } },
{ "type": "Feature", "properties": { "Vill_LGD": "482364", "Villl_name": "Bishan khedi", "Sub_dist": "HUZUR", "District": "BHOPAL" }, "geometry": { "type": "Polygon", "coordinates": [ [ [ 77.36531154092367, 23.31857042255923, 0.0 ], [ 77.36325902788289, 23.325590525929417, 0.0 ], [ 77.361757343492954, 23.325818447812264, 0.0 ], [ 77.360684291111781, 23.333452570763825, 0.0 ], [ 77.374191807295091, 23.335966449651359, 0.0 ], [ 77.370224532267457, 23.325489708411805, 0.0 ], [ 77.36531154092367, 23.31857042255923, 0.0 ] ] ] } },
{ "type": "Feature", "properties": { "Vill_LGD": "482371", "Villl_name": "Pareva kheda", "Sub_dist": "HUZUR", "District": "BHOPAL" }, "geometry": { "type": "Polygon", "coordinates": [ [ [ 77.388451192494117, 23.330094170826488, 0.0 ], [ 77.374411175496505, 23.323874351390693, 0.0 ], [ 77.371654668708132, 23.319708642073081, 0.0 ], [ 77.36548385238946, 23.319097041958493, 0.0 ], [ 77.370224532267457, 23.325489708411805, 0.0 ], [ 77.374191807295091, 23.335966449651359, 0.0 ], [ 77.376707712446105, 23.33659638524767, 0.0 ], [ 77.377938656247522, 23.339276475565171, 0.0 ], [ 77.380687607004759, 23.339446822476937, 0.0 ], [ 77.380749770753056, 23.340729377614558, 0.0 ], [ 77.382048773278726, 23.33981512619626, 0.0 ], [ 77.386582195637232, 23.34397212371157, 0.0 ], [ 77.388515145920437, 23.339958047322842, 0.0 ], [ 77.387411744927718, 23.338144522539462, 0.0 ], [ 77.388741727849435, 23.335806183704452, 0.0 ], [ 77.38751988714013, 23.334265675037702, 0.0 ], [ 77.388451192494117, 23.330094170826488, 0.0 ] ] ] } },
{ "type": "Feature", "properties": { "Vill_LGD": "482372", "Villl_name": "Arwaliya", "Sub_dist": "HUZUR", "District": "BHOPAL" }, "geometry": { "type": "Polygon", "coordinates": [ [ [ 77.403111356248203, 23.339245602246745, 0.0 ], [ 77.398953613015792, 23.337262566005428, 0.0 ], [ 77.39505102739291, 23.332639400116424, 0.0 ], [ 77.388451192494117, 23.330094170826488, 0.0 ], [ 77.38751988714013, 23.334265675037702, 0.0 ], [ 77.388741727849435, 23.335806183704452, 0.0 ], [ 77.387411744927718, 23.338144522539462, 0.0 ], [ 77.388515145920437, 23.339958047322842, 0.0 ], [ 77.386582195637232, 23.34397212371157, 0.0 ], [ 77.400420282773268, 23.354680397223905, 0.0 ], [ 77.400537736111787, 23.346149278245854, 0.0 ], [ 77.403390992020235, 23.342081022925694, 0.0 ], [ 77.403111356248203, 23.339245602246745, 0.0 ] ] ] } },
{ "type": "Feature", "properties": { "Vill_LGD": "482390", "Villl_name": "Islamnagar", "Sub_dist": "HUZUR", "District": "BHOPAL" }, "geometry": { "type": "Polygon", "coordinates": [ [ [ 77.436101769492822, 23.366436860339725, 0.0 ], [ 77.430991010341131, 23.362332924681244, 0.0 ], [ 77.430800465588348, 23.356388122783635, 0.0 ], [ 77.425097084701221, 23.353374254415034, 0.0 ], [ 77.426562832648884, 23.348653404225665, 0.0 ], [ 77.422655759256315, 23.349695863395752, 0.0 ], [ 77.417378049240483, 23.348353408201802, 0.0 ], [ 77.416075536873592, 23.351256683515903, 0.0 ], [ 77.414607450320403, 23.351177933559807, 0.0 ], [ 77.409204507463272, 23.334794919290871, 0.0 ], [ 77.403111356248203, 23.339245602246745, 0.0 ], [ 77.403390992020235, 23.342081022925694, 0.0 ], [ 77.400537736111787, 23.346149278245854, 0.0 ], [ 77.400420282773268, 23.354680397223905, 0.0 ], [ 77.397465176795379, 23.352381574550812, 0.0 ], [ 77.395522471268364, 23.354779556172915, 0.0 ], [ 77.397114125849626, 23.359433442080878, 0.0 ], [ 77.403254600057593, 23.359627974264999, 0.0 ], [ 77.411026746007863, 23.363132284324212, 0.0 ], [ 77.413872581741472, 23.362799159562254, 0.0 ], [ 77.418643277612347, 23.368490392037515, 0.0 ], [ 77.429962293681754, 23.373166815067041, 0.0 ], [ 77.436287783761202, 23.379554049213116, 0.0 ], [ 77.435164287436365, 23.374528554548569, 0.0 ], [ 77.428552063355554, 23.369346386503747, 0.0 ], [ 77.430366402079514, 23.367181076845945, 0.0 ], [ 77.436101769492822, 23.366436860339725, 0.0 ] ], [ [ 77.412326045293938, 23.356785525159566, 0.0 ], [ 77.407829219519968, 23.356071627661876, 0.0 ], [ 77.409837480218968, 23.352443663137652, 0.0 ], [ 77.414446369065942, 23.352683194400214, 0.0 ], [ 77.414223046775646, 23.355338151033394, 0.0 ], [ 77.412326045293938, 23.356785525159566, 0.0 ] ] ] } },
{ "type": "Feature", "properties": { "Vill_LGD": "482418", "Villl_name": "Mungalia khurd", "Sub_dist": "HUZUR", "District": "BHOPAL" }, "geometry": { "type": "Polygon", "coordinates": [ [ [ 77.45430720955622, 23.380759109971407, 0.0 ], [ 77.452146200699516, 23.376856456787245, 0.0 ], [ 77.450621765821523, 23.377370051443467, 0.0 ], [ 77.437150953654026, 23.366864815828929, 0.0 ], [ 77.431049226092796, 23.366970851047817, 0.0 ], [ 77.428552063355554, 23.369346386503747, 0.0 ], [ 77.435164287436365, 23.374528554548569, 0.0 ], [ 77.436287783761202, 23.379554049213116, 0.0 ], [ 77.441882176179533, 23.381690890084894, 0.0 ], [ 77.443213505833413, 23.383834540579166, 0.0 ], [ 77.45430720955622, 23.380759109971407, 0.0 ] ] ] } },
{ "type": "Feature", "properties": { "Vill_LGD": "482410", "Villl_name": "Barkhedi abdulla", "Sub_dist": "HUZUR", "District": "BHOPAL" }, "geometry": { "type": "Polygon", "coordinates": [ [ [ 77.51040999463433, 23.401146288587899, 0.0 ], [ 77.509233993564521, 23.393452031374775, 0.0 ], [ 77.505046142000865, 23.392157604831063, 0.0 ], [ 77.504411420201862, 23.389809060379392, 0.0 ], [ 77.48811257536957, 23.378729304361428, 0.0 ], [ 77.490240417191075, 23.377096589788824, 0.0 ], [ 77.487873446346697, 23.370713518441651, 0.0 ], [ 77.478974326460886, 23.374843437875253, 0.0 ], [ 77.480087235883559, 23.37948471665673, 0.0 ], [ 77.476403631716309, 23.383168032253508, 0.0 ], [ 77.472116996767326, 23.383840085044024, 0.0 ], [ 77.471936013297238, 23.386221591799458, 0.0 ], [ 77.479664432191527, 23.392016026404068, 0.0 ], [ 77.483058732903103, 23.397092607063914, 0.0 ], [ 77.502001442575292, 23.406792292986712, 0.0 ], [ 77.505278932384599, 23.407536193440681, 0.0 ], [ 77.51040999463433, 23.401146288587899, 0.0 ] ] ] } },
{ "type": "Feature", "properties": { "Vill_LGD": "482417", "Villl_name": "Ganyari", "Sub_dist": "HUZUR", "District": "BHOPAL" }, "geometry": { "type": "Polygon", "coordinates": [ [ [ 77.469468788661644, 23.384772996706385, 0.0 ], [ 77.465847851143906, 23.378928076219175, 0.0 ], [ 77.466818404836417, 23.373147170861625, 0.0 ], [ 77.456920055183076, 23.373913485199097, 0.0 ], [ 77.452146200699516, 23.376856456787245, 0.0 ], [ 77.456857848513522, 23.386826078920311, 0.0 ], [ 77.457515339599894, 23.393799583823778, 0.0 ], [ 77.466279012506831, 23.391111118443412, 0.0 ], [ 77.468991596979976, 23.388719759533494, 0.0 ], [ 77.468010194136411, 23.387600639657609, 0.0 ], [ 77.469468788661644, 23.384772996706385, 0.0 ] ] ] } },
{ "type": "Feature", "properties": { "Vill_LGD": "482413", "Villl_name": "Rusalli chunanagar", "Sub_dist": "HUZUR", "District": "BHOPAL" }, "geometry": { "type": "Polygon", "coordinates": [ [ [ 77.469468788661644, 23.384772996706385, 0.0 ], [ 77.476403631716309, 23.383168032253508, 0.0 ], [ 77.480303317249778, 23.379075328587994, 0.0 ], [ 77.476274969280638, 23.36562484246577, 0.0 ], [ 77.472343613547778, 23.370424234286496, 0.0 ], [ 77.466272270606268, 23.371606715916165, 0.0 ], [ 77.466554871202447, 23.381656264316394, 0.0 ], [ 77.469468788661644, 23.384772996706385, 0.0 ] ] ] } },
{ "type": "Feature", "properties": { "Vill_LGD": "482412", "Villl_name": "Dob", "Sub_dist": "HUZUR", "District": "BHOPAL" }, "geometry": { "type": "Polygon", "coordinates": [ [ [ 77.50636759016399, 23.375022127537758, 0.0 ], [ 77.504026586953003, 23.376240303947597, 0.0 ], [ 77.502824353448531, 23.374606634854125, 0.0 ], [ 77.50140323107658, 23.375306365301707, 0.0 ], [ 77.499396624993466, 23.371227008418266, 0.0 ], [ 77.494068543061601, 23.369238739420034, 0.0 ], [ 77.487873446346697, 23.370713518441651, 0.0 ], [ 77.490240417191075, 23.377096589788824, 0.0 ], [ 77.488246750881743, 23.378899689995542, 0.0 ], [ 77.504411420201862, 23.389809060379392, 0.0 ], [ 77.505046142000865, 23.392157604831063, 0.0 ], [ 77.509233993564521, 23.393452031374775, 0.0 ], [ 77.50636759016399, 23.375022127537758, 0.0 ] ] ] } },
{ "type": "Feature", "properties": { "Vill_LGD": "482419", "Villl_name": "Mungalia kot", "Sub_dist": "HUZUR", "District": "BHOPAL" }, "geometry": { "type": "Polygon", "coordinates": [ [ [ 77.450621765821523, 23.377370051443467, 0.0 ], [ 77.456920055183076, 23.373913485199097, 0.0 ], [ 77.466029418322989, 23.37307177091936, 0.0 ], [ 77.468085419528492, 23.370274218613389, 0.0 ], [ 77.472343613547778, 23.370424234286496, 0.0 ], [ 77.476274969280638, 23.36562484246577, 0.0 ], [ 77.475691988194484, 23.353233195804272, 0.0 ], [ 77.459277839152563, 23.348428916415173, 0.0 ], [ 77.443447256734942, 23.347607140997201, 0.0 ], [ 77.444782279501638, 23.350198853870548, 0.0 ], [ 77.438959821388252, 23.356434992720057, 0.0 ], [ 77.440969313402604, 23.368987991397692, 0.0 ], [ 77.44251822326504, 23.371760860316716, 0.0 ], [ 77.450621765821523, 23.377370051443467, 0.0 ] ] ] } },
{ "type": "Feature", "properties": { "Vill_LGD": "482420", "Villl_name": "Rusalli beldar", "Sub_dist": "HUZUR", "District": "BHOPAL" }, "geometry": { "type": "Polygon", "coordinates": [ [ [ 77.438959821388252, 23.356434992720057, 0.0 ], [ 77.431568077650937, 23.358173139101627, 0.0 ], [ 77.430760036150218, 23.361147814469238, 0.0 ], [ 77.431472850527584, 23.363165737119861, 0.0 ], [ 77.441015324936259, 23.369117870185491, 0.0 ], [ 77.438959821388252, 23.356434992720057, 0.0 ] ] ] } },
{ "type": "Feature", "properties": { "Vill_LGD": "482421", "Villl_name": "Semra saiyad", "Sub_dist": "HUZUR", "District": "BHOPAL" }, "geometry": { "type": "Polygon", "coordinates": [ [ [ 77.438959821388252, 23.356434992720057, 0.0 ], [ 77.444782279501638, 23.350198853870548, 0.0 ], [ 77.442309397769563, 23.345596807728079, 0.0 ], [ 77.440096934072258, 23.346155806322869, 0.0 ], [ 77.439440202786955, 23.344610346816445, 0.0 ], [ 77.437826927861366, 23.348290182961481, 0.0 ], [ 77.432881773837025, 23.348830398704461, 0.0 ], [ 77.430192539331955, 23.346309938869833, 0.0 ], [ 77.424712894947305, 23.345114932410123, 0.0 ], [ 77.424895574483486, 23.348534518920108, 0.0 ], [ 77.426562832648884, 23.348653404225665, 0.0 ], [ 77.424970216221439, 23.352279176400874, 0.0 ], [ 77.426051250456311, 23.354574635290337, 0.0 ], [ 77.430800465588348, 23.356388122783635, 0.0 ], [ 77.431568077650937, 23.358173139101627, 0.0 ], [ 77.438959821388252, 23.356434992720057, 0.0 ] ] ] } },
{ "type": "Feature", "properties": { "Vill_LGD": "482453", "Villl_name": "Puraman bhawan", "Sub_dist": "HUZUR", "District": "BHOPAL" }, "geometry": { "type": "Polygon", "coordinates": [ [ [ 77.418551238335453, 23.348750653311605, 0.0 ], [ 77.42062910633841, 23.345445547022692, 0.0 ], [ 77.41847331548, 23.343032773895565, 0.0 ], [ 77.41801760826948, 23.337249590273814, 0.0 ], [ 77.414834642775176, 23.337328253618701, 0.0 ], [ 77.417737584864128, 23.338717264159484, 0.0 ], [ 77.416851967446647, 23.340754769449951, 0.0 ], [ 77.410040029139722, 23.339737458180007, 0.0 ], [ 77.414466442456231, 23.351095406310499, 0.0 ], [ 77.418551238335453, 23.348750653311605, 0.0 ] ] ] } },
{ "type": "Feature", "properties": { "Vill_LGD": "482454", "Villl_name": "Mohammad nagar urf.sattikheda", "Sub_dist": "HUZUR", "District": "BHOPAL" }, "geometry": { "type": "Polygon", "coordinates": [ [ [ 77.417017585081851, 23.336902131102434, 0.0 ], [ 77.416792762132403, 23.334509980335586, 0.0 ], [ 77.414466291675538, 23.333488859003975, 0.0 ], [ 77.409204507463272, 23.334794919290871, 0.0 ], [ 77.410767189145986, 23.33981238670059, 0.0 ], [ 77.412582279535599, 23.34034632569437, 0.0 ], [ 77.416851967446647, 23.340754769449951, 0.0 ], [ 77.417737584864128, 23.338717264159484, 0.0 ], [ 77.414834642775176, 23.337328253618701, 0.0 ], [ 77.417017585081851, 23.336902131102434, 0.0 ] ] ] } },
{ "type": "Feature", "properties": { "Vill_LGD": "482455", "Villl_name": "Shyampur", "Sub_dist": "HUZUR", "District": "BHOPAL" }, "geometry": { "type": "Polygon", "coordinates": [ [ [ 77.424895574483486, 23.348534518920108, 0.0 ], [ 77.426446389816192, 23.339549507955478, 0.0 ], [ 77.424053042146625, 23.338936791436975, 0.0 ], [ 77.42406035010967, 23.336230715498015, 0.0 ], [ 77.422457678852624, 23.335265152917515, 0.0 ], [ 77.416480893669743, 23.335573220543555, 0.0 ], [ 77.4184584680618, 23.337917309837533, 0.0 ], [ 77.418649395577489, 23.343465835617977, 0.0 ], [ 77.420386400115717, 23.343792627712794, 0.0 ], [ 77.418551238335453, 23.348750653311605, 0.0 ], [ 77.422655759256315, 23.349695863395752, 0.0 ], [ 77.424895574483486, 23.348534518920108, 0.0 ] ] ] } },
{ "type": "Feature", "properties": { "Vill_LGD": "482456", "Villl_name": "Deval khedi", "Sub_dist": "HUZUR", "District": "BHOPAL" }, "geometry": { "type": "Polygon", "coordinates": [ [ [ 77.42628731271293, 23.326745162972909, 0.0 ], [ 77.416712790471536, 23.32469294699338, 0.0 ], [ 77.416261821757786, 23.327589172341074, 0.0 ], [ 77.412754083222367, 23.329090968465355, 0.0 ], [ 77.412544147917089, 23.330982227527979, 0.0 ], [ 77.41545074567199, 23.334782893768079, 0.0 ], [ 77.422457678852624, 23.335265152917515, 0.0 ], [ 77.423927341036105, 23.336866363592797, 0.0 ], [ 77.425690371607971, 23.333872553525168, 0.0 ], [ 77.42628731271293, 23.326745162972909, 0.0 ] ] ] } },
{ "type": "Feature", "properties": { "Vill_LGD": "482415", "Villl_name": "Sukhi sewaniya", "Sub_dist": "HUZUR", "District": "BHOPAL" }, "geometry": { "type": "Polygon", "coordinates": [ [ [ 77.478974326460886, 23.374843437875253, 0.0 ], [ 77.493227037342635, 23.369195929497931, 0.0 ], [ 77.494003456375125, 23.361190939256048, 0.0 ], [ 77.492313208230527, 23.351742562219624, 0.0 ], [ 77.497111089866621, 23.346495386954324, 0.0 ], [ 77.490439531901998, 23.340039903058219, 0.0 ], [ 77.4778603263062, 23.338116518372253, 0.0 ], [ 77.463947161416186, 23.338714124734022, 0.0 ], [ 77.464946941932013, 23.345040697977531, 0.0 ], [ 77.473190102308166, 23.347941578831392, 0.0 ], [ 77.472742702927405, 23.349170792448902, 0.0 ], [ 77.476274952348319, 23.351044169972191, 0.0 ], [ 77.475994949118601, 23.3642890640362, 0.0 ], [ 77.478974326460886, 23.374843437875253, 0.0 ] ] ] } },
{ "type": "Feature", "properties": { "Vill_LGD": "482414", "Villl_name": "Garhmurra", "Sub_dist": "HUZUR", "District": "BHOPAL" }, "geometry": { "type": "Polygon", "coordinates": [ [ [ 77.504026586953003, 23.376240303947597, 0.0 ], [ 77.518086409935492, 23.373090592872188, 0.0 ], [ 77.517639958698538, 23.371021619805752, 0.0 ], [ 77.522815286891571, 23.361080231975606, 0.0 ], [ 77.512200511856605, 23.353634898561758, 0.0 ], [ 77.51205060623488, 23.35117929476467, 0.0 ], [ 77.507658334255012, 23.352376712144949, 0.0 ], [ 77.50336218954817, 23.34703741195916, 0.0 ], [ 77.50103784857518, 23.347971567824676, 0.0 ], [ 77.497111089866621, 23.346495386954324, 0.0 ], [ 77.492313208230527, 23.351742562219624, 0.0 ], [ 77.494003456375125, 23.361190939256048, 0.0 ], [ 77.493227037342635, 23.369195929497931, 0.0 ], [ 77.499396624993466, 23.371227008418266, 0.0 ], [ 77.50140323107658, 23.375306365301707, 0.0 ], [ 77.502824353448531, 23.374606634854125, 0.0 ], [ 77.504026586953003, 23.376240303947597, 0.0 ] ] ] } },
{ "type": "Feature", "properties": { "Vill_LGD": "482411", "Villl_name": "Balampur", "Sub_dist": "HUZUR", "District": "BHOPAL" }, "geometry": { "type": "Polygon", "coordinates": [ [ [ 77.539971266961885, 23.416980892833646, 0.0 ], [ 77.538974683077598, 23.405864544363475, 0.0 ], [ 77.543470674262039, 23.405819333773415, 0.0 ], [ 77.546853077726894, 23.403244756289059, 0.0 ], [ 77.552214314665704, 23.404888598918852, 0.0 ], [ 77.553896135617478, 23.403222689141344, 0.0 ], [ 77.552977810348736, 23.398886774561156, 0.0 ], [ 77.548508634780234, 23.394685755888439, 0.0 ], [ 77.547409073431808, 23.391533400958117, 0.0 ], [ 77.546796802723321, 23.377931289232091, 0.0 ], [ 77.534958016161539, 23.375754941362018, 0.0 ], [ 77.530691833214163, 23.376985969077552, 0.0 ], [ 77.506589742793139, 23.374655057467873, 0.0 ], [ 77.51040999463433, 23.401146288587899, 0.0 ], [ 77.515291354783898, 23.405134960485011, 0.0 ], [ 77.517305280345113, 23.413344094511146, 0.0 ], [ 77.53300751282535, 23.418025842786836, 0.0 ], [ 77.539971266961885, 23.416980892833646, 0.0 ] ] ] } },
{ "type": "Feature", "properties": { "Vill_LGD": "937862", "Villl_name": "Dehri", "Sub_dist": "HUZUR", "District": "BHOPAL" }, "geometry": { "type": "Polygon", "coordinates": [ [ [ 77.558533812858983, 23.409665468593797, 0.0 ], [ 77.557828257127412, 23.404625004775728, 0.0 ], [ 77.559643160205766, 23.401902443717155, 0.0 ], [ 77.55746320284851, 23.398311199851989, 0.0 ], [ 77.552220080291434, 23.397315680353984, 0.0 ], [ 77.553927215965786, 23.40282002350504, 0.0 ], [ 77.552214314665704, 23.404888598918852, 0.0 ], [ 77.546853077726894, 23.403244756289059, 0.0 ], [ 77.543470674262039, 23.405819333773415, 0.0 ], [ 77.538974683077598, 23.405864544363475, 0.0 ], [ 77.539971266961885, 23.416980892833646, 0.0 ], [ 77.554639111533177, 23.415444703621933, 0.0 ], [ 77.558533812858983, 23.409665468593797, 0.0 ] ] ] } },
{ "type": "Feature", "properties": { "Vill_LGD": "482458", "Villl_name": "Pipliya bajkhan", "Sub_dist": "HUZUR", "District": "BHOPAL" }, "geometry": { "type": "Polygon", "coordinates": [ [ [ 77.431613017713772, 23.323226141925431, 0.0 ], [ 77.431028318760525, 23.312742083397637, 0.0 ], [ 77.421094088798156, 23.316847899554279, 0.0 ], [ 77.415407189273466, 23.314245429961062, 0.0 ], [ 77.416712790471536, 23.32469294699338, 0.0 ], [ 77.42288264723183, 23.326727752265672, 0.0 ], [ 77.42628731271293, 23.326745162972909, 0.0 ], [ 77.431613017713772, 23.323226141925431, 0.0 ] ] ] } },
{ "type": "Feature", "properties": { "Vill_LGD": "482457", "Villl_name": "Ghat khedi", "Sub_dist": "HUZUR", "District": "BHOPAL" }, "geometry": { "type": "Polygon", "coordinates": [ [ [ 77.445430056682014, 23.32857837705285, 0.0 ], [ 77.44631523970196, 23.32481677095776, 0.0 ], [ 77.444421896930663, 23.323412511463566, 0.0 ], [ 77.439765719403994, 23.321558245596147, 0.0 ], [ 77.435097217707494, 23.322379991570902, 0.0 ], [ 77.432143909170804, 23.319657571059942, 0.0 ], [ 77.430918936853104, 23.320710713017188, 0.0 ], [ 77.431657938239695, 23.323170445989973, 0.0 ], [ 77.42742027767558, 23.325991082999533, 0.0 ], [ 77.428366882309589, 23.32769959571193, 0.0 ], [ 77.43637012983595, 23.32908142589476, 0.0 ], [ 77.445430056682014, 23.32857837705285, 0.0 ] ] ] } },
{ "type": "Feature", "properties": { "Vill_LGD": "482423", "Villl_name": "Amoni", "Sub_dist": "HUZUR", "District": "BHOPAL" }, "geometry": { "type": "Polygon", "coordinates": [ [ [ 77.556814113985752, 23.376877853293443, 0.0 ], [ 77.55388046306112, 23.368077685657777, 0.0 ], [ 77.550050309483183, 23.363362247965146, 0.0 ], [ 77.54790452903481, 23.352624005337358, 0.0 ], [ 77.549717735186221, 23.351906714204297, 0.0 ], [ 77.559811000317694, 23.358864667741546, 0.0 ], [ 77.562275040146304, 23.355140304578185, 0.0 ], [ 77.566165649782036, 23.354374237732728, 0.0 ], [ 77.572183421296288, 23.348870514293086, 0.0 ], [ 77.576144113920449, 23.347312636465734, 0.0 ], [ 77.580900197350331, 23.341299178675651, 0.0 ], [ 77.562808511592564, 23.336873851417426, 0.0 ], [ 77.561637968743511, 23.338768383046034, 0.0 ], [ 77.558006416226064, 23.337803582530611, 0.0 ], [ 77.556080248932943, 23.340791421340153, 0.0 ], [ 77.551272542207116, 23.342467327070541, 0.0 ], [ 77.549379872971926, 23.344761917739049, 0.0 ], [ 77.544234701774357, 23.345982293490959, 0.0 ], [ 77.540348590156242, 23.340762881557058, 0.0 ], [ 77.534229072699262, 23.341296833921401, 0.0 ], [ 77.527013458408007, 23.343256649668064, 0.0 ], [ 77.521940749805879, 23.347361454675735, 0.0 ], [ 77.51205060623488, 23.35117929476467, 0.0 ], [ 77.512200511856605, 23.353634898561758, 0.0 ], [ 77.522815286891571, 23.361080231975606, 0.0 ], [ 77.522651103818106, 23.362683988936343, 0.0 ], [ 77.517639958698538, 23.371021619805752, 0.0 ], [ 77.518086409935492, 23.373090592872188, 0.0 ], [ 77.508690440039032, 23.374735740095812, 0.0 ], [ 77.530691833214163, 23.376985969077552, 0.0 ], [ 77.532355021299239, 23.375633491792087, 0.0 ], [ 77.538742764926198, 23.376065138873958, 0.0 ], [ 77.546796802723321, 23.377931289232091, 0.0 ], [ 77.552339284483651, 23.377054109486686, 0.0 ], [ 77.552491650681787, 23.375906219997784, 0.0 ], [ 77.554532432202009, 23.37818467566867, 0.0 ], [ 77.557627890634606, 23.377558378815042, 0.0 ], [ 77.557856318133901, 23.378838528825813, 0.0 ], [ 77.558746236780166, 23.37697303195246, 0.0 ], [ 77.556814113985752, 23.376877853293443, 0.0 ] ] ] } },
{ "type": "Feature", "properties": { "Vill_LGD": "482362", "Villl_name": "Prempura", "Sub_dist": "HUZUR", "District": "BHOPAL" }, "geometry": { "type": "Polygon", "coordinates": [ [ [ 77.582310830489533, 23.341684210815721, 0.0 ], [ 77.580900197350331, 23.341299178675651, 0.0 ], [ 77.576440736243782, 23.347047295266567, 0.0 ], [ 77.572183421296288, 23.348870514293086, 0.0 ], [ 77.566576494857472, 23.354141798639411, 0.0 ], [ 77.562275040146304, 23.355140304578185, 0.0 ], [ 77.559811000317694, 23.358864667741546, 0.0 ], [ 77.549717735186221, 23.351906714204297, 0.0 ], [ 77.54790452903481, 23.352624005337358, 0.0 ], [ 77.550050309483183, 23.363362247965146, 0.0 ], [ 77.55388046306112, 23.368077685657777, 0.0 ], [ 77.555205598903555, 23.372632894699137, 0.0 ], [ 77.556566649900972, 23.369867961652997, 0.0 ], [ 77.562094250282456, 23.366358296862817, 0.0 ], [ 77.564603015993868, 23.361878053150363, 0.0 ], [ 77.569079156632355, 23.36110908780924, 0.0 ], [ 77.569719114199771, 23.359365894309622, 0.0 ], [ 77.576378015019387, 23.355981692104375, 0.0 ], [ 77.582392124703915, 23.3551526753158, 0.0 ], [ 77.581658415281794, 23.351246697824408, 0.0 ], [ 77.5851113625382, 23.35124562337359, 0.0 ], [ 77.582999830844372, 23.348865995488438, 0.0 ], [ 77.582310830489533, 23.341684210815721, 0.0 ] ] ] } },
{ "type": "Feature", "properties": { "Vill_LGD": "482425", "Villl_name": "Kalyanpura", "Sub_dist": "HUZUR", "District": "BHOPAL" }, "geometry": { "type": "Polygon", "coordinates": [ [ [ 77.507658334255012, 23.352376712144949, 0.0 ], [ 77.521940749805879, 23.347361454675735, 0.0 ], [ 77.527013458408007, 23.343256649668064, 0.0 ], [ 77.534229072699262, 23.341296833921401, 0.0 ], [ 77.540348590156242, 23.340762881557058, 0.0 ], [ 77.544234701774357, 23.345982293490959, 0.0 ], [ 77.549379872971926, 23.344761917739049, 0.0 ], [ 77.551272542207116, 23.342467327070541, 0.0 ], [ 77.556080248932943, 23.340791421340153, 0.0 ], [ 77.558006416226064, 23.337803582530611, 0.0 ], [ 77.561637968743511, 23.338768383046034, 0.0 ], [ 77.562808511592564, 23.336873851417426, 0.0 ], [ 77.554982318087156, 23.332613539697938, 0.0 ], [ 77.550179932915086, 23.335194980146806, 0.0 ], [ 77.544921548511283, 23.334951870893999, 0.0 ], [ 77.542981942849806, 23.330545842917072, 0.0 ], [ 77.538782315312588, 23.328556284130137, 0.0 ], [ 77.533566385759002, 23.317531602349352, 0.0 ], [ 77.519223199500232, 23.318680382984404, 0.0 ], [ 77.509204990977508, 23.316705992293556, 0.0 ], [ 77.499616859061206, 23.317180095833361, 0.0 ], [ 77.497346672073803, 23.328487988469924, 0.0 ], [ 77.493192024201676, 23.33415941840671, 0.0 ], [ 77.493376982742802, 23.338589811909209, 0.0 ], [ 77.490439531901998, 23.340039903058219, 0.0 ], [ 77.496230457699809, 23.346038517363628, 0.0 ], [ 77.500710092890358, 23.347937192055404, 0.0 ], [ 77.503565155852797, 23.347159691900522, 0.0 ], [ 77.507658334255012, 23.352376712144949, 0.0 ] ] ] } },
{ "type": "Feature", "properties": { "Vill_LGD": "482427", "Villl_name": "Chopda kalan", "Sub_dist": "HUZUR", "District": "BHOPAL" }, "geometry": { "type": "Polygon", "coordinates": [ [ [ 77.470464518657522, 23.310789303490683, 0.0 ], [ 77.457604534379726, 23.309546562063783, 0.0 ], [ 77.450305629658033, 23.311883912707689, 0.0 ], [ 77.453845475385975, 23.314104166995183, 0.0 ], [ 77.447957202971637, 23.324523688801541, 0.0 ], [ 77.447374344533955, 23.322892458670328, 0.0 ], [ 77.445879554779168, 23.323616669714415, 0.0 ], [ 77.445181840999354, 23.328230355605601, 0.0 ], [ 77.448742948690082, 23.332823870826129, 0.0 ], [ 77.458671173273558, 23.335189694554806, 0.0 ], [ 77.463559538731786, 23.338773359196018, 0.0 ], [ 77.4778603263062, 23.338116518372253, 0.0 ], [ 77.487119457826765, 23.339744510384971, 0.0 ], [ 77.487803506811616, 23.337050718930229, 0.0 ], [ 77.483269489787219, 23.331911324349651, 0.0 ], [ 77.480790752536706, 23.33129271503708, 0.0 ], [ 77.480032143456299, 23.329432907146145, 0.0 ], [ 77.478121103806828, 23.330854712170755, 0.0 ], [ 77.476521338661655, 23.329884022871898, 0.0 ], [ 77.476843308998539, 23.326365544096941, 0.0 ], [ 77.470464518657522, 23.310789303490683, 0.0 ] ] ] } },
{ "type": "Feature", "properties": { "Vill_LGD": "482426", "Villl_name": "Pipaliya jahirpeer", "Sub_dist": "HUZUR", "District": "BHOPAL" }, "geometry": { "type": "Polygon", "coordinates": [ [ [ 77.486462763745152, 23.339977249186372, 0.0 ], [ 77.493376982742802, 23.338589811909209, 0.0 ], [ 77.493192024201676, 23.33415941840671, 0.0 ], [ 77.497346672073803, 23.328487988469924, 0.0 ], [ 77.498198647549302, 23.319769870950537, 0.0 ], [ 77.499616859061206, 23.317180095833361, 0.0 ], [ 77.502487620111367, 23.316445237734921, 0.0 ], [ 77.500382952872329, 23.310785651792962, 0.0 ], [ 77.491512791455534, 23.30886365653318, 0.0 ], [ 77.491910860761493, 23.303457943889466, 0.0 ], [ 77.489503588828711, 23.301512112825002, 0.0 ], [ 77.488439968235625, 23.296785314086254, 0.0 ], [ 77.483727447525055, 23.301060015751577, 0.0 ], [ 77.481507942944276, 23.30035454505061, 0.0 ], [ 77.478383174806851, 23.302302226258401, 0.0 ], [ 77.477066145572593, 23.308392324792518, 0.0 ], [ 77.470464518657522, 23.310789303490683, 0.0 ], [ 77.476843308998539, 23.326365544096941, 0.0 ], [ 77.476521338661655, 23.329884022871898, 0.0 ], [ 77.478121103806828, 23.330854712170755, 0.0 ], [ 77.480032143456299, 23.329432907146145, 0.0 ], [ 77.480790752536706, 23.33129271503708, 0.0 ], [ 77.482563110176827, 23.331258946134163, 0.0 ], [ 77.487803506811616, 23.337050718930229, 0.0 ], [ 77.486462763745152, 23.339977249186372, 0.0 ] ] ] } },
{ "type": "Feature", "properties": { "Vill_LGD": "802312", "Villl_name": "Bhopal (M Corp.) Part", "Sub_dist": "HUZUR", "District": "BHOPAL" }, "geometry": { "type": "Polygon", "coordinates": [ [ [ 77.409204507463272, 23.334794919290871, 0.0 ], [ 77.414298229230994, 23.333503997099569, 0.0 ], [ 77.412754083222367, 23.329090968465355, 0.0 ], [ 77.416293809868833, 23.327514587343732, 0.0 ], [ 77.415482425472206, 23.313998295955027, 0.0 ], [ 77.421094088798156, 23.316847899554279, 0.0 ], [ 77.431028318760525, 23.312742083397637, 0.0 ], [ 77.432538200907572, 23.316984469078555, 0.0 ], [ 77.431082337909174, 23.320531506622078, 0.0 ], [ 77.432587679091043, 23.319834841167228, 0.0 ], [ 77.435097217707494, 23.322379991570902, 0.0 ], [ 77.441219618942057, 23.321817797208219, 0.0 ], [ 77.445175967439667, 23.324372521762989, 0.0 ], [ 77.447374344533955, 23.322892458670328, 0.0 ], [ 77.447957202971637, 23.324523688801541, 0.0 ], [ 77.453845475385975, 23.314104166995183, 0.0 ], [ 77.450305629658033, 23.311883912707689, 0.0 ], [ 77.457983768003444, 23.307211300164049, 0.0 ], [ 77.461427874934245, 23.302236216693384, 0.0 ], [ 77.462249437776762, 23.295667461046602, 0.0 ], [ 77.458216081481126, 23.292134796033764, 0.0 ], [ 77.462923349015, 23.293264212837148, 0.0 ], [ 77.468405153897535, 23.28917619043041, 0.0 ], [ 77.467213714212164, 23.286933820091754, 0.0 ], [ 77.469349164492357, 23.285921501108383, 0.0 ], [ 77.476281236817485, 23.288525554662066, 0.0 ], [ 77.475424478403511, 23.28219979840306, 0.0 ], [ 77.482437328246419, 23.279146744579254, 0.0 ], [ 77.486247204202826, 23.275563288298692, 0.0 ], [ 77.488763831956916, 23.276587032529029, 0.0 ], [ 77.487842826178351, 23.281359193106415, 0.0 ], [ 77.502811003704238, 23.286431799894604, 0.0 ], [ 77.50316755455458, 23.284520516606424, 0.0 ], [ 77.499924769323997, 23.283517101278729, 0.0 ], [ 77.498144294211798, 23.279822158203419, 0.0 ], [ 77.499689421422048, 23.276621705280547, 0.0 ], [ 77.506158450272437, 23.27909217855764, 0.0 ], [ 77.508051663029505, 23.278262681462937, 0.0 ], [ 77.507432320728924, 23.275087998493429, 0.0 ], [ 77.523269375649178, 23.272551539949053, 0.0 ], [ 77.525638154389895, 23.270581840294842, 0.0 ], [ 77.519728801591484, 23.265845152440722, 0.0 ], [ 77.517279353852459, 23.261040372913268, 0.0 ], [ 77.519545350789656, 23.25728473488261, 0.0 ], [ 77.518265200257417, 23.252604335205966, 0.0 ], [ 77.521596193569835, 23.242083432059495, 0.0 ], [ 77.529933044531006, 23.238300445478064, 0.0 ], [ 77.522986462004724, 23.225837088247697, 0.0 ], [ 77.525397102633875, 23.222476258346539, 0.0 ], [ 77.500823476129653, 23.212651843571617, 0.0 ], [ 77.494982671078205, 23.202510272702526, 0.0 ], [ 77.488891198389894, 23.201086914450993, 0.0 ], [ 77.484333870588571, 23.195512795690821, 0.0 ], [ 77.486250472088713, 23.190242390820362, 0.0 ], [ 77.490270016558895, 23.197463743723738, 0.0 ], [ 77.496615726933001, 23.195220340326422, 0.0 ], [ 77.503609719930026, 23.200123747987487, 0.0 ], [ 77.505567023227044, 23.19669192393259, 0.0 ], [ 77.506017248655638, 23.190651498777815, 0.0 ], [ 77.512384781675863, 23.187728627434701, 0.0 ], [ 77.514614556164943, 23.182120393190413, 0.0 ], [ 77.516329310024062, 23.181684555315314, 0.0 ], [ 77.515586029167068, 23.171937837642833, 0.0 ], [ 77.520690500405806, 23.161586245062903, 0.0 ], [ 77.521433567673782, 23.153304378222597, 0.0 ], [ 77.524611638756696, 23.153004861747768, 0.0 ], [ 77.525377691046998, 23.150363446780638, 0.0 ], [ 77.530876339887755, 23.147095423224251, 0.0 ], [ 77.530351467789529, 23.141027282445386, 0.0 ], [ 77.525354000612126, 23.133319937523833, 0.0 ], [ 77.525398904688615, 23.128438924965494, 0.0 ], [ 77.522485230201056, 23.127565934465235, 0.0 ], [ 77.524269374163126, 23.124828807886516, 0.0 ], [ 77.523231930390807, 23.123568882593315, 0.0 ], [ 77.529322147209157, 23.12012293930341, 0.0 ], [ 77.531314911944222, 23.12176145092478, 0.0 ], [ 77.533329033521738, 23.120868905241213, 0.0 ], [ 77.533377462110309, 23.122650242120692, 0.0 ], [ 77.53566874475932, 23.12133056397802, 0.0 ], [ 77.534782266960036, 23.118868429082482, 0.0 ], [ 77.531636604504897, 23.119345189850616, 0.0 ], [ 77.524649750718567, 23.116222418920813, 0.0 ], [ 77.523511126578683, 23.118074429219593, 0.0 ], [ 77.516570462432313, 23.116273873606577, 0.0 ], [ 77.515531695128075, 23.121082613862772, 0.0 ], [ 77.512932800832715, 23.117476427681765, 0.0 ], [ 77.510041994602176, 23.116695636970125, 0.0 ], [ 77.511944387938698, 23.112458083621839, 0.0 ], [ 77.508153503160742, 23.113448783795963, 0.0 ], [ 77.509748228664463, 23.11099497305004, 0.0 ], [ 77.500614537102535, 23.113418667739573, 0.0 ], [ 77.500777423702999, 23.114941417178759, 0.0 ], [ 77.497610105729208, 23.117339726171672, 0.0 ], [ 77.492694809313264, 23.111410477641776, 0.0 ], [ 77.491200969813391, 23.115124513635198, 0.0 ], [ 77.489109423954076, 23.113330400662953, 0.0 ], [ 77.486410727128714, 23.115549735582892, 0.0 ], [ 77.484802599409775, 23.113318502225415, 0.0 ], [ 77.48207389111866, 23.113436186613974, 0.0 ], [ 77.483126614335887, 23.118272986078168, 0.0 ], [ 77.481461241172724, 23.120102345710318, 0.0 ], [ 77.479729047868588, 23.11898052896537, 0.0 ], [ 77.480724452703484, 23.116598187062188, 0.0 ], [ 77.479253069577481, 23.115221325123045, 0.0 ], [ 77.47701279996717, 23.116121507548499, 0.0 ], [ 77.477800298250983, 23.12000239751054, 0.0 ], [ 77.474873813423173, 23.117713220937581, 0.0 ], [ 77.473485962792708, 23.119844650599074, 0.0 ], [ 77.470269287269147, 23.118913656790998, 0.0 ], [ 77.469421842959946, 23.120211087249583, 0.0 ], [ 77.471541941718399, 23.121850535984983, 0.0 ], [ 77.46731601926794, 23.123309145778034, 0.0 ], [ 77.46976258123432, 23.123966947721627, 0.0 ], [ 77.46948978979583, 23.126361845374952, 0.0 ], [ 77.466949225903591, 23.126723672618347, 0.0 ], [ 77.463770503701397, 23.124399652651402, 0.0 ], [ 77.461276828521264, 23.127894605118392, 0.0 ], [ 77.457094953582725, 23.123543717208161, 0.0 ], [ 77.456224274204075, 23.115511762864589, 0.0 ], [ 77.45303258357967, 23.116119247430696, 0.0 ], [ 77.45243671530838, 23.119987141283243, 0.0 ], [ 77.451236990540977, 23.118753628522398, 0.0 ], [ 77.447751357571448, 23.121060654437997, 0.0 ], [ 77.44749556517057, 23.119876872339177, 0.0 ], [ 77.445379868237779, 23.120952983637242, 0.0 ], [ 77.442531058654083, 23.115836809238761, 0.0 ], [ 77.434340457173775, 23.117505454005354, 0.0 ], [ 77.431733757953083, 23.118494119458987, 0.0 ], [ 77.425701185779616, 23.125274689887412, 0.0 ], [ 77.42179162525035, 23.114602293810126, 0.0 ], [ 77.415434314501042, 23.119666419550281, 0.0 ], [ 77.415874262755395, 23.121926750346333, 0.0 ], [ 77.410176286636784, 23.122254402030972, 0.0 ], [ 77.405986174765061, 23.125423606356012, 0.0 ], [ 77.404259422602138, 23.124629479217401, 0.0 ], [ 77.404791688225956, 23.128062756170724, 0.0 ], [ 77.403287778251482, 23.129791301501736, 0.0 ], [ 77.400492566482924, 23.129437171682039, 0.0 ], [ 77.388986210304822, 23.13351917036313, 0.0 ], [ 77.38155499995635, 23.129577999799977, 0.0 ], [ 77.367484718962061, 23.133314200559361, 0.0 ], [ 77.365254000119236, 23.135464000180299, 0.0 ], [ 77.366078001321867, 23.146895999587176, 0.0 ], [ 77.368362854047689, 23.154678449482905, 0.0 ], [ 77.371212000073783, 23.162105000848474, 0.0 ], [ 77.375692001786632, 23.16553299917754, 0.0 ], [ 77.378661886048263, 23.164975228362469, 0.0 ], [ 77.380387275630682, 23.168700098495936, 0.0 ], [ 77.371468279113486, 23.17457991423171, 0.0 ], [ 77.368979854549238, 23.17864896252329, 0.0 ], [ 77.372512265713951, 23.188906260414349, 0.0 ], [ 77.37750194392062, 23.191338279198558, 0.0 ], [ 77.364269734641951, 23.195373815477193, 0.0 ], [ 77.353740142468837, 23.194091757164244, 0.0 ], [ 77.349511975180405, 23.185245087655574, 0.0 ], [ 77.347500269235226, 23.184291132936945, 0.0 ], [ 77.332423239237045, 23.188201547815499, 0.0 ], [ 77.336317318485996, 23.202672073589707, 0.0 ], [ 77.338869163075046, 23.205364338703372, 0.0 ], [ 77.33561581388021, 23.215333875955736, 0.0 ], [ 77.333283346649452, 23.218031300227459, 0.0 ], [ 77.332448255761975, 23.228276124468113, 0.0 ], [ 77.330740937779893, 23.231321651567583, 0.0 ], [ 77.31890952933162, 23.228196622664175, 0.0 ], [ 77.31099647595984, 23.228701118934474, 0.0 ], [ 77.314585139680162, 23.25170226648742, 0.0 ], [ 77.308382291717678, 23.252729530833143, 0.0 ], [ 77.305863043519906, 23.250448681912111, 0.0 ], [ 77.304534392674825, 23.252497915829938, 0.0 ], [ 77.301514891049294, 23.252899087173006, 0.0 ], [ 77.293961508175954, 23.250681434997745, 0.0 ], [ 77.292763016804145, 23.249164349915134, 0.0 ], [ 77.294800310941227, 23.247268869693674, 0.0 ], [ 77.291612292723187, 23.247976405928036, 0.0 ], [ 77.289371808517174, 23.245949220581135, 0.0 ], [ 77.290192842175131, 23.243853272716631, 0.0 ], [ 77.282912674176416, 23.245572806536686, 0.0 ], [ 77.270753708163781, 23.242627033688262, 0.0 ], [ 77.26306682207769, 23.259806389554313, 0.0 ], [ 77.264519215300311, 23.260866288317931, 0.0 ], [ 77.264288878230658, 23.269093067889148, 0.0 ], [ 77.269493157536004, 23.275824178375697, 0.0 ], [ 77.271186555711452, 23.283630719970837, 0.0 ], [ 77.260776786489828, 23.301874900143645, 0.0 ], [ 77.260474938356353, 23.306560749131584, 0.0 ], [ 77.285381357187958, 23.30356071791055, 0.0 ], [ 77.290650074755419, 23.299633015770127, 0.0 ], [ 77.292750523597292, 23.292760735460693, 0.0 ], [ 77.29222145577809, 23.287987749264609, 0.0 ], [ 77.295421489468978, 23.290594648263333, 0.0 ], [ 77.297140255439047, 23.298345055001796, 0.0 ], [ 77.302545510853548, 23.302173661324307, 0.0 ], [ 77.316023092592971, 23.307000007430343, 0.0 ], [ 77.319003392810885, 23.309919318489754, 0.0 ], [ 77.319783734440634, 23.300905825306295, 0.0 ], [ 77.316952040613828, 23.297447262376366, 0.0 ], [ 77.330856234532277, 23.290834942805944, 0.0 ], [ 77.334274885942875, 23.296238602863507, 0.0 ], [ 77.335880935409165, 23.295252106109306, 0.0 ], [ 77.335566593540733, 23.298188628253172, 0.0 ], [ 77.338052549198792, 23.301476939171458, 0.0 ], [ 77.327760189495535, 23.310038364855707, 0.0 ], [ 77.338810862533791, 23.329928125379386, 0.0 ], [ 77.356549966565026, 23.333489836762254, 0.0 ], [ 77.360916526643052, 23.332596491966239, 0.0 ], [ 77.363892302671985, 23.320101716686182, 0.0 ], [ 77.367418165923112, 23.315275005689099, 0.0 ], [ 77.366936468046731, 23.310772338110738, 0.0 ], [ 77.373328011044904, 23.309318550507989, 0.0 ], [ 77.378503890473098, 23.310073920721987, 0.0 ], [ 77.380412340994624, 23.313223498200738, 0.0 ], [ 77.387844396529886, 23.316445787327034, 0.0 ], [ 77.391039886912836, 23.319848465950699, 0.0 ], [ 77.388528740323665, 23.330171360305606, 0.0 ], [ 77.39505102739291, 23.332639400116424, 0.0 ], [ 77.398953613015792, 23.337262566005428, 0.0 ], [ 77.40325553200698, 23.339286502929252, 0.0 ], [ 77.409204507463272, 23.334794919290871, 0.0 ] ] ] } },
{ "type": "Feature", "properties": { "Vill_LGD": "482452", "Villl_name": "Sewaniya onkar", "Sub_dist": "HUZUR", "District": "BHOPAL" }, "geometry": { "type": "Polygon", "coordinates": [ [ [ 77.471317368352132, 23.310571911067971, 0.0 ], [ 77.477066145572593, 23.308392324792518, 0.0 ], [ 77.478041687951801, 23.303009944068705, 0.0 ], [ 77.479947098787775, 23.300887031313419, 0.0 ], [ 77.483727447525055, 23.301060015751577, 0.0 ], [ 77.488276116220248, 23.296894765880861, 0.0 ], [ 77.485864096919926, 23.295345664987178, 0.0 ], [ 77.484406447136124, 23.289704645776087, 0.0 ], [ 77.469349164492357, 23.285921501108383, 0.0 ], [ 77.467213714212164, 23.286933820091754, 0.0 ], [ 77.468780631982, 23.291177903321341, 0.0 ], [ 77.464678567566807, 23.296004191014237, 0.0 ], [ 77.463934188155449, 23.299526856221238, 0.0 ], [ 77.466977702086922, 23.309538553873125, 0.0 ], [ 77.471317368352132, 23.310571911067971, 0.0 ] ] ] } },
{ "type": "Feature", "properties": { "Vill_LGD": "482429", "Villl_name": "Kanasaiya", "Sub_dist": "HUZUR", "District": "BHOPAL" }, "geometry": { "type": "Polygon", "coordinates": [ [ [ 77.517883960149021, 23.316745968148453, 0.0 ], [ 77.523988587944132, 23.310618001875593, 0.0 ], [ 77.520988117143432, 23.30556385599424, 0.0 ], [ 77.518851358275825, 23.305170936630141, 0.0 ], [ 77.517347541311707, 23.296224470864683, 0.0 ], [ 77.513998826777964, 23.294635242079131, 0.0 ], [ 77.51821054781459, 23.294740667963914, 0.0 ], [ 77.51988166713916, 23.291983082431269, 0.0 ], [ 77.519656424333036, 23.28792295016455, 0.0 ], [ 77.531635080568449, 23.288865487182743, 0.0 ], [ 77.532790956295258, 23.286481488869786, 0.0 ], [ 77.530267623019128, 23.276198721757204, 0.0 ], [ 77.525638154389895, 23.270581840294842, 0.0 ], [ 77.523269375649178, 23.272551539949053, 0.0 ], [ 77.507432320728924, 23.275087998493429, 0.0 ], [ 77.510202845452383, 23.284592063960503, 0.0 ], [ 77.503771129629087, 23.284356909419881, 0.0 ], [ 77.501014397348115, 23.286608025146077, 0.0 ], [ 77.496480367308564, 23.284035101671702, 0.0 ], [ 77.498786158831663, 23.289657159188327, 0.0 ], [ 77.497638069205479, 23.29354281938593, 0.0 ], [ 77.48688573650081, 23.295719629191225, 0.0 ], [ 77.48931039060551, 23.297463940058531, 0.0 ], [ 77.489503588828711, 23.301512112825002, 0.0 ], [ 77.491669499313687, 23.302621409463551, 0.0 ], [ 77.491512791455534, 23.30886365653318, 0.0 ], [ 77.500382952872329, 23.310785651792962, 0.0 ], [ 77.502483672755901, 23.316430873458764, 0.0 ], [ 77.519223199500232, 23.318680382984404, 0.0 ], [ 77.517883960149021, 23.316745968148453, 0.0 ] ] ] } },
{ "type": "Feature", "properties": { "Vill_LGD": "482430", "Villl_name": "Samarda kaliyasot", "Sub_dist": "HUZUR", "District": "BHOPAL" }, "geometry": { "type": "Polygon", "coordinates": [ [ [ 77.624963753420374, 23.346183743502902, 0.0 ], [ 77.627891962225007, 23.341432794293855, 0.0 ], [ 77.62553738304571, 23.33540279054969, 0.0 ], [ 77.619553996433012, 23.32915655113737, 0.0 ], [ 77.618549615096924, 23.324171087474646, 0.0 ], [ 77.614299148442782, 23.321547114949972, 0.0 ], [ 77.609735924983184, 23.313095010548519, 0.0 ], [ 77.58581422634461, 23.287805832231559, 0.0 ], [ 77.561068272592109, 23.288236382483728, 0.0 ], [ 77.560865929961977, 23.286831361697736, 0.0 ], [ 77.545585097975575, 23.285518985127755, 0.0 ], [ 77.531695691741945, 23.288691695215029, 0.0 ], [ 77.531535570334924, 23.295082886885268, 0.0 ], [ 77.536144511987757, 23.308637012389092, 0.0 ], [ 77.533047201491954, 23.317510087038833, 0.0 ], [ 77.539053113527061, 23.328970446147927, 0.0 ], [ 77.542981942849806, 23.330545842917072, 0.0 ], [ 77.544921548511283, 23.334951870893999, 0.0 ], [ 77.550179932915086, 23.335194980146806, 0.0 ], [ 77.554982318087156, 23.332613539697938, 0.0 ], [ 77.565843614208546, 23.338598133636896, 0.0 ], [ 77.573065737011987, 23.338789646449182, 0.0 ], [ 77.586802434112869, 23.342466714420553, 0.0 ], [ 77.615156255451865, 23.343700177006273, 0.0 ], [ 77.624963753420374, 23.346183743502902, 0.0 ] ] ] } },
{ "type": "Feature", "properties": { "Vill_LGD": "937864", "Villl_name": "Haripura", "Sub_dist": "HUZUR", "District": "BHOPAL" }, "geometry": { "type": "Polygon", "coordinates": [ [ [ 77.58581422634461, 23.287805832231559, 0.0 ], [ 77.588564291472693, 23.280645700746891, 0.0 ], [ 77.582497950836739, 23.272424597049838, 0.0 ], [ 77.583526922099779, 23.26861660823462, 0.0 ], [ 77.577718068923332, 23.267449407355773, 0.0 ], [ 77.569611884922651, 23.262371439014867, 0.0 ], [ 77.565641555338289, 23.262154811148278, 0.0 ], [ 77.559419586396373, 23.257894049716935, 0.0 ], [ 77.556324974867067, 23.257898051948338, 0.0 ], [ 77.559805380722608, 23.278915021137685, 0.0 ], [ 77.555485573893435, 23.286647621592369, 0.0 ], [ 77.560865929961977, 23.286831361697736, 0.0 ], [ 77.561068272592109, 23.288236382483728, 0.0 ], [ 77.58581422634461, 23.287805832231559, 0.0 ] ] ] } },
{ "type": "Feature", "properties": { "Vill_LGD": "482433", "Villl_name": "Bilkhiriya kalan", "Sub_dist": "HUZUR", "District": "BHOPAL" }, "geometry": { "type": "Polygon", "coordinates": [ [ [ 77.583526922099779, 23.26861660823462, 0.0 ], [ 77.591898282260772, 23.262735602475832, 0.0 ], [ 77.595817279980821, 23.255860540437666, 0.0 ], [ 77.585432035289486, 23.24927193001685, 0.0 ], [ 77.57564508871323, 23.248282724552748, 0.0 ], [ 77.573480974608785, 23.252282172678687, 0.0 ], [ 77.572447721944414, 23.264032975181014, 0.0 ], [ 77.580480451704645, 23.268625650824138, 0.0 ], [ 77.583526922099779, 23.26861660823462, 0.0 ] ] ] } },
{ "type": "Feature", "properties": { "Vill_LGD": "482431", "Villl_name": "Jhiriya kheda", "Sub_dist": "HUZUR", "District": "BHOPAL" }, "geometry": { "type": "Polygon", "coordinates": [ [ [ 77.555946193510948, 23.286201217517711, 0.0 ], [ 77.543959536138047, 23.275915533902491, 0.0 ], [ 77.540058980292741, 23.268736218140184, 0.0 ], [ 77.537433001695746, 23.266882706235528, 0.0 ], [ 77.532158988070407, 23.268463127923145, 0.0 ], [ 77.528826389376491, 23.271297293317534, 0.0 ], [ 77.527877576441455, 23.273467258743491, 0.0 ], [ 77.530267623019128, 23.276198721757204, 0.0 ], [ 77.532739706268885, 23.284206441766305, 0.0 ], [ 77.531939748543124, 23.28834061025449, 0.0 ], [ 77.54415668926066, 23.285558780852327, 0.0 ], [ 77.555946193510948, 23.286201217517711, 0.0 ] ] ] } },
{ "type": "Feature", "properties": { "Vill_LGD": "938372", "Villl_name": "Padariya Sankal", "Sub_dist": "HUZUR", "District": "BHOPAL" }, "geometry": { "type": "Polygon", "coordinates": [ [ [ 77.573526144886671, 23.254638985162003, 0.0 ], [ 77.559374214831095, 23.252053360897733, 0.0 ], [ 77.559222164711372, 23.252557585878886, 0.0 ], [ 77.562051852737014, 23.259484861040271, 0.0 ], [ 77.565641555338289, 23.262154811148278, 0.0 ], [ 77.572447721944414, 23.264032975181014, 0.0 ], [ 77.573526144886671, 23.254638985162003, 0.0 ] ] ] } },
{ "type": "Feature", "properties": { "Vill_LGD": "482432", "Villl_name": "Adampur chhawani", "Sub_dist": "HUZUR", "District": "BHOPAL" }, "geometry": { "type": "Polygon", "coordinates": [ [ [ 77.556324974867067, 23.257898051948338, 0.0 ], [ 77.55405474116229, 23.25573522626803, 0.0 ], [ 77.546385764760402, 23.255302142575395, 0.0 ], [ 77.545551746259875, 23.252013086308445, 0.0 ], [ 77.540311632530205, 23.251093867604244, 0.0 ], [ 77.534910622228622, 23.25295974555706, 0.0 ], [ 77.536061490615552, 23.258550809304911, 0.0 ], [ 77.537951237023151, 23.25869525059132, 0.0 ], [ 77.538705382972537, 23.26657142166361, 0.0 ], [ 77.537457902961378, 23.267022950307844, 0.0 ], [ 77.540058980292741, 23.268736218140184, 0.0 ], [ 77.543959536138047, 23.275915533902491, 0.0 ], [ 77.555946193510948, 23.286201217517711, 0.0 ], [ 77.559805380722608, 23.278915021137685, 0.0 ], [ 77.556324974867067, 23.257898051948338, 0.0 ] ] ] } },
{ "type": "Feature", "properties": { "Vill_LGD": "937863", "Villl_name": "Chhawni Pathar", "Sub_dist": "HUZUR", "District": "BHOPAL" }, "geometry": { "type": "Polygon", "coordinates": [ [ [ 77.527877576441455, 23.273467258743491, 0.0 ], [ 77.532158988070407, 23.268463127923145, 0.0 ], [ 77.538705382972537, 23.26657142166361, 0.0 ], [ 77.537951237023151, 23.25869525059132, 0.0 ], [ 77.536061490615552, 23.258550809304911, 0.0 ], [ 77.534898261020444, 23.252916702428131, 0.0 ], [ 77.529396752881155, 23.249878763172422, 0.0 ], [ 77.524549621047299, 23.249347437309456, 0.0 ], [ 77.523499723440125, 23.251048522295335, 0.0 ], [ 77.51901780750093, 23.251080525835942, 0.0 ], [ 77.519545350789656, 23.25728473488261, 0.0 ], [ 77.517279353852459, 23.261040372913268, 0.0 ], [ 77.519728801591484, 23.265845152440722, 0.0 ], [ 77.527877576441455, 23.273467258743491, 0.0 ] ] ] } },
{ "type": "Feature", "properties": { "Vill_LGD": "482436", "Villl_name": "Dobra jagir", "Sub_dist": "HUZUR", "District": "BHOPAL" }, "geometry": { "type": "Polygon", "coordinates": [ [ [ 77.538132368959623, 23.242146835876532, 0.0 ], [ 77.537276743538527, 23.238364822166183, 0.0 ], [ 77.533848935719632, 23.237076097433729, 0.0 ], [ 77.521596193569835, 23.242083432059495, 0.0 ], [ 77.520203478733876, 23.245385245005391, 0.0 ], [ 77.526895783648897, 23.248843133422987, 0.0 ], [ 77.534033427529849, 23.243200614271988, 0.0 ], [ 77.538132368959623, 23.242146835876532, 0.0 ] ] ] } },
{ "type": "Feature", "properties": { "Vill_LGD": "482435", "Villl_name": "Sagoni kalan", "Sub_dist": "HUZUR", "District": "BHOPAL" }, "geometry": { "type": "Polygon", "coordinates": [ [ [ 77.539864914102736, 23.251146659691532, 0.0 ], [ 77.544847150612455, 23.251936854120032, 0.0 ], [ 77.54596578368276, 23.240245001878577, 0.0 ], [ 77.542357639755522, 23.242452415325815, 0.0 ], [ 77.53646198754339, 23.241889854053323, 0.0 ], [ 77.526977455951723, 23.248828361921856, 0.0 ], [ 77.520203478733876, 23.245385245005391, 0.0 ], [ 77.519001714671447, 23.249001151068097, 0.0 ], [ 77.518925810799175, 23.251398354109021, 0.0 ], [ 77.523499723440125, 23.251048522295335, 0.0 ], [ 77.524549621047299, 23.249347437309456, 0.0 ], [ 77.529396752881155, 23.249878763172422, 0.0 ], [ 77.534910622228622, 23.25295974555706, 0.0 ], [ 77.539864914102736, 23.251146659691532, 0.0 ] ] ] } },
{ "type": "Feature", "properties": { "Vill_LGD": "482434", "Villl_name": "Kolua khurd", "Sub_dist": "HUZUR", "District": "BHOPAL" }, "geometry": { "type": "Polygon", "coordinates": [ [ [ 77.560234385219445, 23.257654670367764, 0.0 ], [ 77.558109387182654, 23.251067714824337, 0.0 ], [ 77.566901491828432, 23.244927125647152, 0.0 ], [ 77.561918738831594, 23.245948942349454, 0.0 ], [ 77.555072317871847, 23.241731617252288, 0.0 ], [ 77.54596578368276, 23.240245001878577, 0.0 ], [ 77.544847150612455, 23.251936854120032, 0.0 ], [ 77.546385764760402, 23.255302142575395, 0.0 ], [ 77.55405474116229, 23.25573522626803, 0.0 ], [ 77.562051852737014, 23.259484861040271, 0.0 ], [ 77.560234385219445, 23.257654670367764, 0.0 ] ] ] } },
{ "type": "Feature", "properties": { "Vill_LGD": "482451", "Villl_name": "Chor sagoni", "Sub_dist": "HUZUR", "District": "BHOPAL" }, "geometry": { "type": "Polygon", "coordinates": [ [ [ 77.54596578368276, 23.240245001878577, 0.0 ], [ 77.556015841855228, 23.242110875716808, 0.0 ], [ 77.555555366099668, 23.239856922141652, 0.0 ], [ 77.535704991467313, 23.230303018960804, 0.0 ], [ 77.534731884127993, 23.237582201533545, 0.0 ], [ 77.537276743538527, 23.238364822166183, 0.0 ], [ 77.538132368959623, 23.242146835876532, 0.0 ], [ 77.542357639755522, 23.242452415325815, 0.0 ], [ 77.54596578368276, 23.240245001878577, 0.0 ] ] ] } },
{ "type": "Feature", "properties": { "Vill_LGD": "482437", "Villl_name": "Naronha sankal", "Sub_dist": "HUZUR", "District": "BHOPAL" }, "geometry": { "type": "Polygon", "coordinates": [ [ [ 77.573526144886671, 23.254638985162003, 0.0 ], [ 77.57564508871323, 23.248282724552748, 0.0 ], [ 77.586354471658424, 23.249773276722969, 0.0 ], [ 77.588325137405135, 23.24271180151413, 0.0 ], [ 77.591742111650476, 23.239528347666976, 0.0 ], [ 77.592320320703493, 23.226886270659609, 0.0 ], [ 77.576618810460644, 23.228401404124533, 0.0 ], [ 77.569418583886645, 23.227020601365105, 0.0 ], [ 77.570143844571135, 23.230110095044775, 0.0 ], [ 77.573432242007598, 23.231917637216938, 0.0 ], [ 77.573627375188465, 23.233688804319851, 0.0 ], [ 77.569438090843917, 23.239212272505583, 0.0 ], [ 77.567829216157477, 23.244418597578949, 0.0 ], [ 77.558109387182654, 23.251067714824337, 0.0 ], [ 77.561192708460638, 23.252824942208523, 0.0 ], [ 77.573526144886671, 23.254638985162003, 0.0 ] ] ] } },
{ "type": "Feature", "properties": { "Vill_LGD": "482443", "Villl_name": "Lalpura", "Sub_dist": "HUZUR", "District": "BHOPAL" }, "geometry": { "type": "Polygon", "coordinates": [ [ [ 77.566901491828432, 23.244927125647152, 0.0 ], [ 77.573741589220873, 23.232605672667685, 0.0 ], [ 77.569300563018288, 23.228120864710551, 0.0 ], [ 77.571460545413871, 23.224896680916199, 0.0 ], [ 77.56374309717674, 23.22291012112246, 0.0 ], [ 77.561963769549493, 23.231365472900777, 0.0 ], [ 77.555271881213358, 23.239725784798381, 0.0 ], [ 77.556015841855228, 23.242110875716808, 0.0 ], [ 77.561918738831594, 23.245948942349454, 0.0 ], [ 77.566901491828432, 23.244927125647152, 0.0 ] ] ] } },
{ "type": "Feature", "properties": { "Vill_LGD": "482440", "Villl_name": "Bansiya", "Sub_dist": "HUZUR", "District": "BHOPAL" }, "geometry": { "type": "Polygon", "coordinates": [ [ [ 77.555271881213358, 23.239725784798381, 0.0 ], [ 77.562200067619898, 23.230887837978376, 0.0 ], [ 77.564109332096876, 23.221424932919568, 0.0 ], [ 77.565517973005569, 23.220844343646711, 0.0 ], [ 77.564180715766426, 23.216147288563668, 0.0 ], [ 77.567482273184538, 23.216383970972675, 0.0 ], [ 77.566482351141133, 23.214115356246914, 0.0 ], [ 77.558075018323564, 23.208732887482491, 0.0 ], [ 77.554586728945665, 23.208585361358576, 0.0 ], [ 77.539439080032807, 23.215114602048978, 0.0 ], [ 77.534659940347098, 23.219609382272868, 0.0 ], [ 77.529307218153065, 23.222065001867524, 0.0 ], [ 77.533815645107978, 23.229259602095528, 0.0 ], [ 77.555271881213358, 23.239725784798381, 0.0 ] ] ] } },
{ "type": "Feature", "properties": { "Vill_LGD": "482442", "Villl_name": "Amjhira", "Sub_dist": "HUZUR", "District": "BHOPAL" }, "geometry": { "type": "Polygon", "coordinates": [ [ [ 77.558006846998026, 23.208713003535376, 0.0 ], [ 77.561646427262644, 23.200741189526489, 0.0 ], [ 77.556934272951594, 23.192606677583637, 0.0 ], [ 77.552701044077537, 23.192527346596709, 0.0 ], [ 77.547863768501912, 23.196508994088767, 0.0 ], [ 77.538659538398321, 23.194068336236263, 0.0 ], [ 77.534062894474829, 23.196623208319519, 0.0 ], [ 77.526678149815666, 23.196976995155993, 0.0 ], [ 77.52211614695797, 23.201196138836643, 0.0 ], [ 77.51066932080586, 23.199259780181265, 0.0 ], [ 77.503629201376711, 23.200156808464762, 0.0 ], [ 77.509644247238597, 23.212857813513402, 0.0 ], [ 77.529307218153065, 23.222065001867524, 0.0 ], [ 77.548024903792353, 23.210757360812355, 0.0 ], [ 77.558006846998026, 23.208713003535376, 0.0 ] ] ] } },
{ "type": "Feature", "properties": { "Vill_LGD": "482444", "Villl_name": "Jamoniya kalan", "Sub_dist": "HUZUR", "District": "BHOPAL" }, "geometry": { "type": "Polygon", "coordinates": [ [ [ 77.571460545413871, 23.224896680916199, 0.0 ], [ 77.572820607428071, 23.222525778533299, 0.0 ], [ 77.572215469656584, 23.215751297545754, 0.0 ], [ 77.577232298372593, 23.217359820726976, 0.0 ], [ 77.579153978576102, 23.214885173933617, 0.0 ], [ 77.57828087755577, 23.212031867831886, 0.0 ], [ 77.580443798565398, 23.211649205007987, 0.0 ], [ 77.582894489686282, 23.214409282264629, 0.0 ], [ 77.584580810552097, 23.210492755013441, 0.0 ], [ 77.582804665857239, 23.201602548139824, 0.0 ], [ 77.580142235748525, 23.195689245392742, 0.0 ], [ 77.578230010540551, 23.195043513738323, 0.0 ], [ 77.562071512319093, 23.200447174117006, 0.0 ], [ 77.558088778140487, 23.208252517390591, 0.0 ], [ 77.567216907815393, 23.215352548729154, 0.0 ], [ 77.567482273184538, 23.216383970972675, 0.0 ], [ 77.564180715766426, 23.216147288563668, 0.0 ], [ 77.565517973005569, 23.220844343646711, 0.0 ], [ 77.56374309717674, 23.22291012112246, 0.0 ], [ 77.571460545413871, 23.224896680916199, 0.0 ] ] ] } },
{ "type": "Feature", "properties": { "Vill_LGD": "482438", "Villl_name": "Bankhedi", "Sub_dist": "HUZUR", "District": "BHOPAL" }, "geometry": { "type": "Polygon", "coordinates": [ [ [ 77.577869627862015, 23.228057236870836, 0.0 ], [ 77.579654210496699, 23.223520291516643, 0.0 ], [ 77.577940452659206, 23.219755931640506, 0.0 ], [ 77.579984410822604, 23.217412162151991, 0.0 ], [ 77.579391607650365, 23.21511689058508, 0.0 ], [ 77.577100983099442, 23.217415420027823, 0.0 ], [ 77.57267232551898, 23.215541905572046, 0.0 ], [ 77.571702818890344, 23.220020868731918, 0.0 ], [ 77.572800644276867, 23.222654874508137, 0.0 ], [ 77.570202261874712, 23.227053336120662, 0.0 ], [ 77.571839924539049, 23.228410207847791, 0.0 ], [ 77.577869627862015, 23.228057236870836, 0.0 ] ] ] } },
{ "type": "Feature", "properties": { "Vill_LGD": "482439", "Villl_name": "Dangroli", "Sub_dist": "HUZUR", "District": "BHOPAL" }, "geometry": { "type": "Polygon", "coordinates": [ [ [ 77.592310907778781, 23.226884119873201, 0.0 ], [ 77.595297109335746, 23.225409694682771, 0.0 ], [ 77.594712233794212, 23.222347706424792, 0.0 ], [ 77.592240507123279, 23.222156170120687, 0.0 ], [ 77.592355623428332, 23.220307173562027, 0.0 ], [ 77.590056846638376, 23.219790599557847, 0.0 ], [ 77.58833909414254, 23.21710917705229, 0.0 ], [ 77.589674992998226, 23.215736602747608, 0.0 ], [ 77.586521185584573, 23.212531093608447, 0.0 ], [ 77.586878418595219, 23.210366726605805, 0.0 ], [ 77.584394000241033, 23.209603632948831, 0.0 ], [ 77.582894489686282, 23.214409282264629, 0.0 ], [ 77.580443798565398, 23.211649205007987, 0.0 ], [ 77.57828087755577, 23.212031867831886, 0.0 ], [ 77.579984410822604, 23.217412162151991, 0.0 ], [ 77.577940452659206, 23.219755931640506, 0.0 ], [ 77.579666106531704, 23.222845014577587, 0.0 ], [ 77.577869627862015, 23.228057236870836, 0.0 ], [ 77.592310907778781, 23.226884119873201, 0.0 ] ] ] } },
{ "type": "Feature", "properties": { "Vill_LGD": "482445", "Villl_name": "Pipaliya hatila", "Sub_dist": "HUZUR", "District": "BHOPAL" }, "geometry": { "type": "Polygon", "coordinates": [ [ [ 77.573696508415111, 23.196745688194415, 0.0 ], [ 77.572845823812202, 23.186512556385953, 0.0 ], [ 77.564310106378244, 23.187537533077368, 0.0 ], [ 77.565526553442382, 23.198434253814689, 0.0 ], [ 77.573696508415111, 23.196745688194415, 0.0 ] ] ] } },
{ "type": "Feature", "properties": { "Vill_LGD": "482446", "Villl_name": "Narela bazyafth", "Sub_dist": "HUZUR", "District": "BHOPAL" }, "geometry": { "type": "Polygon", "coordinates": [ [ [ 77.573359087358824, 23.187508017543799, 0.0 ], [ 77.575719460566376, 23.18535231961631, 0.0 ], [ 77.582182155267049, 23.186088965111558, 0.0 ], [ 77.579812193414909, 23.18293622600957, 0.0 ], [ 77.580254696686637, 23.179344335252317, 0.0 ], [ 77.566016002046183, 23.176622232262247, 0.0 ], [ 77.566312353608524, 23.187438172459181, 0.0 ], [ 77.572778097776009, 23.186488157805712, 0.0 ], [ 77.573359087358824, 23.187508017543799, 0.0 ] ] ] } },
{ "type": "Feature", "properties": { "Vill_LGD": "482448", "Villl_name": "Padariya jat", "Sub_dist": "HUZUR", "District": "BHOPAL" }, "geometry": { "type": "Polygon", "coordinates": [ [ [ 77.565526553442382, 23.198434253814689, 0.0 ], [ 77.56396343281834, 23.188315378835156, 0.0 ], [ 77.566377680799278, 23.186354227498249, 0.0 ], [ 77.565765950319843, 23.175946495150374, 0.0 ], [ 77.5630276953964, 23.177019661104339, 0.0 ], [ 77.551688347138978, 23.173425531913615, 0.0 ], [ 77.542649707702012, 23.179602616701668, 0.0 ], [ 77.545894942747651, 23.189804347011961, 0.0 ], [ 77.549407237673222, 23.193919017113981, 0.0 ], [ 77.556934272951594, 23.192606677583637, 0.0 ], [ 77.561643535379559, 23.200751812311854, 0.0 ], [ 77.565526553442382, 23.198434253814689, 0.0 ] ] ] } },
{ "type": "Feature", "properties": { "Vill_LGD": "482447", "Villl_name": "Babadiya khurd", "Sub_dist": "HUZUR", "District": "BHOPAL" }, "geometry": { "type": "Polygon", "coordinates": [ [ [ 77.551313272865485, 23.194302269990416, 0.0 ], [ 77.545894942747651, 23.189804347011961, 0.0 ], [ 77.542649707702012, 23.179602616701668, 0.0 ], [ 77.540429202408163, 23.181067085385685, 0.0 ], [ 77.525200495537959, 23.181682458092389, 0.0 ], [ 77.529134756562698, 23.191773673206526, 0.0 ], [ 77.529114386955555, 23.197297805656827, 0.0 ], [ 77.538398975346695, 23.194094489298564, 0.0 ], [ 77.546969091354796, 23.196575617655945, 0.0 ], [ 77.551313272865485, 23.194302269990416, 0.0 ] ] ] } },
{ "type": "Feature", "properties": { "Vill_LGD": "482441", "Villl_name": "Jhagariya khurd", "Sub_dist": "HUZUR", "District": "BHOPAL" }, "geometry": { "type": "Polygon", "coordinates": [ [ [ 77.529114386955555, 23.197297805656827, 0.0 ], [ 77.529134756562698, 23.191773673206526, 0.0 ], [ 77.525200495537959, 23.181682458092389, 0.0 ], [ 77.519517605752881, 23.182816880428291, 0.0 ], [ 77.516053745637137, 23.181717336961505, 0.0 ], [ 77.514614556164943, 23.182120393190413, 0.0 ], [ 77.512099245732514, 23.188040336114227, 0.0 ], [ 77.506017248655638, 23.190651498777815, 0.0 ], [ 77.505567023227044, 23.19669192393259, 0.0 ], [ 77.503609719930026, 23.200123747987487, 0.0 ], [ 77.51066932080586, 23.199259780181265, 0.0 ], [ 77.52211614695797, 23.201196138836643, 0.0 ], [ 77.526678149815666, 23.196976995155993, 0.0 ], [ 77.529114386955555, 23.197297805656827, 0.0 ] ] ] } },
{ "type": "Feature", "properties": { "Vill_LGD": "482449", "Villl_name": "Semari khurd", "Sub_dist": "HUZUR", "District": "BHOPAL" }, "geometry": { "type": "Polygon", "coordinates": [ [ [ 77.558550806058349, 23.175644035937729, 0.0 ], [ 77.558635611278007, 23.165549969897157, 0.0 ], [ 77.562145444495371, 23.163515762912894, 0.0 ], [ 77.561323121716853, 23.155921997360544, 0.0 ], [ 77.553374542523713, 23.15716151459689, 0.0 ], [ 77.552451889355467, 23.160007400245391, 0.0 ], [ 77.550376836682702, 23.160288441462349, 0.0 ], [ 77.549092525639551, 23.162739184234663, 0.0 ], [ 77.551426654467306, 23.17351021190273, 0.0 ], [ 77.558550806058349, 23.175644035937729, 0.0 ] ] ] } },
{ "type": "Feature", "properties": { "Vill_LGD": "482450", "Villl_name": "Bagarauda", "Sub_dist": "HUZUR", "District": "BHOPAL" }, "geometry": { "type": "Polygon", "coordinates": [ [ [ 77.519101200400925, 23.182721702661066, 0.0 ], [ 77.540429202408163, 23.181067085385685, 0.0 ], [ 77.550725248494572, 23.174831588545445, 0.0 ], [ 77.549092525639551, 23.162739184234663, 0.0 ], [ 77.550376836682702, 23.160288441462349, 0.0 ], [ 77.552451889355467, 23.160007400245391, 0.0 ], [ 77.553374542523713, 23.15716151459689, 0.0 ], [ 77.562888375126875, 23.155021561400506, 0.0 ], [ 77.56460158742577, 23.15733261257752, 0.0 ], [ 77.567698131389761, 23.157652863444159, 0.0 ], [ 77.566300828878667, 23.156706576817253, 0.0 ], [ 77.56621203570117, 23.150717147045416, 0.0 ], [ 77.561440196307444, 23.137325061957906, 0.0 ], [ 77.546777442406096, 23.138222398073999, 0.0 ], [ 77.54063148453298, 23.142787629384216, 0.0 ], [ 77.540760291308658, 23.150325129396411, 0.0 ], [ 77.536212701671971, 23.150510759840358, 0.0 ], [ 77.53079891751625, 23.146843798603463, 0.0 ], [ 77.525377691046998, 23.150363446780638, 0.0 ], [ 77.525078426497657, 23.152690476053625, 0.0 ], [ 77.521433567673782, 23.153304378222597, 0.0 ], [ 77.520690500405806, 23.161586245062903, 0.0 ], [ 77.515586029167068, 23.171937837642833, 0.0 ], [ 77.515659078069447, 23.178733816131167, 0.0 ], [ 77.516301004573293, 23.181708154449804, 0.0 ], [ 77.519101200400925, 23.182721702661066, 0.0 ] ] ] } },
{ "type": "Feature", "properties": { "Vill_LGD": "482496", "Villl_name": "Teela khedi", "Sub_dist": "HUZUR", "District": "BHOPAL" }, "geometry": { "type": "Polygon", "coordinates": [ [ [ 77.230974448324901, 23.18842032163646, 0.0 ], [ 77.232232637944776, 23.185792091050217, 0.0 ], [ 77.233270360319182, 23.186460046802758, 0.0 ], [ 77.235132043173209, 23.184491298366474, 0.0 ], [ 77.235686550885802, 23.185849250432845, 0.0 ], [ 77.239137674482834, 23.183756404492712, 0.0 ], [ 77.251969287250262, 23.188381593264346, 0.0 ], [ 77.255518089432385, 23.182487694023173, 0.0 ], [ 77.255718513064465, 23.18052166888819, 0.0 ], [ 77.247086934842486, 23.180276604951271, 0.0 ], [ 77.241834274038283, 23.178469823651739, 0.0 ], [ 77.238899710166706, 23.170572314357795, 0.0 ], [ 77.24051017764279, 23.163936826025342, 0.0 ], [ 77.238975275685533, 23.159225053457607, 0.0 ], [ 77.234262659391632, 23.160773923201702, 0.0 ], [ 77.231324026076692, 23.164027835881047, 0.0 ], [ 77.231561971985798, 23.171847339794912, 0.0 ], [ 77.222139307742694, 23.174607514285224, 0.0 ], [ 77.225917628661733, 23.17860396125392, 0.0 ], [ 77.226079432848934, 23.182116045923355, 0.0 ], [ 77.227726018867898, 23.182544349277247, 0.0 ], [ 77.228725392763195, 23.18569475673949, 0.0 ], [ 77.22767611248463, 23.188471054190096, 0.0 ], [ 77.230974448324901, 23.18842032163646, 0.0 ] ] ] } },
{ "type": "Feature", "properties": { "Vill_LGD": "482489", "Villl_name": "Kodiya", "Sub_dist": "HUZUR", "District": "BHOPAL" }, "geometry": { "type": "Polygon", "coordinates": [ [ [ 77.279628205183528, 23.206940187057185, 0.0 ], [ 77.282822869171298, 23.202450962128122, 0.0 ], [ 77.283654645794968, 23.195961336655419, 0.0 ], [ 77.282008782676414, 23.189974007303601, 0.0 ], [ 77.274285008920444, 23.193887974061539, 0.0 ], [ 77.266591534932559, 23.195188886263463, 0.0 ], [ 77.252046368048696, 23.19277932021042, 0.0 ], [ 77.250498779469638, 23.196039491098858, 0.0 ], [ 77.251173193787665, 23.21164158134663, 0.0 ], [ 77.252592115050547, 23.212299606759448, 0.0 ], [ 77.263600761218754, 23.212392935571827, 0.0 ], [ 77.271206974634552, 23.21016349747201, 0.0 ], [ 77.27633456838231, 23.206224338201825, 0.0 ], [ 77.279628205183528, 23.206940187057185, 0.0 ] ] ] } },
{ "type": "Feature", "properties": { "Vill_LGD": "482466", "Villl_name": "Lakhapur", "Sub_dist": "HUZUR", "District": "BHOPAL" }, "geometry": { "type": "Polygon", "coordinates": [ [ [ 77.285018242412249, 23.24517812647975, 0.0 ], [ 77.285619809619334, 23.235646563150087, 0.0 ], [ 77.287839336689856, 23.232361535946641, 0.0 ], [ 77.287221055431544, 23.225666280191554, 0.0 ], [ 77.284908243970236, 23.223617092262931, 0.0 ], [ 77.283646524666423, 23.224857374216842, 0.0 ], [ 77.282674764356713, 23.223969000374016, 0.0 ], [ 77.281208289343837, 23.217948131729315, 0.0 ], [ 77.278829439183014, 23.216946457715739, 0.0 ], [ 77.278508307951071, 23.226112101354961, 0.0 ], [ 77.275241308024505, 23.23273176185862, 0.0 ], [ 77.273168797476174, 23.23330045323678, 0.0 ], [ 77.272811401842645, 23.238530745750577, 0.0 ], [ 77.27398923529762, 23.239149405741017, 0.0 ], [ 77.27239616218904, 23.243075648203735, 0.0 ], [ 77.285018242412249, 23.24517812647975, 0.0 ] ] ] } },
{ "type": "Feature", "properties": { "Vill_LGD": "482493", "Villl_name": "Nandni", "Sub_dist": "HUZUR", "District": "BHOPAL" }, "geometry": { "type": "Polygon", "coordinates": [ [ [ 77.282009099610477, 23.189975480980941, 0.0 ], [ 77.281731626623085, 23.186571614148654, 0.0 ], [ 77.27013907662608, 23.185284704904099, 0.0 ], [ 77.2648560254882, 23.182640794085344, 0.0 ], [ 77.262436729058635, 23.175884770724458, 0.0 ], [ 77.255718513064465, 23.18052166888819, 0.0 ], [ 77.251551119536586, 23.189009032258774, 0.0 ], [ 77.252046368048696, 23.19277932021042, 0.0 ], [ 77.263988587484647, 23.193857544405596, 0.0 ], [ 77.265403515997463, 23.195238618019978, 0.0 ], [ 77.274285008920444, 23.193887974061539, 0.0 ], [ 77.282009099610477, 23.189975480980941, 0.0 ] ] ] } },
{ "type": "Feature", "properties": { "Vill_LGD": "482495", "Villl_name": "Narela", "Sub_dist": "HUZUR", "District": "BHOPAL" }, "geometry": { "type": "Polygon", "coordinates": [ [ [ 77.255718513064465, 23.18052166888819, 0.0 ], [ 77.262543252268983, 23.175745010737767, 0.0 ], [ 77.265069449669255, 23.171910958203881, 0.0 ], [ 77.26385666795727, 23.169482973278672, 0.0 ], [ 77.256127280192004, 23.165728362820303, 0.0 ], [ 77.254999962531414, 23.163477545966149, 0.0 ], [ 77.252396707422861, 23.165276212231632, 0.0 ], [ 77.25274166225158, 23.166934446609627, 0.0 ], [ 77.248752668154808, 23.166434564766067, 0.0 ], [ 77.246041871433874, 23.168386394218629, 0.0 ], [ 77.24051017764279, 23.163936826025342, 0.0 ], [ 77.238899710166706, 23.170572314357795, 0.0 ], [ 77.241834274038283, 23.178469823651739, 0.0 ], [ 77.247086934842486, 23.180276604951271, 0.0 ], [ 77.255718513064465, 23.18052166888819, 0.0 ] ] ] } },
{ "type": "Feature", "properties": { "Vill_LGD": "482494", "Villl_name": "Kharpi", "Sub_dist": "HUZUR", "District": "BHOPAL" }, "geometry": { "type": "Polygon", "coordinates": [ [ [ 77.281731626623085, 23.186571614148654, 0.0 ], [ 77.284190219208128, 23.184307888550119, 0.0 ], [ 77.277172653677567, 23.179588268341899, 0.0 ], [ 77.272489452225429, 23.166750200074425, 0.0 ], [ 77.265043469494302, 23.17138024018363, 0.0 ], [ 77.262436729058635, 23.175884770724458, 0.0 ], [ 77.26455670243277, 23.182404537608942, 0.0 ], [ 77.27013907662608, 23.185284704904099, 0.0 ], [ 77.281731626623085, 23.186571614148654, 0.0 ] ] ] } },
{ "type": "Feature", "properties": { "Vill_LGD": "482497", "Villl_name": "Kalyanpur", "Sub_dist": "HUZUR", "District": "BHOPAL" }, "geometry": { "type": "Polygon", "coordinates": [ [ [ 77.248485674039571, 23.166519212963593, 0.0 ], [ 77.249024943697037, 23.161820429574661, 0.0 ], [ 77.245141520914601, 23.156222558359271, 0.0 ], [ 77.245936824038523, 23.15114459236619, 0.0 ], [ 77.237778313548247, 23.15013773213272, 0.0 ], [ 77.237587956687662, 23.15845989723617, 0.0 ], [ 77.239820134673238, 23.163622737165017, 0.0 ], [ 77.245294542903281, 23.168260664422188, 0.0 ], [ 77.248485674039571, 23.166519212963593, 0.0 ] ] ] } },
{ "type": "Feature", "properties": { "Vill_LGD": "482499", "Villl_name": "Dehriya kalan", "Sub_dist": "HUZUR", "District": "BHOPAL" }, "geometry": { "type": "Polygon", "coordinates": [ [ [ 77.254999962531414, 23.163477545966149, 0.0 ], [ 77.2569511816192, 23.158833342265751, 0.0 ], [ 77.247243298501346, 23.14817730278385, 0.0 ], [ 77.245141520914601, 23.156222558359271, 0.0 ], [ 77.249024943697037, 23.161820429574661, 0.0 ], [ 77.248485674039571, 23.166519212963593, 0.0 ], [ 77.25274166225158, 23.166934446609627, 0.0 ], [ 77.252396707422861, 23.165276212231632, 0.0 ], [ 77.254999962531414, 23.163477545966149, 0.0 ] ] ] } },
{ "type": "Feature", "properties": { "Vill_LGD": "482498", "Villl_name": "Moondla", "Sub_dist": "HUZUR", "District": "BHOPAL" }, "geometry": { "type": "Polygon", "coordinates": [ [ [ 77.272428465057189, 23.166750331368618, 0.0 ], [ 77.271480593922675, 23.162330883664417, 0.0 ], [ 77.276917498024048, 23.160911758994153, 0.0 ], [ 77.270126584048839, 23.148959459585214, 0.0 ], [ 77.263943502903217, 23.14930848099662, 0.0 ], [ 77.260756454717168, 23.152425444164773, 0.0 ], [ 77.254374625899061, 23.151690412135306, 0.0 ], [ 77.249486618136288, 23.14922302382978, 0.0 ], [ 77.2569511816192, 23.158833342265751, 0.0 ], [ 77.256498048697551, 23.161574485672901, 0.0 ], [ 77.254175584994528, 23.162928366044493, 0.0 ], [ 77.256127280192004, 23.165728362820303, 0.0 ], [ 77.265043469494302, 23.17138024018363, 0.0 ], [ 77.272428465057189, 23.166750331368618, 0.0 ] ] ] } },
{ "type": "Feature", "properties": { "Vill_LGD": "482505", "Villl_name": "Mugaliyachhap", "Sub_dist": "HUZUR", "District": "BHOPAL" }, "geometry": { "type": "Polygon", "coordinates": [ [ [ 77.301855998223431, 23.252936367136577, 0.0 ], [ 77.306859537217903, 23.25048030011488, 0.0 ], [ 77.308382291717678, 23.252729530833143, 0.0 ], [ 77.314585139680162, 23.25170226648742, 0.0 ], [ 77.313378883747745, 23.238208065095357, 0.0 ], [ 77.310709884459484, 23.231066545635031, 0.0 ], [ 77.31099647595984, 23.228701118934474, 0.0 ], [ 77.315824099699654, 23.226585970171737, 0.0 ], [ 77.314802575731505, 23.221727709754951, 0.0 ], [ 77.306927466118353, 23.217364831368833, 0.0 ], [ 77.304115356466966, 23.211979902725499, 0.0 ], [ 77.302701827356628, 23.21192495742676, 0.0 ], [ 77.302951669880869, 23.208349818036744, 0.0 ], [ 77.297546906616986, 23.205118949992567, 0.0 ], [ 77.297285678550296, 23.199423269869172, 0.0 ], [ 77.293701615709736, 23.198819482267858, 0.0 ], [ 77.293740281279071, 23.196987297130281, 0.0 ], [ 77.291580419548126, 23.196509935393614, 0.0 ], [ 77.283543928356252, 23.19689377060994, 0.0 ], [ 77.282351571934754, 23.20384221101218, 0.0 ], [ 77.278139343973962, 23.208851451684165, 0.0 ], [ 77.277818355510703, 23.21201728035253, 0.0 ], [ 77.282488004056844, 23.2237481842457, 0.0 ], [ 77.283646524666423, 23.224857374216842, 0.0 ], [ 77.284908243970236, 23.223617092262931, 0.0 ], [ 77.287221055431544, 23.225666280191554, 0.0 ], [ 77.287839336689856, 23.232361535946641, 0.0 ], [ 77.285619809619334, 23.235646563150087, 0.0 ], [ 77.285018242412249, 23.24517812647975, 0.0 ], [ 77.290192842175131, 23.243853272716631, 0.0 ], [ 77.289371808517174, 23.245949220581135, 0.0 ], [ 77.291612292723187, 23.247976405928036, 0.0 ], [ 77.294800310941227, 23.247268869693674, 0.0 ], [ 77.292763016319896, 23.249194805580434, 0.0 ], [ 77.295007324358821, 23.25136106727853, 0.0 ], [ 77.301855998223431, 23.252936367136577, 0.0 ] ] ] } },
{ "type": "Feature", "properties": { "Vill_LGD": "482508", "Villl_name": "Kharpa", "Sub_dist": "HUZUR", "District": "BHOPAL" }, "geometry": { "type": "Polygon", "coordinates": [ [ [ 77.291606186783312, 23.178625370476666, 0.0 ], [ 77.292165594893788, 23.174234849748739, 0.0 ], [ 77.289848204406226, 23.167377069673218, 0.0 ], [ 77.289411419319052, 23.158916356666641, 0.0 ], [ 77.271480593922675, 23.162330883664417, 0.0 ], [ 77.27374516923993, 23.172412549108842, 0.0 ], [ 77.275960078610481, 23.174701925203937, 0.0 ], [ 77.277172653677567, 23.179588268341899, 0.0 ], [ 77.284190219208128, 23.184307888550119, 0.0 ], [ 77.291606186783312, 23.178625370476666, 0.0 ] ] ] } },
{ "type": "Feature", "properties": { "Vill_LGD": "482509", "Villl_name": "Barkheda nathu", "Sub_dist": "HUZUR", "District": "BHOPAL" }, "geometry": { "type": "Polygon", "coordinates": [ [ [ 77.330740937779893, 23.231321651567583, 0.0 ], [ 77.333283346649452, 23.218031300227459, 0.0 ], [ 77.33561581388021, 23.215333875955736, 0.0 ], [ 77.338869163075046, 23.205364338703372, 0.0 ], [ 77.336317318485996, 23.202672073589707, 0.0 ], [ 77.334024700166765, 23.192796422766872, 0.0 ], [ 77.332080067108151, 23.195967852948495, 0.0 ], [ 77.328853755380464, 23.197499260150188, 0.0 ], [ 77.31967827644462, 23.197285812633449, 0.0 ], [ 77.320924442154464, 23.203683422302888, 0.0 ], [ 77.319194854637814, 23.21059051687293, 0.0 ], [ 77.310138351371663, 23.216729368158809, 0.0 ], [ 77.311113954774925, 23.219598838132587, 0.0 ], [ 77.314751169657612, 23.221601233846371, 0.0 ], [ 77.31530994732816, 23.227815786234814, 0.0 ], [ 77.330740937779893, 23.231321651567583, 0.0 ] ] ] } },
{ "type": "Feature", "properties": { "Vill_LGD": "482511", "Villl_name": "Rolu khedi", "Sub_dist": "HUZUR", "District": "BHOPAL" }, "geometry": { "type": "Polygon", "coordinates": [ [ [ 77.311113954774925, 23.219598838132587, 0.0 ], [ 77.310214033113908, 23.216630651567069, 0.0 ], [ 77.319194854637814, 23.21059051687293, 0.0 ], [ 77.319871463882293, 23.204445117290867, 0.0 ], [ 77.309177407533937, 23.205845917464586, 0.0 ], [ 77.310441052360673, 23.207325884656182, 0.0 ], [ 77.308091992003057, 23.208569461971678, 0.0 ], [ 77.305492408767236, 23.21413799983625, 0.0 ], [ 77.306927466118353, 23.217364831368833, 0.0 ], [ 77.311113954774925, 23.219598838132587, 0.0 ] ] ] } },
{ "type": "Feature", "properties": { "Vill_LGD": "482545", "Villl_name": "Mendori", "Sub_dist": "HUZUR", "District": "BHOPAL" }, "geometry": { "type": "Polygon", "coordinates": [ [ [ 77.365207538047954, 23.195081815253165, 0.0 ], [ 77.37750194392062, 23.191338279198558, 0.0 ], [ 77.372512265713951, 23.188906260414349, 0.0 ], [ 77.369171399965992, 23.18132403082673, 0.0 ], [ 77.361050587279749, 23.185540485620173, 0.0 ], [ 77.355674194820068, 23.175250505401014, 0.0 ], [ 77.351520773988469, 23.174803719075591, 0.0 ], [ 77.353737182678458, 23.179862117950254, 0.0 ], [ 77.347581172321938, 23.182576312513781, 0.0 ], [ 77.346473360749314, 23.184817884002047, 0.0 ], [ 77.349511975180405, 23.185245087655574, 0.0 ], [ 77.353740142468837, 23.194091757164244, 0.0 ], [ 77.365207538047954, 23.195081815253165, 0.0 ] ] ] } },
{ "type": "Feature", "properties": { "Vill_LGD": "482544", "Villl_name": "Mendora", "Sub_dist": "HUZUR", "District": "BHOPAL" }, "geometry": { "type": "Polygon", "coordinates": [ [ [ 77.369171399965992, 23.18132403082673, 0.0 ], [ 77.370641627609601, 23.175347842366197, 0.0 ], [ 77.380387275630682, 23.168700098495936, 0.0 ], [ 77.378661886048263, 23.164975228362469, 0.0 ], [ 77.375692001786632, 23.16553299917754, 0.0 ], [ 77.372906339075698, 23.163543151286447, 0.0 ], [ 77.370698815934077, 23.16451055841592, 0.0 ], [ 77.370356396016447, 23.168170450606056, 0.0 ], [ 77.363712557148546, 23.167423084262779, 0.0 ], [ 77.364605867492159, 23.170151317358147, 0.0 ], [ 77.355674194820068, 23.175250505401014, 0.0 ], [ 77.361050587279749, 23.185540485620173, 0.0 ], [ 77.369171399965992, 23.18132403082673, 0.0 ] ] ] } },
{ "type": "Feature", "properties": { "Vill_LGD": "482523", "Villl_name": "Bhanpur kekadiya", "Sub_dist": "HUZUR", "District": "BHOPAL" }, "geometry": { "type": "Polygon", "coordinates": [ [ [ 77.358386509334181, 23.153014493975039, 0.0 ], [ 77.366353081605183, 23.147356905522855, 0.0 ], [ 77.365764407318935, 23.134827599005536, 0.0 ], [ 77.357366483824563, 23.116858331257337, 0.0 ], [ 77.344916691670363, 23.116995849797714, 0.0 ], [ 77.344217129771792, 23.120293782926058, 0.0 ], [ 77.341636902453374, 23.121189054724752, 0.0 ], [ 77.342532174600706, 23.122099198698617, 0.0 ], [ 77.33935856753665, 23.125332291370363, 0.0 ], [ 77.340331172628098, 23.126349511116974, 0.0 ], [ 77.337651304488716, 23.132714568859587, 0.0 ], [ 77.333222533331423, 23.137833384579167, 0.0 ], [ 77.331634243516561, 23.142619074671099, 0.0 ], [ 77.335447167282595, 23.145626127552475, 0.0 ], [ 77.340271649951475, 23.147488441895575, 0.0 ], [ 77.344487234216501, 23.146898606125127, 0.0 ], [ 77.352861435667478, 23.152177271686728, 0.0 ], [ 77.358386509334181, 23.153014493975039, 0.0 ] ] ] } },
{ "type": "Feature", "properties": { "Vill_LGD": "482520", "Villl_name": "Mahua kheda", "Sub_dist": "HUZUR", "District": "BHOPAL" }, "geometry": { "type": "Polygon", "coordinates": [ [ [ 77.370479893475817, 23.167274226554827, 0.0 ], [ 77.370698815934077, 23.16451055841592, 0.0 ], [ 77.372906339075698, 23.163543151286447, 0.0 ], [ 77.371212000073783, 23.162105000848474, 0.0 ], [ 77.366353081605183, 23.147356905522855, 0.0 ], [ 77.35834547528664, 23.153175575928518, 0.0 ], [ 77.353001768917295, 23.152236425202052, 0.0 ], [ 77.349574396947915, 23.14985761760888, 0.0 ], [ 77.348268714741266, 23.151511495917521, 0.0 ], [ 77.350078634932345, 23.168068006128234, 0.0 ], [ 77.353610174837428, 23.165401074150545, 0.0 ], [ 77.36068880233212, 23.164340277386955, 0.0 ], [ 77.363712557148546, 23.167423084262779, 0.0 ], [ 77.370479893475817, 23.167274226554827, 0.0 ] ] ] } },
{ "type": "Feature", "properties": { "Vill_LGD": "482515", "Villl_name": "Kushalpura", "Sub_dist": "HUZUR", "District": "BHOPAL" }, "geometry": { "type": "Polygon", "coordinates": [ [ [ 77.364605867492159, 23.170151317358147, 0.0 ], [ 77.360857233042807, 23.164374969761703, 0.0 ], [ 77.354512996571458, 23.165133067128014, 0.0 ], [ 77.351277883895847, 23.166647467906959, 0.0 ], [ 77.349739800526976, 23.169881154738874, 0.0 ], [ 77.346346688674188, 23.170528368109043, 0.0 ], [ 77.351520018899237, 23.174803769497352, 0.0 ], [ 77.355674194820068, 23.175250505401014, 0.0 ], [ 77.364605867492159, 23.170151317358147, 0.0 ] ] ] } },
{ "type": "Feature", "properties": { "Vill_LGD": "482512", "Villl_name": "Mali khedi", "Sub_dist": "HUZUR", "District": "BHOPAL" }, "geometry": { "type": "Polygon", "coordinates": [ [ [ 77.319980077372549, 23.204796530076564, 0.0 ], [ 77.320925912649457, 23.203345057760501, 0.0 ], [ 77.31967827644462, 23.197285812633449, 0.0 ], [ 77.316582446123277, 23.196696621397546, 0.0 ], [ 77.317449738749531, 23.194722952259028, 0.0 ], [ 77.312293832897765, 23.188238698520728, 0.0 ], [ 77.305636666621822, 23.190905707516436, 0.0 ], [ 77.300919916388423, 23.197866875192663, 0.0 ], [ 77.297320137112578, 23.199517459602731, 0.0 ], [ 77.297546906616986, 23.205118949992567, 0.0 ], [ 77.302951669880869, 23.208349818036744, 0.0 ], [ 77.302701827356628, 23.21192495742676, 0.0 ], [ 77.305492408767236, 23.21413799983625, 0.0 ], [ 77.308091992003057, 23.208569461971678, 0.0 ], [ 77.310441052360673, 23.207325884656182, 0.0 ], [ 77.309984590857198, 23.204926260364939, 0.0 ], [ 77.319980077372549, 23.204796530076564, 0.0 ] ] ] } },
{ "type": "Feature", "properties": { "Vill_LGD": "482513", "Villl_name": "Kal kheda", "Sub_dist": "HUZUR", "District": "BHOPAL" }, "geometry": { "type": "Polygon", "coordinates": [ [ [ 77.334024700166765, 23.192796422766872, 0.0 ], [ 77.328509333253166, 23.178591294998469, 0.0 ], [ 77.315300867420248, 23.174025594046473, 0.0 ], [ 77.31208201008495, 23.188007031895818, 0.0 ], [ 77.317449738749531, 23.194722952259028, 0.0 ], [ 77.316582446123277, 23.196696621397546, 0.0 ], [ 77.31791498151199, 23.196042418384195, 0.0 ], [ 77.321725228283142, 23.198322211137604, 0.0 ], [ 77.328853755380464, 23.197499260150188, 0.0 ], [ 77.332080067108151, 23.195967852948495, 0.0 ], [ 77.334024700166765, 23.192796422766872, 0.0 ] ] ] } },
{ "type": "Feature", "properties": { "Vill_LGD": "482516", "Villl_name": "Berkhedi bazyaft", "Sub_dist": "HUZUR", "District": "BHOPAL" }, "geometry": { "type": "Polygon", "coordinates": [ [ [ 77.346473360749314, 23.184817884002047, 0.0 ], [ 77.347581172321938, 23.182576312513781, 0.0 ], [ 77.353737182678458, 23.179862117950254, 0.0 ], [ 77.352737939964129, 23.176173737453379, 0.0 ], [ 77.342640521973138, 23.168012604712256, 0.0 ], [ 77.340114370392058, 23.163724724758509, 0.0 ], [ 77.335228160179184, 23.162675664056493, 0.0 ], [ 77.331833311619221, 23.17575846293337, 0.0 ], [ 77.32832711097673, 23.177146409797402, 0.0 ], [ 77.332209276273574, 23.187826168095377, 0.0 ], [ 77.337372330949378, 23.187856184010077, 0.0 ], [ 77.346473360749314, 23.184817884002047, 0.0 ] ] ] } },
{ "type": "Feature", "properties": { "Vill_LGD": "482521", "Villl_name": "Fatehpur dobra", "Sub_dist": "HUZUR", "District": "BHOPAL" }, "geometry": { "type": "Polygon", "coordinates": [ [ [ 77.349739800526976, 23.169881154738874, 0.0 ], [ 77.347912892959982, 23.153415153509883, 0.0 ], [ 77.349574396947915, 23.14985761760888, 0.0 ], [ 77.344487234216501, 23.146898606125127, 0.0 ], [ 77.340271649951475, 23.147488441895575, 0.0 ], [ 77.335447167282595, 23.145626127552475, 0.0 ], [ 77.329971706470104, 23.141435568374071, 0.0 ], [ 77.319301279587819, 23.144950002620117, 0.0 ], [ 77.317214816431559, 23.152379627719398, 0.0 ], [ 77.327734743128403, 23.155628973998041, 0.0 ], [ 77.330248834735514, 23.162142890626537, 0.0 ], [ 77.340114370392058, 23.163724724758509, 0.0 ], [ 77.34120536626061, 23.166463765760319, 0.0 ], [ 77.346346688674188, 23.170528368109043, 0.0 ], [ 77.349739800526976, 23.169881154738874, 0.0 ] ] ] } },
{ "type": "Feature", "properties": { "Vill_LGD": "482507", "Villl_name": "Sikandarabad", "Sub_dist": "HUZUR", "District": "BHOPAL" }, "geometry": { "type": "Polygon", "coordinates": [ [ [ 77.312293832897765, 23.188238698520728, 0.0 ], [ 77.316978037440805, 23.171384118255215, 0.0 ], [ 77.31434244781974, 23.166583078771925, 0.0 ], [ 77.291895062267457, 23.173348863421239, 0.0 ], [ 77.291599175697897, 23.178620298428598, 0.0 ], [ 77.295485712922073, 23.180844072656104, 0.0 ], [ 77.299330421330467, 23.186147618532221, 0.0 ], [ 77.297778640273776, 23.189890106646171, 0.0 ], [ 77.299572991300977, 23.192111726114113, 0.0 ], [ 77.298025529379984, 23.193091377865862, 0.0 ], [ 77.296534557584451, 23.199434427925446, 0.0 ], [ 77.300919916388423, 23.197866875192663, 0.0 ], [ 77.305636666621822, 23.190905707516436, 0.0 ], [ 77.312293832897765, 23.188238698520728, 0.0 ] ] ] } },
{ "type": "Feature", "properties": { "Vill_LGD": "482518", "Villl_name": "Semri bazyaft", "Sub_dist": "HUZUR", "District": "BHOPAL" }, "geometry": { "type": "Polygon", "coordinates": [ [ [ 77.314072445569082, 23.166531165169658, 0.0 ], [ 77.311966299847199, 23.157513640632054, 0.0 ], [ 77.308449029759529, 23.158862678313096, 0.0 ], [ 77.293197038332281, 23.15321896946616, 0.0 ], [ 77.289673856240981, 23.157768882228797, 0.0 ], [ 77.289848204406226, 23.167377069673218, 0.0 ], [ 77.291895062267457, 23.173348863421239, 0.0 ], [ 77.314072445569082, 23.166531165169658, 0.0 ] ] ] } },
{ "type": "Feature", "properties": { "Vill_LGD": "482350", "Villl_name": "Ratibad", "Sub_dist": "HUZUR", "District": "BHOPAL" }, "geometry": { "type": "Polygon", "coordinates": [ [ [ 77.335228160179184, 23.162675664056493, 0.0 ], [ 77.330248834735514, 23.162142890626537, 0.0 ], [ 77.326824291457811, 23.167845370060405, 0.0 ], [ 77.317034700081038, 23.170349231101167, 0.0 ], [ 77.315318033126516, 23.17401048877662, 0.0 ], [ 77.328509333253166, 23.178591294998469, 0.0 ], [ 77.328330102765904, 23.177143380714579, 0.0 ], [ 77.331833311619221, 23.17575846293337, 0.0 ], [ 77.335228160179184, 23.162675664056493, 0.0 ] ] ] } },
{ "type": "Feature", "properties": { "Vill_LGD": "482519", "Villl_name": "Chhapri", "Sub_dist": "HUZUR", "District": "BHOPAL" }, "geometry": { "type": "Polygon", "coordinates": [ [ [ 77.330248834735514, 23.162142890626537, 0.0 ], [ 77.327734743128403, 23.155628973998041, 0.0 ], [ 77.318843050256902, 23.152772771414117, 0.0 ], [ 77.317214816431559, 23.152379627719398, 0.0 ], [ 77.311966299847199, 23.157513640632054, 0.0 ], [ 77.314072445569082, 23.166531165169658, 0.0 ], [ 77.317034700081038, 23.170349231101167, 0.0 ], [ 77.326528856866034, 23.168066945619209, 0.0 ], [ 77.330248834735514, 23.162142890626537, 0.0 ] ] ] } },
{ "type": "Feature", "properties": { "Vill_LGD": "482525", "Villl_name": "Samasgarh", "Sub_dist": "HUZUR", "District": "BHOPAL" }, "geometry": { "type": "Polygon", "coordinates": [ [ [ 77.34387824019268, 23.120315232306027, 0.0 ], [ 77.338081123673263, 23.115220218352146, 0.0 ], [ 77.332892839607439, 23.102700580807699, 0.0 ], [ 77.3214167630031, 23.100918722349377, 0.0 ], [ 77.318260214028015, 23.101842888330928, 0.0 ], [ 77.322883507432593, 23.115969748973107, 0.0 ], [ 77.323131863326665, 23.121158598429929, 0.0 ], [ 77.320298555098475, 23.124856040677056, 0.0 ], [ 77.323954263701495, 23.129140065638758, 0.0 ], [ 77.323174990723771, 23.130769996808603, 0.0 ], [ 77.326348608927987, 23.131223102164295, 0.0 ], [ 77.326446023332707, 23.134034571359834, 0.0 ], [ 77.331742392665092, 23.138642336161798, 0.0 ], [ 77.332959823325879, 23.139212813002857, 0.0 ], [ 77.337651304488716, 23.132714568859587, 0.0 ], [ 77.340331172628098, 23.126349511116974, 0.0 ], [ 77.33935856753665, 23.125332291370363, 0.0 ], [ 77.342532174600706, 23.122099198698617, 0.0 ], [ 77.341636902453374, 23.121189054724752, 0.0 ], [ 77.34387824019268, 23.120315232306027, 0.0 ] ] ] } },
{ "type": "Feature", "properties": { "Vill_LGD": "482501", "Villl_name": "Jhagariya khurd", "Sub_dist": "HUZUR", "District": "BHOPAL" }, "geometry": { "type": "Polygon", "coordinates": [ [ [ 77.289411419319052, 23.158916356666641, 0.0 ], [ 77.292850182641814, 23.153257222718842, 0.0 ], [ 77.289863324321388, 23.144339103009056, 0.0 ], [ 77.290261905047331, 23.138359015245268, 0.0 ], [ 77.28772715284282, 23.136937684563915, 0.0 ], [ 77.282601590918702, 23.139495807911089, 0.0 ], [ 77.274021253418752, 23.140009771935127, 0.0 ], [ 77.269667294415058, 23.149005425870193, 0.0 ], [ 77.276917498024048, 23.160911758994153, 0.0 ], [ 77.289411419319052, 23.158916356666641, 0.0 ] ] ] } },
{ "type": "Feature", "properties": { "Vill_LGD": "482502", "Villl_name": "Sarvar", "Sub_dist": "HUZUR", "District": "BHOPAL" }, "geometry": { "type": "Polygon", "coordinates": [ [ [ 77.308449029759529, 23.158862678313096, 0.0 ], [ 77.31624362113098, 23.153755590501174, 0.0 ], [ 77.319282797279072, 23.147556331524015, 0.0 ], [ 77.316034802786362, 23.137380646608982, 0.0 ], [ 77.306945261224683, 23.136337252160853, 0.0 ], [ 77.303443006293151, 23.13843030409679, 0.0 ], [ 77.291058194722368, 23.139486291233222, 0.0 ], [ 77.289863324321388, 23.144339103009056, 0.0 ], [ 77.292850182641814, 23.153257222718842, 0.0 ], [ 77.29817224922617, 23.154104101721117, 0.0 ], [ 77.308449029759529, 23.158862678313096, 0.0 ] ] ] } },
{ "type": "Feature", "properties": { "Vill_LGD": "482514", "Villl_name": "Mittu khedi", "Sub_dist": "HUZUR", "District": "BHOPAL" }, "geometry": { "type": "Polygon", "coordinates": [ [ [ 77.331634243516561, 23.142619074671099, 0.0 ], [ 77.332959823325879, 23.139212813002857, 0.0 ], [ 77.326940794471611, 23.134107163295102, 0.0 ], [ 77.315932334546659, 23.137353058928806, 0.0 ], [ 77.319301279587819, 23.144950002620117, 0.0 ], [ 77.329873636694245, 23.141444924897932, 0.0 ], [ 77.331634243516561, 23.142619074671099, 0.0 ] ] ] } },
{ "type": "Feature", "properties": { "Vill_LGD": "482500", "Villl_name": "Khurchani", "Sub_dist": "HUZUR", "District": "BHOPAL" }, "geometry": { "type": "Polygon", "coordinates": [ [ [ 77.269705332702443, 23.148754971219049, 0.0 ], [ 77.274021253418752, 23.140009771935127, 0.0 ], [ 77.267386389160677, 23.136202884248586, 0.0 ], [ 77.270456377746854, 23.132586981350933, 0.0 ], [ 77.269245690621716, 23.129634251939528, 0.0 ], [ 77.272159340089303, 23.12625230838362, 0.0 ], [ 77.272543166227806, 23.125198029992156, 0.0 ], [ 77.265661765864024, 23.131215686369398, 0.0 ], [ 77.258987378358867, 23.133642737687182, 0.0 ], [ 77.246540679306577, 23.13514117844089, 0.0 ], [ 77.247243298501346, 23.14817730278385, 0.0 ], [ 77.254374625899061, 23.151690412135306, 0.0 ], [ 77.260179928901167, 23.152416677728546, 0.0 ], [ 77.263943502903217, 23.14930848099662, 0.0 ], [ 77.269705332702443, 23.148754971219049, 0.0 ] ] ] } },
{ "type": "Feature", "properties": { "Vill_LGD": "482503", "Villl_name": "Badjhiri", "Sub_dist": "HUZUR", "District": "BHOPAL" }, "geometry": { "type": "Polygon", "coordinates": [ [ [ 77.287758883108154, 23.136939416380194, 0.0 ], [ 77.285802351833951, 23.136230092842275, 0.0 ], [ 77.285903474127906, 23.13078782619683, 0.0 ], [ 77.280626004016213, 23.126540593072971, 0.0 ], [ 77.275882774542779, 23.124929736758428, 0.0 ], [ 77.272543166227806, 23.125198029992156, 0.0 ], [ 77.269894106419216, 23.128633324367918, 0.0 ], [ 77.270456377746854, 23.132586981350933, 0.0 ], [ 77.267357976333869, 23.136501934002613, 0.0 ], [ 77.268920177263993, 23.137898090153456, 0.0 ], [ 77.270680195173796, 23.137097819257306, 0.0 ], [ 77.274021253418752, 23.140009771935127, 0.0 ], [ 77.282601590918702, 23.139495807911089, 0.0 ], [ 77.287758883108154, 23.136939416380194, 0.0 ] ] ] } },
{ "type": "Feature", "properties": { "Vill_LGD": "482504", "Villl_name": "Amla", "Sub_dist": "HUZUR", "District": "BHOPAL" }, "geometry": { "type": "Polygon", "coordinates": [ [ [ 77.306945261224683, 23.136337252160853, 0.0 ], [ 77.312446757917925, 23.120545371695819, 0.0 ], [ 77.311166925506896, 23.112854636733072, 0.0 ], [ 77.305549774239637, 23.111138822967469, 0.0 ], [ 77.302927430723585, 23.105198788747778, 0.0 ], [ 77.304720965609604, 23.099673613451401, 0.0 ], [ 77.29335547028019, 23.101282129126936, 0.0 ], [ 77.285348582587076, 23.094750508111336, 0.0 ], [ 77.271192929642211, 23.09418492585344, 0.0 ], [ 77.275502549253474, 23.104297605330082, 0.0 ], [ 77.274252810661906, 23.11218832743053, 0.0 ], [ 77.271426010200329, 23.11639997246478, 0.0 ], [ 77.272543166227806, 23.125198029992156, 0.0 ], [ 77.280792390539332, 23.126640425665187, 0.0 ], [ 77.286488820787383, 23.131458833844274, 0.0 ], [ 77.285821273779078, 23.136273971250517, 0.0 ], [ 77.291058194722368, 23.139486291233222, 0.0 ], [ 77.303443006293151, 23.13843030409679, 0.0 ], [ 77.306945261224683, 23.136337252160853, 0.0 ] ] ] } },
{ "type": "Feature", "properties": { "Vill_LGD": "482522", "Villl_name": "Amarpura", "Sub_dist": "HUZUR", "District": "BHOPAL" }, "geometry": { "type": "Polygon", "coordinates": [ [ [ 77.326449541410383, 23.134034868871453, 0.0 ], [ 77.326348608927987, 23.131223102164295, 0.0 ], [ 77.32327016894277, 23.13082948244039, 0.0 ], [ 77.322814069858168, 23.129278245030878, 0.0 ], [ 77.317075188024589, 23.130451958400606, 0.0 ], [ 77.315251867497466, 23.132288163154559, 0.0 ], [ 77.30962794151047, 23.130557598178299, 0.0 ], [ 77.306945261224683, 23.136337252160853, 0.0 ], [ 77.315932334546659, 23.137353058928806, 0.0 ], [ 77.326449541410383, 23.134034868871453, 0.0 ] ] ] } },
{ "type": "Feature", "properties": { "Vill_LGD": "482526", "Villl_name": "Samaspura", "Sub_dist": "HUZUR", "District": "BHOPAL" }, "geometry": { "type": "Polygon", "coordinates": [ [ [ 77.323618491050539, 23.12985819775216, 0.0 ], [ 77.323044119683757, 23.127492288883825, 0.0 ], [ 77.320298555098475, 23.124856040677056, 0.0 ], [ 77.323131863326665, 23.121158598429929, 0.0 ], [ 77.322883507432593, 23.115969748973107, 0.0 ], [ 77.31826021357854, 23.102147460710157, 0.0 ], [ 77.3214167630031, 23.100918722349377, 0.0 ], [ 77.304720965609604, 23.099673613451401, 0.0 ], [ 77.302927430723585, 23.105198788747778, 0.0 ], [ 77.304686646006061, 23.106866689109335, 0.0 ], [ 77.304867828906609, 23.110028338060967, 0.0 ], [ 77.306602870089307, 23.111652731479445, 0.0 ], [ 77.309789216849566, 23.111434099321819, 0.0 ], [ 77.311616643261743, 23.114275175249162, 0.0 ], [ 77.312446757917925, 23.120545371695819, 0.0 ], [ 77.30962794151047, 23.130557598178299, 0.0 ], [ 77.315251867497466, 23.132288163154559, 0.0 ], [ 77.317075188024589, 23.130451958400606, 0.0 ], [ 77.323618491050539, 23.12985819775216, 0.0 ] ] ] } },
{ "type": "Feature", "properties": { "Vill_LGD": "482422", "Villl_name": "Imliya", "Sub_dist": "HUZUR", "District": "BHOPAL" }, "geometry": { "type": "Polygon", "coordinates": [ [ [ 77.464219885392296, 23.338535844615691, 0.0 ], [ 77.458671173273558, 23.335189694554806, 0.0 ], [ 77.448742948690082, 23.332823870826129, 0.0 ], [ 77.445430056682014, 23.32857837705285, 0.0 ], [ 77.43637012983595, 23.32908142589476, 0.0 ], [ 77.428366882309589, 23.32769959571193, 0.0 ], [ 77.42742027767558, 23.325991082999533, 0.0 ], [ 77.423826582637361, 23.337981851843789, 0.0 ], [ 77.426495568237385, 23.339836273855635, 0.0 ], [ 77.424769562824039, 23.34508678456783, 0.0 ], [ 77.430192539331955, 23.346309938869833, 0.0 ], [ 77.432853817969843, 23.348828555188739, 0.0 ], [ 77.437826927861366, 23.348290182961481, 0.0 ], [ 77.439576324742106, 23.344600850263021, 0.0 ], [ 77.443447256734942, 23.347607140997201, 0.0 ], [ 77.459277839152563, 23.348428916415173, 0.0 ], [ 77.466489642564582, 23.351532323549229, 0.0 ], [ 77.475956701243149, 23.353195000819746, 0.0 ], [ 77.476274952348319, 23.351044169972191, 0.0 ], [ 77.472742702927405, 23.349170792448902, 0.0 ], [ 77.473190102308166, 23.347941578831392, 0.0 ], [ 77.467020415741359, 23.346602050472409, 0.0 ], [ 77.464503265506281, 23.344514578258615, 0.0 ], [ 77.464219885392296, 23.338535844615691, 0.0 ] ] ] } },
{ "type": "Feature", "properties": { "Vill_LGD": "482366", "Villl_name": "Manikhedi Kot", "Sub_dist": "HUZUR", "District": "BHOPAL" }, "geometry": { "type": "Polygon", "coordinates": [ [ [ 77.352688026753, 23.380530045988337, 0.0 ], [ 77.355733940742766, 23.373651555157014, 0.0 ], [ 77.361622444968404, 23.373398010250227, 0.0 ], [ 77.363828338223797, 23.369667318610635, 0.0 ], [ 77.353444222907086, 23.36309009305117, 0.0 ], [ 77.351041525231935, 23.354842243044743, 0.0 ], [ 77.347436241145374, 23.353964762337615, 0.0 ], [ 77.345264272780199, 23.356964879817856, 0.0 ], [ 77.346268740238116, 23.357540841846262, 0.0 ], [ 77.340737745054412, 23.358466816170676, 0.0 ], [ 77.340984685007612, 23.361795985936258, 0.0 ], [ 77.333768395202895, 23.363555697652142, 0.0 ], [ 77.331967051405826, 23.367837133449765, 0.0 ], [ 77.332076507353875, 23.37417601822369, 0.0 ], [ 77.343934451577539, 23.377786234901087, 0.0 ], [ 77.347452978861455, 23.382012879409377, 0.0 ], [ 77.352688026753, 23.380530045988337, 0.0 ] ] ] } },
{ "type": "Feature", "properties": { "Vill_LGD": "482506", "Villl_name": "Rasuliya gusain", "Sub_dist": "HUZUR", "District": "BHOPAL" }, "geometry": { "type": "Polygon", "coordinates": [ [ [ 77.296106044212536, 23.198945389818405, 0.0 ], [ 77.299572991300977, 23.192111726114113, 0.0 ], [ 77.297778640273776, 23.189890106646171, 0.0 ], [ 77.299330421330467, 23.186147618532221, 0.0 ], [ 77.295485712922073, 23.180844072656104, 0.0 ], [ 77.291606186783312, 23.178625370476666, 0.0 ], [ 77.281731626623085, 23.186571614148654, 0.0 ], [ 77.282512185531829, 23.193955550568344, 0.0 ], [ 77.283543928356252, 23.19689377060994, 0.0 ], [ 77.291580419548126, 23.196509935393614, 0.0 ], [ 77.293740281279071, 23.196987297130281, 0.0 ], [ 77.293701615709736, 23.198819482267858, 0.0 ], [ 77.296106044212536, 23.198945389818405, 0.0 ] ] ] } },
{ "type": "Feature", "properties": { "Vill_LGD": "482561", "Villl_name": "Bavali kheda", "Sub_dist": "HUZUR", "District": "BHOPAL" }, "geometry": { "type": "Polygon", "coordinates": [ [ [ 77.357366483824563, 23.116858331257337, 0.0 ], [ 77.356487728801241, 23.093878303377899, 0.0 ], [ 77.362019396518534, 23.078556233661459, 0.0 ], [ 77.356485139080348, 23.080946267922112, 0.0 ], [ 77.336973114794517, 23.079746707108857, 0.0 ], [ 77.321569805069075, 23.085359459270403, 0.0 ], [ 77.319446748979573, 23.089661544060764, 0.0 ], [ 77.3214167630031, 23.100918722349377, 0.0 ], [ 77.332892839607439, 23.102700580807699, 0.0 ], [ 77.338081123673263, 23.115220218352146, 0.0 ], [ 77.342001939087709, 23.119267459062275, 0.0 ], [ 77.344217129771792, 23.120293782926058, 0.0 ], [ 77.344916691670363, 23.116995849797714, 0.0 ], [ 77.357366483824563, 23.116858331257337, 0.0 ] ] ] } },
{ "type": "Feature", "properties": { "Vill_LGD": "482460", "Villl_name": "Kurana", "Sub_dist": "HUZUR", "District": "BHOPAL" }, "geometry": { "type": "Polygon", "coordinates": [ [ [ 77.316356108774428, 23.345907424696556, 0.0 ], [ 77.328523482196431, 23.341328151555931, 0.0 ], [ 77.3386039814783, 23.341407994601312, 0.0 ], [ 77.341019078535552, 23.336236066223908, 0.0 ], [ 77.34040825018559, 23.332196273550142, 0.0 ], [ 77.336991139768244, 23.328058612790031, 0.0 ], [ 77.329054803728113, 23.311057558776639, 0.0 ], [ 77.324950106290345, 23.315749677117687, 0.0 ], [ 77.304404534736094, 23.322444913828853, 0.0 ], [ 77.310387886577047, 23.326186243018295, 0.0 ], [ 77.311417123678567, 23.330726666312799, 0.0 ], [ 77.314090328408085, 23.331587618457903, 0.0 ], [ 77.317363771522821, 23.343083895750844, 0.0 ], [ 77.315569533321479, 23.343365286328218, 0.0 ], [ 77.316356108774428, 23.345907424696556, 0.0 ] ] ] } },
{ "type": "Feature", "properties": { "Vill_LGD": "937860", "Villl_name": "Shantinagar", "Sub_dist": "HUZUR", "District": "BHOPAL" }, "geometry": { "type": "Polygon", "coordinates": [ [ [ 77.533047201491954, 23.317510087038833, 0.0 ], [ 77.536144511987757, 23.308637012389092, 0.0 ], [ 77.531535570334924, 23.295082886885268, 0.0 ], [ 77.531635080568449, 23.288865487182743, 0.0 ], [ 77.519656424333036, 23.28792295016455, 0.0 ], [ 77.51988166713916, 23.291983082431269, 0.0 ], [ 77.51821054781459, 23.294740667963914, 0.0 ], [ 77.513998826777964, 23.294635242079131, 0.0 ], [ 77.517347541311707, 23.296224470864683, 0.0 ], [ 77.518851358275825, 23.305170936630141, 0.0 ], [ 77.520988117143432, 23.30556385599424, 0.0 ], [ 77.523988587944132, 23.310618001875593, 0.0 ], [ 77.517756165966276, 23.316509542326589, 0.0 ], [ 77.518340250445817, 23.317963560612498, 0.0 ], [ 77.533047201491954, 23.317510087038833, 0.0 ] ] ] } },
{ "type": "Feature", "properties": { "Vill_LGD": "482391", "Villl_name": "Ghasipura", "Sub_dist": "HUZUR", "District": "BHOPAL" }, "geometry": { "type": "Polygon", "coordinates": [ [ [ 77.412326045293938, 23.356785525159566, 0.0 ], [ 77.414223046775646, 23.355338151033394, 0.0 ], [ 77.414446369065942, 23.352683194400214, 0.0 ], [ 77.409837480218968, 23.352443663137652, 0.0 ], [ 77.407829219519968, 23.356071627661876, 0.0 ], [ 77.412326045293938, 23.356785525159566, 0.0 ] ] ] } },
{ "type": "Feature", "properties": { "Vill_LGD": "482405", "Villl_name": "Rasla khedi", "Sub_dist": "HUZUR", "District": "BHOPAL" }, "geometry": { "type": "Polygon", "coordinates": [ [ [ 77.433042202390553, 23.418407619208633, 0.0 ], [ 77.425232514859175, 23.405699613133198, 0.0 ], [ 77.425252954585872, 23.398954063841497, 0.0 ], [ 77.427024249404809, 23.397519026215456, 0.0 ], [ 77.426950252752761, 23.395297544849115, 0.0 ], [ 77.422828736048658, 23.395567530481841, 0.0 ], [ 77.411470683916207, 23.400416038690064, 0.0 ], [ 77.410904986321782, 23.411646683380258, 0.0 ], [ 77.424047840057597, 23.41457668720421, 0.0 ], [ 77.433042202390553, 23.418407619208633, 0.0 ] ] ] } },
{ "type": "Feature", "properties": { "Vill_LGD": "482397", "Villl_name": "Barkhedi hajjam", "Sub_dist": "HUZUR", "District": "BHOPAL" }, "geometry": { "type": "Polygon", "coordinates": [ [ [ 77.373735037579692, 23.419152249173724, 0.0 ], [ 77.38537805827221, 23.418054385361099, 0.0 ], [ 77.382943167031172, 23.412557449386529, 0.0 ], [ 77.380015072113167, 23.4107913421776, 0.0 ], [ 77.378956212115781, 23.407703991387386, 0.0 ], [ 77.380175465834427, 23.406644504062569, 0.0 ], [ 77.377855202478301, 23.404981931365803, 0.0 ], [ 77.376945305278724, 23.400860690524755, 0.0 ], [ 77.364289472074304, 23.400455350177022, 0.0 ], [ 77.362994333174711, 23.401341059348024, 0.0 ], [ 77.364158526515467, 23.404385451447613, 0.0 ], [ 77.367260059826719, 23.406681874046278, 0.0 ], [ 77.366389703328664, 23.407727076556174, 0.0 ], [ 77.369864310585797, 23.409347094786465, 0.0 ], [ 77.367481875974519, 23.410664309316545, 0.0 ], [ 77.368130278274691, 23.412109831400969, 0.0 ], [ 77.364864468020073, 23.415720663377112, 0.0 ], [ 77.364694336544844, 23.419097118315353, 0.0 ], [ 77.368721958136675, 23.417976857384986, 0.0 ], [ 77.373735037579692, 23.419152249173724, 0.0 ] ] ] } },
{ "type": "Feature", "properties": { "Vill_LGD": "482558", "Villl_name": "Bangrasia", "Sub_dist": "KOLAR", "District": "BHOPAL" }, "geometry": { "type": "Polygon", "coordinates": [ [ [ 77.546777442406096, 23.138222398073999, 0.0 ], [ 77.542010200258602, 23.138013363950346, 0.0 ], [ 77.538061477649109, 23.135010126084214, 0.0 ], [ 77.537753488320917, 23.130518346615428, 0.0 ], [ 77.53318763059751, 23.125764234521398, 0.0 ], [ 77.533329033521738, 23.120868905241213, 0.0 ], [ 77.531314911944222, 23.12176145092478, 0.0 ], [ 77.529322147209157, 23.12012293930341, 0.0 ], [ 77.523242636894878, 23.123542708812934, 0.0 ], [ 77.524269374163126, 23.124828807886516, 0.0 ], [ 77.522485230201056, 23.127565934465235, 0.0 ], [ 77.525367418970347, 23.128370205505082, 0.0 ], [ 77.525380029472927, 23.133404079644791, 0.0 ], [ 77.530351467789529, 23.141027282445386, 0.0 ], [ 77.530741464216263, 23.146841892128165, 0.0 ], [ 77.53338439146323, 23.148889931655351, 0.0 ], [ 77.536212701671971, 23.150510759840358, 0.0 ], [ 77.540760291308658, 23.150325129396411, 0.0 ], [ 77.54063148453298, 23.142787629384216, 0.0 ], [ 77.546777442406096, 23.138222398073999, 0.0 ] ] ] } },
{ "type": "Feature", "properties": { "Vill_LGD": "482533", "Villl_name": "Pipaliya rani", "Sub_dist": "KOLAR", "District": "BHOPAL" }, "geometry": { "type": "Polygon", "coordinates": [ [ [ 77.499658685075673, 23.103443438062243, 0.0 ], [ 77.485053080563574, 23.107888477120948, 0.0 ], [ 77.485371215280836, 23.109863771726044, 0.0 ], [ 77.49096289935396, 23.115108755229016, 0.0 ], [ 77.491902910284153, 23.11198600447743, 0.0 ], [ 77.493840791774701, 23.111758594116601, 0.0 ], [ 77.494811557701965, 23.11524619326007, 0.0 ], [ 77.497827629658005, 23.117288892843945, 0.0 ], [ 77.500777423702999, 23.114941417178759, 0.0 ], [ 77.500614537102535, 23.113418667739573, 0.0 ], [ 77.504331570718463, 23.112096084253793, 0.0 ], [ 77.501685146105061, 23.109646996939876, 0.0 ], [ 77.499658685075673, 23.103443438062243, 0.0 ] ] ] } },
{ "type": "Feature", "properties": { "Vill_LGD": "482538", "Villl_name": "Khad bamuliya", "Sub_dist": "KOLAR", "District": "BHOPAL" }, "geometry": { "type": "Polygon", "coordinates": [ [ [ 77.488366353526359, 23.113612237412507, 0.0 ], [ 77.482619908596277, 23.10623053218584, 0.0 ], [ 77.473722813169857, 23.105969579401968, 0.0 ], [ 77.474486207164261, 23.114039708255671, 0.0 ], [ 77.47647696073021, 23.117801044831964, 0.0 ], [ 77.477516508699367, 23.115489277466622, 0.0 ], [ 77.480296309251273, 23.115764746811596, 0.0 ], [ 77.480356100506611, 23.12004880816167, 0.0 ], [ 77.483110181882182, 23.118371127630112, 0.0 ], [ 77.48207389111866, 23.113436186613974, 0.0 ], [ 77.484802599409775, 23.113318502225415, 0.0 ], [ 77.486410727128714, 23.115549735582892, 0.0 ], [ 77.488366353526359, 23.113612237412507, 0.0 ] ] ] } },
{ "type": "Feature", "properties": { "Vill_LGD": "482539", "Villl_name": "Kotra", "Sub_dist": "KOLAR", "District": "BHOPAL" }, "geometry": { "type": "Polygon", "coordinates": [ [ [ 77.484250585245491, 23.108218057914808, 0.0 ], [ 77.499658685075673, 23.103443438062243, 0.0 ], [ 77.502204772773098, 23.100329868236674, 0.0 ], [ 77.499154104607797, 23.099059697613821, 0.0 ], [ 77.494368805313954, 23.100580700241615, 0.0 ], [ 77.488702679068197, 23.095523665122478, 0.0 ], [ 77.482471431679869, 23.096954173318387, 0.0 ], [ 77.481856648937551, 23.10629807418394, 0.0 ], [ 77.484250585245491, 23.108218057914808, 0.0 ] ] ] } },
{ "type": "Feature", "properties": { "Vill_LGD": "482540", "Villl_name": "Khandabad", "Sub_dist": "KOLAR", "District": "BHOPAL" }, "geometry": { "type": "Polygon", "coordinates": [ [ [ 77.481856648937551, 23.10629807418394, 0.0 ], [ 77.481614017473788, 23.096082431609123, 0.0 ], [ 77.484673009243252, 23.093700315550052, 0.0 ], [ 77.483848258249623, 23.092780123392728, 0.0 ], [ 77.479372565023638, 23.094287384136319, 0.0 ], [ 77.473790236871551, 23.093706578630417, 0.0 ], [ 77.474347142999747, 23.096928585487852, 0.0 ], [ 77.472641661667367, 23.101684207593618, 0.0 ], [ 77.474592221065677, 23.10597424292472, 0.0 ], [ 77.481856648937551, 23.10629807418394, 0.0 ] ] ] } },
{ "type": "Feature", "properties": { "Vill_LGD": "482537", "Villl_name": "Sewaniya", "Sub_dist": "KOLAR", "District": "BHOPAL" }, "geometry": { "type": "Polygon", "coordinates": [ [ [ 77.474486207164261, 23.114039708255671, 0.0 ], [ 77.473843311464734, 23.103961063350724, 0.0 ], [ 77.461177170499397, 23.107393450281528, 0.0 ], [ 77.463133768807509, 23.109351869335775, 0.0 ], [ 77.462945516076559, 23.113051150817487, 0.0 ], [ 77.471268899866814, 23.115181188451121, 0.0 ], [ 77.474486207164261, 23.114039708255671, 0.0 ] ] ] } },
{ "type": "Feature", "properties": { "Vill_LGD": "482541", "Villl_name": "Suraiya nagar", "Sub_dist": "KOLAR", "District": "BHOPAL" }, "geometry": { "type": "Polygon", "coordinates": [ [ [ 77.473218891344288, 23.103874096690639, 0.0 ], [ 77.472642214157233, 23.099265270048452, 0.0 ], [ 77.467216214514664, 23.094034285086249, 0.0 ], [ 77.465181828250039, 23.093490837188121, 0.0 ], [ 77.463979021704574, 23.094851592670459, 0.0 ], [ 77.461926773038499, 23.093149311986384, 0.0 ], [ 77.461479814891419, 23.094768296882243, 0.0 ], [ 77.457986194540155, 23.094983210023226, 0.0 ], [ 77.458922090992601, 23.097777566743279, 0.0 ], [ 77.457074041256803, 23.105805997690574, 0.0 ], [ 77.458165321777741, 23.106462296707971, 0.0 ], [ 77.464275289909665, 23.107455611630009, 0.0 ], [ 77.473218891344288, 23.103874096690639, 0.0 ] ] ] } },
{ "type": "Feature", "properties": { "Vill_LGD": "482532", "Villl_name": "Kohdi", "Sub_dist": "KOLAR", "District": "BHOPAL" }, "geometry": { "type": "Polygon", "coordinates": [ [ [ 77.46765499381533, 23.126836533171829, 0.0 ], [ 77.469901485870267, 23.12454722044107, 0.0 ], [ 77.467342193468951, 23.123187793291098, 0.0 ], [ 77.471556218536463, 23.121821982614804, 0.0 ], [ 77.469678824984243, 23.119240267419908, 0.0 ], [ 77.473485962792708, 23.119844650599074, 0.0 ], [ 77.474873813423173, 23.117713220937581, 0.0 ], [ 77.476626506209399, 23.120023653099814, 0.0 ], [ 77.477830857966097, 23.119042771453199, 0.0 ], [ 77.474945984771693, 23.11412872474882, 0.0 ], [ 77.46819423893362, 23.114879971222514, 0.0 ], [ 77.462098108506552, 23.112845576121426, 0.0 ], [ 77.460354726299755, 23.113743310364356, 0.0 ], [ 77.460497494137826, 23.116791401231101, 0.0 ], [ 77.456228741291937, 23.11761231463338, 0.0 ], [ 77.457086804457205, 23.123523726616138, 0.0 ], [ 77.46094941529104, 23.127812752212716, 0.0 ], [ 77.463770503701397, 23.124399652651402, 0.0 ], [ 77.46765499381533, 23.126836533171829, 0.0 ] ] ] } },
{ "type": "Feature", "properties": { "Vill_LGD": "482534", "Villl_name": "Bhoj nagar", "Sub_dist": "KOLAR", "District": "BHOPAL" }, "geometry": { "type": "Polygon", "coordinates": [ [ [ 77.451850891376083, 23.120219376866299, 0.0 ], [ 77.45303258357967, 23.116119247430696, 0.0 ], [ 77.455960708283271, 23.115493261133896, 0.0 ], [ 77.455874464605643, 23.118060682064574, 0.0 ], [ 77.460497494137826, 23.116791401231101, 0.0 ], [ 77.460354726299755, 23.113743310364356, 0.0 ], [ 77.462945516076559, 23.113051150817487, 0.0 ], [ 77.462090063932578, 23.107922588037475, 0.0 ], [ 77.456617872598727, 23.10573359696582, 0.0 ], [ 77.448846053131476, 23.107144569408643, 0.0 ], [ 77.448153168519426, 23.111672903445196, 0.0 ], [ 77.445288297380543, 23.113643095519716, 0.0 ], [ 77.445945027909772, 23.117278912187071, 0.0 ], [ 77.444096315445307, 23.118121706544009, 0.0 ], [ 77.444606291205758, 23.119649555236901, 0.0 ], [ 77.445379868237779, 23.120952983637242, 0.0 ], [ 77.448111251354931, 23.120067229079275, 0.0 ], [ 77.447751357571448, 23.121060654437997, 0.0 ], [ 77.451315512581303, 23.118741730665572, 0.0 ], [ 77.451850891376083, 23.120219376866299, 0.0 ] ] ] } },
{ "type": "Feature", "properties": { "Vill_LGD": "482542", "Villl_name": "Bandori", "Sub_dist": "KOLAR", "District": "BHOPAL" }, "geometry": { "type": "Polygon", "coordinates": [ [ [ 77.457074799881738, 23.105801202141713, 0.0 ], [ 77.458922090992601, 23.097777566743279, 0.0 ], [ 77.457164904363125, 23.092705409311019, 0.0 ], [ 77.455522301624569, 23.092084582565928, 0.0 ], [ 77.453432939378388, 23.086198515709118, 0.0 ], [ 77.450966780744295, 23.088085543704381, 0.0 ], [ 77.448773940907543, 23.087568906447512, 0.0 ], [ 77.447062707149328, 23.090079520964707, 0.0 ], [ 77.450252943552755, 23.092425680543784, 0.0 ], [ 77.447693735453626, 23.093313694781152, 0.0 ], [ 77.449753255771157, 23.094624302620947, 0.0 ], [ 77.447890138631692, 23.096394823447451, 0.0 ], [ 77.448442948950088, 23.099863974182895, 0.0 ], [ 77.451955727931178, 23.106071235330457, 0.0 ], [ 77.457074799881738, 23.105801202141713, 0.0 ] ] ] } },
{ "type": "Feature", "properties": { "Vill_LGD": "482535", "Villl_name": "Amrabad kalan", "Sub_dist": "KOLAR", "District": "BHOPAL" }, "geometry": { "type": "Polygon", "coordinates": [ [ [ 77.451955727931178, 23.106071235330457, 0.0 ], [ 77.44789043506907, 23.096401392858102, 0.0 ], [ 77.441543619991918, 23.097044915661879, 0.0 ], [ 77.43766036628098, 23.103248015439377, 0.0 ], [ 77.439131936539155, 23.105499054158191, 0.0 ], [ 77.437702635732123, 23.106116583925854, 0.0 ], [ 77.436600602270403, 23.113515659644342, 0.0 ], [ 77.43829423096193, 23.116695084965478, 0.0 ], [ 77.442531058654083, 23.115836809238761, 0.0 ], [ 77.444096315445307, 23.118121706544009, 0.0 ], [ 77.445945027909772, 23.117278912187071, 0.0 ], [ 77.445288297380543, 23.113643095519716, 0.0 ], [ 77.448153168519426, 23.111672903445196, 0.0 ], [ 77.448846053131476, 23.107144569408643, 0.0 ], [ 77.451955727931178, 23.106071235330457, 0.0 ] ] ] } },
{ "type": "Feature", "properties": { "Vill_LGD": "482543", "Villl_name": "Panchama", "Sub_dist": "KOLAR", "District": "BHOPAL" }, "geometry": { "type": "Polygon", "coordinates": [ [ [ 77.441675593124714, 23.097005377429962, 0.0 ], [ 77.449796086725513, 23.095109711848274, 0.0 ], [ 77.447693735453626, 23.093313694781152, 0.0 ], [ 77.450252943552755, 23.092425680543784, 0.0 ], [ 77.447347849193093, 23.090596824471454, 0.0 ], [ 77.448346897197951, 23.088021587613877, 0.0 ], [ 77.446082555192888, 23.085979167429702, 0.0 ], [ 77.44161162736539, 23.087179617840071, 0.0 ], [ 77.440213859554248, 23.085990239589687, 0.0 ], [ 77.43972955560848, 23.087782085908859, 0.0 ], [ 77.437089668628914, 23.088005656977284, 0.0 ], [ 77.436104363781794, 23.086599166491567, 0.0 ], [ 77.435999820662573, 23.092792548208877, 0.0 ], [ 77.438074862192693, 23.097285868703274, 0.0 ], [ 77.440756244105515, 23.098512274829293, 0.0 ], [ 77.441675593124714, 23.097005377429962, 0.0 ] ] ] } },
{ "type": "Feature", "properties": { "Vill_LGD": "482536", "Villl_name": "Shobhapur jahej", "Sub_dist": "KOLAR", "District": "BHOPAL" }, "geometry": { "type": "Polygon", "coordinates": [ [ [ 77.440756244105515, 23.098512274829293, 0.0 ], [ 77.437303916333562, 23.09625794062412, 0.0 ], [ 77.435798397148119, 23.086714090094478, 0.0 ], [ 77.430567431085265, 23.089569686431481, 0.0 ], [ 77.429045020480942, 23.098502607199976, 0.0 ], [ 77.432109532816725, 23.099416873968597, 0.0 ], [ 77.43492919430112, 23.104941982446281, 0.0 ], [ 77.438905887952416, 23.10605822720613, 0.0 ], [ 77.43766036628098, 23.103248015439377, 0.0 ], [ 77.440756244105515, 23.098512274829293, 0.0 ] ] ] } },
{ "type": "Feature", "properties": { "Vill_LGD": "482529", "Villl_name": "Pipaliya berkhedi", "Sub_dist": "KOLAR", "District": "BHOPAL" }, "geometry": { "type": "Polygon", "coordinates": [ [ [ 77.43829423096193, 23.116695084965478, 0.0 ], [ 77.436600602270403, 23.113515659644342, 0.0 ], [ 77.437738777246764, 23.106064592485954, 0.0 ], [ 77.43492919430112, 23.104941982446281, 0.0 ], [ 77.431309931713187, 23.098949743359142, 0.0 ], [ 77.421283491160821, 23.09948508090795, 0.0 ], [ 77.420181291955757, 23.103263667061306, 0.0 ], [ 77.412947042115178, 23.104082682209111, 0.0 ], [ 77.414629044154253, 23.104666923551243, 0.0 ], [ 77.414750592725056, 23.106894970859525, 0.0 ], [ 77.418454579102416, 23.105796911241971, 0.0 ], [ 77.417877901813, 23.108812901938194, 0.0 ], [ 77.422980352026045, 23.106059364490346, 0.0 ], [ 77.424721685482154, 23.107730515950557, 0.0 ], [ 77.43010705867556, 23.107319381821767, 0.0 ], [ 77.431713532111061, 23.118519104326307, 0.0 ], [ 77.43829423096193, 23.116695084965478, 0.0 ] ] ] } },
{ "type": "Feature", "properties": { "Vill_LGD": "482530", "Villl_name": "Gol", "Sub_dist": "KOLAR", "District": "BHOPAL" }, "geometry": { "type": "Polygon", "coordinates": [ [ [ 77.429045020480942, 23.098502607199976, 0.0 ], [ 77.430567431085265, 23.089569686431481, 0.0 ], [ 77.427885058024003, 23.087536584582704, 0.0 ], [ 77.413665882363674, 23.085147485088402, 0.0 ], [ 77.409276820327705, 23.083026234417325, 0.0 ], [ 77.401568265546487, 23.084695538897151, 0.0 ], [ 77.40136273290284, 23.087632870992746, 0.0 ], [ 77.408029983179034, 23.090711893106558, 0.0 ], [ 77.412947042115178, 23.104082682209111, 0.0 ], [ 77.420181291955757, 23.103263667061306, 0.0 ], [ 77.421283491160821, 23.09948508090795, 0.0 ], [ 77.429045020480942, 23.098502607199976, 0.0 ] ] ] } },
{ "type": "Feature", "properties": { "Vill_LGD": "482531", "Villl_name": "Kalapani", "Sub_dist": "KOLAR", "District": "BHOPAL" }, "geometry": { "type": "Polygon", "coordinates": [ [ [ 77.41302639859741, 23.104841761665405, 0.0 ], [ 77.408029983179034, 23.090711893106558, 0.0 ], [ 77.40136273290284, 23.087632870992746, 0.0 ], [ 77.402197050727906, 23.078672446097119, 0.0 ], [ 77.379008283473382, 23.071948121158993, 0.0 ], [ 77.375017202757931, 23.076355231931746, 0.0 ], [ 77.367018751545103, 23.076190143625631, 0.0 ], [ 77.362019396518534, 23.078556233661459, 0.0 ], [ 77.356487728801241, 23.093878303377899, 0.0 ], [ 77.370681487617034, 23.097873782268532, 0.0 ], [ 77.389572654569719, 23.108519615305163, 0.0 ], [ 77.393853987215493, 23.107906710335502, 0.0 ], [ 77.407851407743678, 23.111314453109905, 0.0 ], [ 77.41302639859741, 23.104841761665405, 0.0 ] ] ] } },
{ "type": "Feature", "properties": { "Vill_LGD": "482528", "Villl_name": "Thua kheda", "Sub_dist": "KOLAR", "District": "BHOPAL" }, "geometry": { "type": "Polygon", "coordinates": [ [ [ 77.431713532111061, 23.118519104326307, 0.0 ], [ 77.43010705867556, 23.107319381821767, 0.0 ], [ 77.424721685482154, 23.107730515950557, 0.0 ], [ 77.422980352026045, 23.106059364490346, 0.0 ], [ 77.417877901813, 23.108812901938194, 0.0 ], [ 77.418454579102416, 23.105796911241971, 0.0 ], [ 77.414750592725056, 23.106894970859525, 0.0 ], [ 77.413978692045148, 23.10463222002674, 0.0 ], [ 77.407626306394121, 23.111513973673983, 0.0 ], [ 77.406378815106081, 23.118113766022258, 0.0 ], [ 77.408527468445087, 23.118149457696791, 0.0 ], [ 77.409008974885737, 23.123350153827126, 0.0 ], [ 77.410791971735577, 23.122150300894106, 0.0 ], [ 77.412916117002752, 23.123059373785168, 0.0 ], [ 77.415916140977203, 23.121898196891589, 0.0 ], [ 77.415434314501042, 23.119666419550281, 0.0 ], [ 77.422002921648698, 23.114625136544106, 0.0 ], [ 77.425701185779616, 23.125274689887412, 0.0 ], [ 77.431713532111061, 23.118519104326307, 0.0 ] ] ] } },
{ "type": "Feature", "properties": { "Vill_LGD": "482527", "Villl_name": "Mahawadiya", "Sub_dist": "KOLAR", "District": "BHOPAL" }, "geometry": { "type": "Polygon", "coordinates": [ [ [ 77.406628787062772, 23.118973285967947, 0.0 ], [ 77.407851407743678, 23.111314453109905, 0.0 ], [ 77.393853987215493, 23.107906710335502, 0.0 ], [ 77.389572654569719, 23.108519615305163, 0.0 ], [ 77.365824131476884, 23.09595540120544, 0.0 ], [ 77.36795236209089, 23.107675520257679, 0.0 ], [ 77.38670677746633, 23.124184672905987, 0.0 ], [ 77.397854286574585, 23.123459682972122, 0.0 ], [ 77.406628787062772, 23.118973285967947, 0.0 ] ] ] } },
{ "type": "Feature", "properties": { "Vill_LGD": "482524", "Villl_name": "Borda", "Sub_dist": "KOLAR", "District": "BHOPAL" }, "geometry": { "type": "Polygon", "coordinates": [ [ [ 77.365764407318935, 23.134827599005536, 0.0 ], [ 77.38155499995635, 23.129577999799977, 0.0 ], [ 77.388986210304822, 23.13351917036313, 0.0 ], [ 77.400492566482924, 23.129437171682039, 0.0 ], [ 77.403287778251482, 23.129791301501736, 0.0 ], [ 77.404791688225956, 23.128062756170724, 0.0 ], [ 77.404259422602138, 23.124629479217401, 0.0 ], [ 77.405986174765061, 23.125423606356012, 0.0 ], [ 77.409008974885737, 23.123350153827126, 0.0 ], [ 77.408527468445087, 23.118149457696791, 0.0 ], [ 77.397936369976989, 23.123438193259798, 0.0 ], [ 77.38670677746633, 23.124184672905987, 0.0 ], [ 77.36795236209089, 23.107675520257679, 0.0 ], [ 77.365824131476884, 23.09595540120544, 0.0 ], [ 77.356667195369539, 23.093925894024824, 0.0 ], [ 77.357366483824563, 23.116858331257337, 0.0 ], [ 77.365764407318935, 23.134827599005536, 0.0 ] ] ] } },
{ "type": "Feature", "properties": { "Vill_LGD": "482428", "Villl_name": "Arhedi", "Sub_dist": "HUZUR", "District": "BHOPAL" }, "geometry": { "type": "Polygon", "coordinates": [ [ [ 77.496480367308564, 23.284035101671702, 0.0 ], [ 77.487842826178351, 23.281359193106415, 0.0 ], [ 77.488763831956916, 23.276587032529029, 0.0 ], [ 77.486247204202826, 23.275563288298692, 0.0 ], [ 77.482437328246419, 23.279146744579254, 0.0 ], [ 77.475424478403511, 23.28219979840306, 0.0 ], [ 77.474828856178519, 23.284483031421416, 0.0 ], [ 77.476349342494899, 23.288475568681982, 0.0 ], [ 77.484406447136124, 23.289704645776087, 0.0 ], [ 77.48688573650081, 23.295719629191225, 0.0 ], [ 77.497638069205479, 23.29354281938593, 0.0 ], [ 77.498786158831663, 23.289657159188327, 0.0 ], [ 77.496480367308564, 23.284035101671702, 0.0 ] ] ] } },
{ "type": "Feature", "properties": { "Vill_LGD": "802311", "Villl_name": "BERASIA (M)", "Sub_dist": "BERASIA", "District": "BHOPAL" }, "geometry": { "type": "Polygon", "coordinates": [ [ [ 77.437505840191605, 23.63698461542965, 0.0 ], [ 77.440565311859004, 23.637715858164103, 0.0 ], [ 77.442292190476934, 23.634506685281714, 0.0 ], [ 77.447914010551486, 23.63657344329652, 0.0 ], [ 77.45188529081679, 23.635979845697545, 0.0 ], [ 77.450803873230058, 23.628663762990033, 0.0 ], [ 77.452009158683921, 23.622396116314764, 0.0 ], [ 77.446793123530441, 23.622319960777972, 0.0 ], [ 77.446674934591812, 23.61981578015126, 0.0 ], [ 77.441168973353967, 23.620062286532551, 0.0 ], [ 77.437712448905444, 23.614888955060362, 0.0 ], [ 77.428251640157967, 23.612151344607298, 0.0 ], [ 77.427720196927339, 23.609476346182543, 0.0 ], [ 77.420867859265542, 23.610959860578436, 0.0 ], [ 77.413125500030489, 23.619443798494391, 0.0 ], [ 77.41552822922803, 23.621561608388628, 0.0 ], [ 77.413100528804009, 23.625738993398606, 0.0 ], [ 77.409429202493854, 23.62663638176469, 0.0 ], [ 77.408588686055495, 23.629276282682717, 0.0 ], [ 77.412062032435031, 23.629643556060337, 0.0 ], [ 77.411712252636747, 23.632042051759612, 0.0 ], [ 77.413411187365782, 23.633219884681008, 0.0 ], [ 77.412554581274463, 23.634983065736598, 0.0 ], [ 77.416366476816165, 23.635083003460458, 0.0 ], [ 77.416555386768607, 23.638286157225618, 0.0 ], [ 77.423486056522705, 23.636824057592221, 0.0 ], [ 77.425903792977152, 23.638438203007947, 0.0 ], [ 77.429692299827721, 23.636746583823737, 0.0 ], [ 77.434976471590161, 23.636882848298754, 0.0 ], [ 77.435001822327735, 23.638647213737258, 0.0 ], [ 77.437505840191605, 23.63698461542965, 0.0 ] ] ] } },
{ "type": "Feature", "properties": { "Vill_LGD": "937859", "Villl_name": "Anantpur", "Sub_dist": "HUZUR", "District": "BHOPAL" }, "geometry": { "type": "Polygon", "coordinates": [ [ [ 77.50803093806681, 23.278156446431069, 0.0 ], [ 77.506158450272437, 23.27909217855764, 0.0 ], [ 77.499689421422048, 23.276621705280547, 0.0 ], [ 77.498144294211798, 23.279822158203419, 0.0 ], [ 77.499924769323997, 23.283517101278729, 0.0 ], [ 77.509685537062566, 23.284861914880999, 0.0 ], [ 77.50803093806681, 23.278156446431069, 0.0 ] ] ] } },
{ "type": "Feature", "properties": { "Vill_LGD": "482255", "Villl_name": "Narela Bazyaft\r\n", "Sub_dist": "BERASIA", "District": "BHOPAL" }, "geometry": { "type": "Polygon", "coordinates": [ [ [ 77.435217802532151, 23.61449446608491, 0.0 ], [ 77.435865498579474, 23.608578937118143, 0.0 ], [ 77.43091502873348, 23.607331703191214, 0.0 ], [ 77.43298040197952, 23.602939218013045, 0.0 ], [ 77.431395680280033, 23.599622248966032, 0.0 ], [ 77.433104134039468, 23.596633645523493, 0.0 ], [ 77.434626059715285, 23.596592858706451, 0.0 ], [ 77.439512115728888, 23.58680510655585, 0.0 ], [ 77.437070676924904, 23.584450684729227, 0.0 ], [ 77.429174951083738, 23.584041853641796, 0.0 ], [ 77.419494590761218, 23.590996724322228, 0.0 ], [ 77.424090873337789, 23.598892229952241, 0.0 ], [ 77.42441567053659, 23.603078892087318, 0.0 ], [ 77.42125336699354, 23.606248333366974, 0.0 ], [ 77.419354556732827, 23.611887656467413, 0.0 ], [ 77.427720196927339, 23.609476346182543, 0.0 ], [ 77.428251640157967, 23.612151344607298, 0.0 ], [ 77.434779831681197, 23.613237731761835, 0.0 ], [ 77.435217802532151, 23.61449446608491, 0.0 ] ] ] } },
{ "type": "Feature", "properties": { "Vill_LGD": "945537", "Villl_name": "Amravad khurd", "Sub_dist": "HUZUR", "District": "BHOPAL" }, "geometry": { "type": "Polygon", "coordinates": [ [ [ 77.50860925398139, 23.211365919490657, 0.0 ], [ 77.503457970546108, 23.199852763108225, 0.0 ], [ 77.496615726933001, 23.195220340326422, 0.0 ], [ 77.493768429881001, 23.195213233128463, 0.0 ], [ 77.488274330608562, 23.199761955774981, 0.0 ], [ 77.490770625585526, 23.202156133830343, 0.0 ], [ 77.494982671078205, 23.202510272702526, 0.0 ], [ 77.500823476129653, 23.212651843571617, 0.0 ], [ 77.507955496404392, 23.213234200135659, 0.0 ], [ 77.50860925398139, 23.211365919490657, 0.0 ] ] ] } },
{ "type": "Feature", "properties": { "Vill_LGD": "945538", "Villl_name": "Khajuri Kalan", "Sub_dist": "HUZUR", "District": "BHOPAL" }, "geometry": { "type": "Polygon", "coordinates": [ [ [ 77.534731884127993, 23.237582201533545, 0.0 ], [ 77.535714172812249, 23.230307737098414, 0.0 ], [ 77.529331533035617, 23.222079219319809, 0.0 ], [ 77.517238561162145, 23.21741967782226, 0.0 ], [ 77.50860925398139, 23.211365919490657, 0.0 ], [ 77.507955496404392, 23.213234200135659, 0.0 ], [ 77.504089649131288, 23.212097206537283, 0.0 ], [ 77.511525959152451, 23.217736800586763, 0.0 ], [ 77.525397102633875, 23.222476258346539, 0.0 ], [ 77.522986462004724, 23.225837088247697, 0.0 ], [ 77.527369606339278, 23.231826692883665, 0.0 ], [ 77.526762267952293, 23.234460279450509, 0.0 ], [ 77.529933044531006, 23.238300445478064, 0.0 ], [ 77.534731884127993, 23.237582201533545, 0.0 ] ] ] } },
{ "type": "Feature", "properties": { "Vill_LGD": "945536", "Villl_name": "Laharpur", "Sub_dist": "HUZUR", "District": "BHOPAL" }, "geometry": { "type": "Polygon", "coordinates": [ [ [ 77.49026871644206, 23.197461467841549, 0.0 ], [ 77.487167763528248, 23.192721133180303, 0.0 ], [ 77.486250472088713, 23.190242390820362, 0.0 ], [ 77.484333870588571, 23.195512795690821, 0.0 ], [ 77.488144556350889, 23.200160911593226, 0.0 ], [ 77.49026871644206, 23.197461467841549, 0.0 ] ] ] } },
{ "type": "Feature", "properties": { "Vill_LGD": "482470", "Villl_name": "Neelbad", "Sub_dist": "HUZUR", "District": "BHOPAL" }, "geometry": { "type": "Polygon", "coordinates": [ [ [ 77.256690394705615, 23.320951375369376, 0.0 ], [ 77.260818474393218, 23.301817213453685, 0.0 ], [ 77.249605197970894, 23.302101421705171, 0.0 ], [ 77.243570884913524, 23.304609373808947, 0.0 ], [ 77.238961233711194, 23.307522508610049, 0.0 ], [ 77.23679138510623, 23.31142050083529, 0.0 ], [ 77.236504137092496, 23.321164477216392, 0.0 ], [ 77.240307040764364, 23.321977987856492, 0.0 ], [ 77.24233990481757, 23.320482954714748, 0.0 ], [ 77.247680046704943, 23.322154385796793, 0.0 ], [ 77.256690394705615, 23.320951375369376, 0.0 ] ] ] } },
{ "type": "Feature", "properties": { "Vill_LGD": "945564", "Villl_name": "Pipalner", "Sub_dist": "HUZUR", "District": "BHOPAL" }, "geometry": { "type": "Polygon", "coordinates": [ [ [ 77.316952040613828, 23.297447262376366, 0.0 ], [ 77.324629126881206, 23.305476490047372, 0.0 ], [ 77.327680787927633, 23.310020970011664, 0.0 ], [ 77.328142118384278, 23.310534998974916, 0.0 ], [ 77.328286954523094, 23.310623619404147, 0.0 ], [ 77.328420568681807, 23.310665815768189, 0.0 ], [ 77.338052549198792, 23.301476939171458, 0.0 ], [ 77.335566593540733, 23.298188628253172, 0.0 ], [ 77.335880935409165, 23.295252106109306, 0.0 ], [ 77.334274885942875, 23.296238602863507, 0.0 ], [ 77.330856234532277, 23.290834942805944, 0.0 ], [ 77.316952040613828, 23.297447262376366, 0.0 ] ] ] } },
{ "type": "Feature", "properties": { "Vill_LGD": "945548", "Villl_name": "Badbai", "Sub_dist": "HUZUR", "District": "BHOPAL" }, "geometry": { "type": "Polygon", "coordinates": [ [ [ 77.36531154092367, 23.31857042255923, 0.0 ], [ 77.371654668708132, 23.319708642073081, 0.0 ], [ 77.374411175496505, 23.323874351390693, 0.0 ], [ 77.388205391037516, 23.329254269006427, 0.0 ], [ 77.391039886912836, 23.319848465950699, 0.0 ], [ 77.387844396529886, 23.316445787327034, 0.0 ], [ 77.380412340994624, 23.313223498200738, 0.0 ], [ 77.378503890473098, 23.310073920721987, 0.0 ], [ 77.373328011044904, 23.309318550507989, 0.0 ], [ 77.366936468046731, 23.310772338110738, 0.0 ], [ 77.367418165923112, 23.315275005689099, 0.0 ], [ 77.36531154092367, 23.31857042255923, 0.0 ] ] ] } },
{ "type": "Feature", "properties": { "Vill_LGD": "802312", "Villl_name": "Bhopal", "Sub_dist": "HUZUR", "District": "BHOPAL" }, "geometry": { "type": "Polygon", "coordinates": [ [ [ 77.348434725900489, 23.332016864358362, 0.0 ], [ 77.342467966218308, 23.330990052771995, 0.0 ], [ 77.338810862533791, 23.329928125379386, 0.0 ], [ 77.340433101242141, 23.332680182291483, 0.0 ], [ 77.348434725900489, 23.332016864358362, 0.0 ] ] ] } },
{ "type": "Feature", "properties": { "Vill_LGD": "945544", "Villl_name": "Khejada baramd", "Sub_dist": "HUZUR", "District": "BHOPAL" }, "geometry": { "type": "Polygon", "coordinates": [ [ [ 77.468405153897535, 23.28917619043041, 0.0 ], [ 77.462923349015, 23.293264212837148, 0.0 ], [ 77.458216081481126, 23.292134796033764, 0.0 ], [ 77.462249437776762, 23.295667461046602, 0.0 ], [ 77.462501378063735, 23.298227509005542, 0.0 ], [ 77.461114789180485, 23.303126366765021, 0.0 ], [ 77.454704251513419, 23.310026160211493, 0.0 ], [ 77.466977702086922, 23.309538553873125, 0.0 ], [ 77.463934383153799, 23.299491168699824, 0.0 ], [ 77.464678567566807, 23.296004191014237, 0.0 ], [ 77.468780631982, 23.291177903321341, 0.0 ], [ 77.468405153897535, 23.28917619043041, 0.0 ] ] ] } },
{ "type": "Feature", "properties": { "Vill_LGD": "945750", "Villl_name": "Basai", "Sub_dist": "BERASIA", "District": "BHOPAL" }, "geometry": { "type": "Polygon", "coordinates": [ [ [ 77.437249868396322, 23.612560092137116, 0.0 ], [ 77.439462767225507, 23.614463661308946, 0.0 ], [ 77.438717323862704, 23.616781583409239, 0.0 ], [ 77.441140588072571, 23.620045540711828, 0.0 ], [ 77.446674934591812, 23.61981578015126, 0.0 ], [ 77.446793123530441, 23.622319960777972, 0.0 ], [ 77.452009158683921, 23.622396116314764, 0.0 ], [ 77.450803873230058, 23.628663762990033, 0.0 ], [ 77.45188529081679, 23.635979845697545, 0.0 ], [ 77.447914010551486, 23.63657344329652, 0.0 ], [ 77.442292190476934, 23.634506685281714, 0.0 ], [ 77.440778702278976, 23.638010128968183, 0.0 ], [ 77.451890238832817, 23.638065674697273, 0.0 ], [ 77.463724642823195, 23.642525488905079, 0.0 ], [ 77.466576348688733, 23.63646792721018, 0.0 ], [ 77.466474825126923, 23.632908848034695, 0.0 ], [ 77.458525545277595, 23.631389550164076, 0.0 ], [ 77.458726378386288, 23.62470875405247, 0.0 ], [ 77.455464136428418, 23.624344696319657, 0.0 ], [ 77.453107281164861, 23.620905184855676, 0.0 ], [ 77.452833568740886, 23.599582163433475, 0.0 ], [ 77.44787349665765, 23.599570519965621, 0.0 ], [ 77.437249868396322, 23.612560092137116, 0.0 ] ] ] } },
{ "type": "Feature", "properties": { "Vill_LGD": "945748", "Villl_name": "Ibrahimpura", "Sub_dist": "BERASIA", "District": "BHOPAL" }, "geometry": { "type": "Polygon", "coordinates": [ [ [ 77.428352884696835, 23.643143618624343, 0.0 ], [ 77.428697907044551, 23.637974240344487, 0.0 ], [ 77.427370841207093, 23.637006200734813, 0.0 ], [ 77.425903792977152, 23.638438203007947, 0.0 ], [ 77.423486056522705, 23.636824057592221, 0.0 ], [ 77.416555386768607, 23.638286157225618, 0.0 ], [ 77.414681819654774, 23.640979308430008, 0.0 ], [ 77.420744644275416, 23.64984691932646, 0.0 ], [ 77.420381690666204, 23.643084133204038, 0.0 ], [ 77.42304073913661, 23.645326775318768, 0.0 ], [ 77.423195404322186, 23.64357787106109, 0.0 ], [ 77.426175679175302, 23.644434476415217, 0.0 ], [ 77.428352884696835, 23.643143618624343, 0.0 ] ] ] } },
{ "type": "Feature", "properties": { "Vill_LGD": "802311", "Villl_name": "BERASIA", "Sub_dist": "BERASIA", "District": "BHOPAL" }, "geometry": { "type": "Polygon", "coordinates": [ [ [ 77.441427389531384, 23.638388679127722, 0.0 ], [ 77.437676705796036, 23.636680484438475, 0.0 ], [ 77.435001822327735, 23.638647213737258, 0.0 ], [ 77.434976471590161, 23.636882848298754, 0.0 ], [ 77.427370841207093, 23.637006200734813, 0.0 ], [ 77.428697907044551, 23.637974240344487, 0.0 ], [ 77.428352884696835, 23.643143618624343, 0.0 ], [ 77.438242024642477, 23.646942578071265, 0.0 ], [ 77.439941105894476, 23.646130510913487, 0.0 ], [ 77.441427389531384, 23.638388679127722, 0.0 ] ] ] } },
{ "type": "Feature", "properties": { "Vill_LGD": "945751", "Villl_name": "Sherpura", "Sub_dist": "BERASIA", "District": "BHOPAL" }, "geometry": { "type": "Polygon", "coordinates": [ [ [ 77.437249868396322, 23.612560092137116, 0.0 ], [ 77.435217802532151, 23.61449446608491, 0.0 ], [ 77.438748568686819, 23.61664610536651, 0.0 ], [ 77.439462767225507, 23.614463661308946, 0.0 ], [ 77.437249868396322, 23.612560092137116, 0.0 ] ] ] } }
]
}
