{
"type": "FeatureCollection",
"name": "villages_indore",
"crs": { "type": "name", "properties": { "name": "urn:ogc:def:crs:OGC:1.3:CRS84" } },
"features": [
{ "type": "Feature", "properties": { "Vill_LGD": "476310", "Villl_name": "BERCHHA", "Sub_dist": "BHICHOLI_HAPSI", "District": "INDORE" }, "geometry": { "type": "Polygon", "coordinates": [ [ [ 75.98725264226438, 22.574394691000798, 0.0 ], [ 75.997328500439892, 22.572578848157693, 0.0 ], [ 75.998862196321141, 22.573693927143495, 0.0 ], [ 76.002731812395922, 22.566938323696327, 0.0 ], [ 75.999577448521777, 22.563980861250101, 0.0 ], [ 76.000056138067251, 22.560400052969097, 0.0 ], [ 75.996774870050714, 22.557842093928247, 0.0 ], [ 75.982115892559776, 22.55219488817686, 0.0 ], [ 75.976795568532879, 22.555775321501958, 0.0 ], [ 75.962323687210926, 22.557693167104311, 0.0 ], [ 75.961357625660924, 22.570637434644073, 0.0 ], [ 75.973287940482692, 22.570553537547095, 0.0 ], [ 75.98725264226438, 22.574394691000798, 0.0 ] ] ] } },
{ "type": "Feature", "properties": { "Vill_LGD": "476307", "Villl_name": "TILLOR KHURD", "Sub_dist": "BHICHOLI_HAPSI", "District": "INDORE" }, "geometry": { "type": "Polygon", "coordinates": [ [ [ 75.968853753712892, 22.632613864468645, 0.0 ], [ 75.972817935734454, 22.630044046147731, 0.0 ], [ 75.973598399916099, 22.625508793124112, 0.0 ], [ 75.971778774670923, 22.621631643817551, 0.0 ], [ 75.972978022359982, 22.610260199858992, 0.0 ], [ 75.978451865615213, 22.608535621995106, 0.0 ], [ 75.976774344871473, 22.599691164907419, 0.0 ], [ 75.973454997496177, 22.59596492866541, 0.0 ], [ 75.972665327167547, 22.59022753248945, 0.0 ], [ 75.964666857046538, 22.591060403969742, 0.0 ], [ 75.96127420727538, 22.599277004156193, 0.0 ], [ 75.952767634691412, 22.598640497968354, 0.0 ], [ 75.943231943164932, 22.600597604366538, 0.0 ], [ 75.938681964490755, 22.607472659570359, 0.0 ], [ 75.940461801975346, 22.610085307124319, 0.0 ], [ 75.938610582292768, 22.614506345117537, 0.0 ], [ 75.926180276438501, 22.615953057936579, 0.0 ], [ 75.925460436747699, 22.62181958190645, 0.0 ], [ 75.948011503588987, 22.624505608415369, 0.0 ], [ 75.953633356850261, 22.631910732975939, 0.0 ], [ 75.963980617830245, 22.633156381117143, 0.0 ], [ 75.968853753712892, 22.632613864468645, 0.0 ] ] ] } },
{ "type": "Feature", "properties": { "Vill_LGD": "476305", "Villl_name": "JAMNYA KHURD", "Sub_dist": "BHICHOLI_HAPSI", "District": "INDORE" }, "geometry": { "type": "Polygon", "coordinates": [ [ [ 75.974292382700256, 22.650359592149478, 0.0 ], [ 75.971500875213451, 22.630324821731687, 0.0 ], [ 75.968853753712892, 22.632613864468645, 0.0 ], [ 75.963980617830245, 22.633156381117143, 0.0 ], [ 75.953633356850261, 22.631910732975939, 0.0 ], [ 75.952246944941564, 22.639619944926434, 0.0 ], [ 75.94970042582537, 22.640972667823604, 0.0 ], [ 75.952330795490099, 22.651230770793788, 0.0 ], [ 75.953828973154273, 22.652284538050761, 0.0 ], [ 75.964657542884737, 22.648470103079053, 0.0 ], [ 75.974292382700256, 22.650359592149478, 0.0 ] ] ] } },
{ "type": "Feature", "properties": { "Vill_LGD": "476317", "Villl_name": "RAJDHARA", "Sub_dist": "BHICHOLI_HAPSI", "District": "INDORE" }, "geometry": { "type": "Polygon", "coordinates": [ [ [ 75.985605887839057, 22.640222888284917, 0.0 ], [ 75.983008342806102, 22.626453027075502, 0.0 ], [ 75.97864104176054, 22.624823361782134, 0.0 ], [ 75.973731649082112, 22.62528036528801, 0.0 ], [ 75.972817935734454, 22.630044046147731, 0.0 ], [ 75.971500875213451, 22.630324821731687, 0.0 ], [ 75.97456359121891, 22.650324287010609, 0.0 ], [ 75.982046996926798, 22.645403562302427, 0.0 ], [ 75.985605887839057, 22.640222888284917, 0.0 ] ] ] } },
{ "type": "Feature", "properties": { "Vill_LGD": "476320", "Villl_name": "KEVADIA", "Sub_dist": "BHICHOLI_HAPSI", "District": "INDORE" }, "geometry": { "type": "Polygon", "coordinates": [ [ [ 75.993449367187722, 22.616251436785653, 0.0 ], [ 75.99407778600596, 22.611462359330094, 0.0 ], [ 75.989894693250264, 22.608135872262039, 0.0 ], [ 75.989473529587187, 22.605508946960001, 0.0 ], [ 75.987210661757899, 22.603553029494321, 0.0 ], [ 75.982556435990489, 22.603717212653173, 0.0 ], [ 75.982499329352123, 22.609763423985584, 0.0 ], [ 75.97690746441954, 22.608382804566453, 0.0 ], [ 75.972978022359982, 22.610260199858992, 0.0 ], [ 75.971838261235675, 22.622000459426594, 0.0 ], [ 75.973598399916099, 22.625508793124112, 0.0 ], [ 75.984434465335355, 22.625832399470408, 0.0 ], [ 75.988681285206397, 22.623560824209392, 0.0 ], [ 75.993449367187722, 22.616251436785653, 0.0 ] ] ] } },
{ "type": "Feature", "properties": { "Vill_LGD": "476308", "Villl_name": "KACHAROD", "Sub_dist": "BHICHOLI_HAPSI", "District": "INDORE" }, "geometry": { "type": "Polygon", "coordinates": [ [ [ 75.964125797806034, 22.59152705773565, 0.0 ], [ 75.95887808939915, 22.590073645579366, 0.0 ], [ 75.960367632783033, 22.587451478614813, 0.0 ], [ 75.951090114391121, 22.574818920741532, 0.0 ], [ 75.944380527839414, 22.576632011788643, 0.0 ], [ 75.944209206925407, 22.582142843006071, 0.0 ], [ 75.9386127156437, 22.588810091467675, 0.0 ], [ 75.938618711143732, 22.593999852297696, 0.0 ], [ 75.942964011736521, 22.600803484887052, 0.0 ], [ 75.952767634691412, 22.598640497968354, 0.0 ], [ 75.96127420727538, 22.599277004156193, 0.0 ], [ 75.964125797806034, 22.59152705773565, 0.0 ] ] ] } },
{ "type": "Feature", "properties": { "Vill_LGD": "476309", "Villl_name": "TINCHHA", "Sub_dist": "BHICHOLI_HAPSI", "District": "INDORE" }, "geometry": { "type": "Polygon", "coordinates": [ [ [ 75.972665327167547, 22.59022753248945, 0.0 ], [ 75.973092130037344, 22.58359292259993, 0.0 ], [ 75.978190124909219, 22.577941702272511, 0.0 ], [ 75.97910943063124, 22.572141730145503, 0.0 ], [ 75.973287940482692, 22.570553537547095, 0.0 ], [ 75.955913419097911, 22.570646953136023, 0.0 ], [ 75.950102775315216, 22.568662481753591, 0.0 ], [ 75.948515080680806, 22.575152045897983, 0.0 ], [ 75.951090114391121, 22.574818920741532, 0.0 ], [ 75.95252968764207, 22.577995501155716, 0.0 ], [ 75.956246962898405, 22.580720334386623, 0.0 ], [ 75.960367632783033, 22.587451478614813, 0.0 ], [ 75.95887808939915, 22.590073645579366, 0.0 ], [ 75.964125797806034, 22.59152705773565, 0.0 ], [ 75.965911675139793, 22.590222939313243, 0.0 ], [ 75.972665327167547, 22.59022753248945, 0.0 ] ] ] } },
{ "type": "Feature", "properties": { "Vill_LGD": "476316", "Villl_name": "MUNDLA DOSDAR", "Sub_dist": "BHICHOLI_HAPSI", "District": "INDORE" }, "geometry": { "type": "Polygon", "coordinates": [ [ [ 76.005011637527389, 22.637256761410541, 0.0 ], [ 76.002440027799139, 22.618558693625666, 0.0 ], [ 76.000396210532273, 22.614914100365745, 0.0 ], [ 75.993449367187722, 22.616251436785653, 0.0 ], [ 75.988378491385276, 22.623864094673976, 0.0 ], [ 75.982469029483411, 22.626274978626263, 0.0 ], [ 75.984852425333514, 22.64028959153924, 0.0 ], [ 76.000510425137989, 22.639926994108254, 0.0 ], [ 76.002051126557234, 22.642086354754408, 0.0 ], [ 76.003829772572757, 22.641872204201146, 0.0 ], [ 76.005011637527389, 22.637256761410541, 0.0 ] ] ] } },
{ "type": "Feature", "properties": { "Vill_LGD": "476319", "Villl_name": "CHIKATIYA", "Sub_dist": "BHICHOLI_HAPSI", "District": "INDORE" }, "geometry": { "type": "Polygon", "coordinates": [ [ [ 76.015443921769162, 22.60234102799653, 0.0 ], [ 76.020676357682333, 22.594545913962811, 0.0 ], [ 76.012952626486708, 22.586986365654806, 0.0 ], [ 76.007834406609476, 22.586565201972771, 0.0 ], [ 76.008359676502948, 22.599751568018004, 0.0 ], [ 76.012342892882558, 22.606161836525423, 0.0 ], [ 76.014458825435824, 22.606409906514049, 0.0 ], [ 76.015443921769162, 22.60234102799653, 0.0 ] ] ] } },
{ "type": "Feature", "properties": { "Vill_LGD": "476324", "Villl_name": "GHUDIA", "Sub_dist": "BHICHOLI_HAPSI", "District": "INDORE" }, "geometry": { "type": "Polygon", "coordinates": [ [ [ 76.025894767635506, 22.577217506072255, 0.0 ], [ 76.023800507701637, 22.569925480909543, 0.0 ], [ 76.01143474351143, 22.568172557372908, 0.0 ], [ 76.009888377494747, 22.569434932249532, 0.0 ], [ 76.00981054754223, 22.576062260984916, 0.0 ], [ 76.011766896299306, 22.579522859546515, 0.0 ], [ 76.025894767635506, 22.577217506072255, 0.0 ] ] ] } },
{ "type": "Feature", "properties": { "Vill_LGD": "476321", "Villl_name": "TILLOR BUZURG", "Sub_dist": "BHICHOLI_HAPSI", "District": "INDORE" }, "geometry": { "type": "Polygon", "coordinates": [ [ [ 75.993449367187722, 22.616251436785653, 0.0 ], [ 76.014044043061233, 22.613661189465876, 0.0 ], [ 76.013873478532588, 22.606417044812677, 0.0 ], [ 76.008752287264542, 22.600993646664907, 0.0 ], [ 76.009152036163115, 22.596646371645878, 0.0 ], [ 76.007081904737078, 22.59018613421328, 0.0 ], [ 76.007910328123842, 22.586147626032275, 0.0 ], [ 76.005319601698176, 22.583492784288278, 0.0 ], [ 75.997122335918277, 22.584173642069921, 0.0 ], [ 75.996119575740494, 22.588329118285486, 0.0 ], [ 75.973322522735316, 22.59218019730028, 0.0 ], [ 75.973454997496177, 22.59596492866541, 0.0 ], [ 75.976774344871473, 22.599691164907419, 0.0 ], [ 75.97822343688739, 22.609035308710798, 0.0 ], [ 75.982499329352123, 22.609763423985584, 0.0 ], [ 75.982135270619011, 22.60405271773832, 0.0 ], [ 75.987210661757899, 22.603553029494321, 0.0 ], [ 75.99087978984744, 22.609327982042483, 0.0 ], [ 75.99407778600596, 22.611462359330094, 0.0 ], [ 75.993449367187722, 22.616251436785653, 0.0 ] ] ] } },
{ "type": "Feature", "properties": { "Vill_LGD": "476322", "Villl_name": "MUHADI", "Sub_dist": "BHICHOLI_HAPSI", "District": "INDORE" }, "geometry": { "type": "Polygon", "coordinates": [ [ [ 76.011766896299306, 22.579522859546515, 0.0 ], [ 76.00981054754223, 22.576062260984916, 0.0 ], [ 76.009697856663834, 22.568966046706741, 0.0 ], [ 76.006253488352172, 22.568452310133782, 0.0 ], [ 76.005258347730788, 22.566869846130118, 0.0 ], [ 76.002731812395922, 22.566938323696327, 0.0 ], [ 75.998862196321141, 22.573693927143495, 0.0 ], [ 75.997328500439892, 22.572578848157693, 0.0 ], [ 75.993497418190287, 22.573314960053992, 0.0 ], [ 75.994305722790671, 22.585192341596574, 0.0 ], [ 76.005319601698176, 22.583492784288278, 0.0 ], [ 76.007910328123842, 22.586147626032275, 0.0 ], [ 76.006860015912508, 22.580654621399159, 0.0 ], [ 76.011766896299306, 22.579522859546515, 0.0 ] ] ] } },
{ "type": "Feature", "properties": { "Vill_LGD": "476261", "Villl_name": "ASRAWAD KHURD", "Sub_dist": "BHICHOLI_HAPSI", "District": "INDORE" }, "geometry": { "type": "Polygon", "coordinates": [ [ [ 75.924606650930485, 22.629575780980392, 0.0 ], [ 75.923650820734252, 22.622566420036762, 0.0 ], [ 75.925575145392415, 22.621089592170954, 0.0 ], [ 75.919039514672164, 22.615498580627655, 0.0 ], [ 75.918763496863377, 22.608569590000727, 0.0 ], [ 75.916660053380554, 22.606542289328441, 0.0 ], [ 75.912253291990609, 22.608810709127642, 0.0 ], [ 75.904524802705694, 22.607687603031017, 0.0 ], [ 75.901441021265256, 22.608991547648365, 0.0 ], [ 75.901127337982658, 22.61339895098617, 0.0 ], [ 75.887083101654625, 22.618803222233758, 0.0 ], [ 75.886719998791008, 22.626476271275514, 0.0 ], [ 75.890117449152243, 22.636349844449406, 0.0 ], [ 75.924606650930485, 22.629575780980392, 0.0 ] ] ] } },
{ "type": "Feature", "properties": { "Vill_LGD": "476306", "Villl_name": "BIHDIA", "Sub_dist": "BHICHOLI_HAPSI", "District": "INDORE" }, "geometry": { "type": "Polygon", "coordinates": [ [ [ 75.923736950611499, 22.643174836210068, 0.0 ], [ 75.950885892779226, 22.640695461239982, 0.0 ], [ 75.952808496828766, 22.637763965237564, 0.0 ], [ 75.953560407002314, 22.63143459838685, 0.0 ], [ 75.952085141610013, 22.631253760295994, 0.0 ], [ 75.951076249868493, 22.627313371381291, 0.0 ], [ 75.948573056678143, 22.626494837353459, 0.0 ], [ 75.948011503588987, 22.624505608415369, 0.0 ], [ 75.923898284222957, 22.62194776010017, 0.0 ], [ 75.925097531986395, 22.633216886467277, 0.0 ], [ 75.922651375613341, 22.642188364422296, 0.0 ], [ 75.923736950611499, 22.643174836210068, 0.0 ] ] ] } },
{ "type": "Feature", "properties": { "Vill_LGD": "476257", "Villl_name": "MOROD", "Sub_dist": "BHICHOLI_HAPSI", "District": "INDORE" }, "geometry": { "type": "Polygon", "coordinates": [ [ [ 75.886719998791008, 22.626476271275514, 0.0 ], [ 75.887557272395313, 22.615690372012114, 0.0 ], [ 75.884390463609606, 22.612770129236839, 0.0 ], [ 75.879726576243826, 22.613431983006116, 0.0 ], [ 75.872856385733229, 22.608403638252543, 0.0 ], [ 75.866330361623056, 22.606493116698925, 0.0 ], [ 75.856616602941344, 22.607216737334085, 0.0 ], [ 75.856064212793768, 22.6139795401416, 0.0 ], [ 75.860028990377671, 22.619764603310824, 0.0 ], [ 75.860495633837289, 22.630454510235751, 0.0 ], [ 75.877887440321089, 22.629088918790462, 0.0 ], [ 75.886719998791008, 22.626476271275514, 0.0 ] ] ] } },
{ "type": "Feature", "properties": { "Vill_LGD": "476258", "Villl_name": "UMRI KHEDA", "Sub_dist": "BHICHOLI_HAPSI", "District": "INDORE" }, "geometry": { "type": "Polygon", "coordinates": [ [ [ 75.901127337982658, 22.61339895098617, 0.0 ], [ 75.900022862481833, 22.605013089380229, 0.0 ], [ 75.894758304676685, 22.599439201595203, 0.0 ], [ 75.895799318785606, 22.596488669888092, 0.0 ], [ 75.883616478248598, 22.598005576097773, 0.0 ], [ 75.880219797472492, 22.600777649333338, 0.0 ], [ 75.881120830453639, 22.61069873915778, 0.0 ], [ 75.887557272395313, 22.615690372012114, 0.0 ], [ 75.887083101654625, 22.618803222233758, 0.0 ], [ 75.901127337982658, 22.61339895098617, 0.0 ] ] ] } },
{ "type": "Feature", "properties": { "Vill_LGD": "476260", "Villl_name": "MIRJAPUR", "Sub_dist": "BHICHOLI_HAPSI", "District": "INDORE" }, "geometry": { "type": "Polygon", "coordinates": [ [ [ 75.922673522277179, 22.642503208042239, 0.0 ], [ 75.92489714065492, 22.636356502252625, 0.0 ], [ 75.924606650930485, 22.629575780980392, 0.0 ], [ 75.890117449152243, 22.636349844449406, 0.0 ], [ 75.890733049134298, 22.641715860148015, 0.0 ], [ 75.898034076292447, 22.64248707276289, 0.0 ], [ 75.904522865967152, 22.64057398496066, 0.0 ], [ 75.913955945687675, 22.642693561415211, 0.0 ], [ 75.922673522277179, 22.642503208042239, 0.0 ] ] ] } },
{ "type": "Feature", "properties": { "Vill_LGD": "476298", "Villl_name": "BADIA KEEMA", "Sub_dist": "BHICHOLI_HAPSI", "District": "INDORE" }, "geometry": { "type": "Polygon", "coordinates": [ [ [ 75.968695515305257, 22.668789223692485, 0.0 ], [ 75.958533782473779, 22.667698029819594, 0.0 ], [ 75.953131326039369, 22.665190851347422, 0.0 ], [ 75.951809620038887, 22.669674431954768, 0.0 ], [ 75.954243501602164, 22.675336757870188, 0.0 ], [ 75.953446382335244, 22.683605385033694, 0.0 ], [ 75.950359032025105, 22.685550594984068, 0.0 ], [ 75.94097689650323, 22.687107476068171, 0.0 ], [ 75.940577146868108, 22.695426071688239, 0.0 ], [ 75.943365875055733, 22.70467018526697, 0.0 ], [ 75.956933944760422, 22.705611099044269, 0.0 ], [ 75.964576578132181, 22.707893435710858, 0.0 ], [ 75.967620588560393, 22.690423011995438, 0.0 ], [ 75.968695515305257, 22.668789223692485, 0.0 ] ] ] } },
{ "type": "Feature", "properties": { "Vill_LGD": "476303", "Villl_name": "SANAWADIA", "Sub_dist": "BHICHOLI_HAPSI", "District": "INDORE" }, "geometry": { "type": "Polygon", "coordinates": [ [ [ 75.933004827978422, 22.673040148644368, 0.0 ], [ 75.952556671030408, 22.669730613728007, 0.0 ], [ 75.952326229421743, 22.651200550895457, 0.0 ], [ 75.949627135791559, 22.640242942730509, 0.0 ], [ 75.923736950611499, 22.643174836210068, 0.0 ], [ 75.923121481305088, 22.644482879455442, 0.0 ], [ 75.924280813356006, 22.659172187320078, 0.0 ], [ 75.92951562687611, 22.668273625662192, 0.0 ], [ 75.929746412311104, 22.671475782751198, 0.0 ], [ 75.933004827978422, 22.673040148644368, 0.0 ] ] ] } },
{ "type": "Feature", "properties": { "Vill_LGD": "476299", "Villl_name": "MALI KHEDI", "Sub_dist": "BHICHOLI_HAPSI", "District": "INDORE" }, "geometry": { "type": "Polygon", "coordinates": [ [ [ 75.969995823650279, 22.710971456348268, 0.0 ], [ 75.974946041329531, 22.694275324939607, 0.0 ], [ 75.973847047738133, 22.671692165030962, 0.0 ], [ 75.968695515305257, 22.668789223692485, 0.0 ], [ 75.967620588560393, 22.690423011995438, 0.0 ], [ 75.964576578132181, 22.707893435710858, 0.0 ], [ 75.969995823650279, 22.710971456348268, 0.0 ] ] ] } },
{ "type": "Feature", "properties": { "Vill_LGD": "476304", "Villl_name": "UMARIA KHURD", "Sub_dist": "BHICHOLI_HAPSI", "District": "INDORE" }, "geometry": { "type": "Polygon", "coordinates": [ [ [ 75.974308379291529, 22.65036962146592, 0.0 ], [ 75.964657542884737, 22.648470103079053, 0.0 ], [ 75.953828973154273, 22.652284538050761, 0.0 ], [ 75.952326229421743, 22.651200550895457, 0.0 ], [ 75.953131326039369, 22.665190851347422, 0.0 ], [ 75.958533782473779, 22.667698029819594, 0.0 ], [ 75.967885457133889, 22.668220383042573, 0.0 ], [ 75.973792376018821, 22.671607120281926, 0.0 ], [ 75.975866892973031, 22.655888272918684, 0.0 ], [ 75.974308379291529, 22.65036962146592, 0.0 ] ] ] } },
{ "type": "Feature", "properties": { "Vill_LGD": "476300", "Villl_name": "DEOGURADIA", "Sub_dist": "BHICHOLI_HAPSI", "District": "INDORE" }, "geometry": { "type": "Polygon", "coordinates": [ [ [ 75.915662644463936, 22.685777835778222, 0.0 ], [ 75.942651228128085, 22.686765634238572, 0.0 ], [ 75.939945072455899, 22.672816509278313, 0.0 ], [ 75.933004827978422, 22.673040148644368, 0.0 ], [ 75.929371948658584, 22.671434586376186, 0.0 ], [ 75.929259914124017, 22.672988359523391, 0.0 ], [ 75.92173128619784, 22.676320683452747, 0.0 ], [ 75.921842877042749, 22.67992351381347, 0.0 ], [ 75.915064209671556, 22.683283447569313, 0.0 ], [ 75.915662644463936, 22.685777835778222, 0.0 ] ] ] } },
{ "type": "Feature", "properties": { "Vill_LGD": "NA", "Villl_name": "RF", "Sub_dist": "BHICHOLI_HAPSI", "District": "INDORE" }, "geometry": { "type": "Polygon", "coordinates": [ [ [ 75.99621760271863, 22.585673476422752, 0.0 ], [ 75.994305722790671, 22.585192341596574, 0.0 ], [ 75.993497418190287, 22.573314960053992, 0.0 ], [ 75.98725264226438, 22.574394691000798, 0.0 ], [ 75.978964845593396, 22.5724572095796, 0.0 ], [ 75.978190124909219, 22.577941702272511, 0.0 ], [ 75.973092130037344, 22.58359292259993, 0.0 ], [ 75.972710226026052, 22.590896676839794, 0.0 ], [ 75.974121680176324, 22.592170920865989, 0.0 ], [ 75.996119575740494, 22.588329118285486, 0.0 ], [ 75.99621760271863, 22.585673476422752, 0.0 ] ] ] } },
{ "type": "Feature", "properties": { "Vill_LGD": "476302", "Villl_name": "DUDHIYA", "Sub_dist": "BHICHOLI_HAPSI", "District": "INDORE" }, "geometry": { "type": "Polygon", "coordinates": [ [ [ 75.951809620038887, 22.669674431954768, 0.0 ], [ 75.939945072455899, 22.672816509278313, 0.0 ], [ 75.942651228128085, 22.686765634238572, 0.0 ], [ 75.953446382335244, 22.683605385033694, 0.0 ], [ 75.954243501602164, 22.675336757870188, 0.0 ], [ 75.951809620038887, 22.669674431954768, 0.0 ] ] ] } },
{ "type": "Feature", "properties": { "Vill_LGD": "475987", "Villl_name": "CHATWADA", "Sub_dist": "DEPALPUR", "District": "INDORE" }, "geometry": { "type": "Polygon", "coordinates": [ [ [ 75.6049330518901, 22.799153546107739, 0.0 ], [ 75.601866943349819, 22.795875729226289, 0.0 ], [ 75.603042396718465, 22.793391571453419, 0.0 ], [ 75.603994181022941, 22.794695516922463, 0.0 ], [ 75.604950723592125, 22.793110796030344, 0.0 ], [ 75.602737825790072, 22.79042676422559, 0.0 ], [ 75.603232753902688, 22.785625010939448, 0.0 ], [ 75.604446278420028, 22.78523002070057, 0.0 ], [ 75.602357112049475, 22.784573288775874, 0.0 ], [ 75.603760993475802, 22.780680490595909, 0.0 ], [ 75.60019656135249, 22.779295644483035, 0.0 ], [ 75.59965880239227, 22.777315933131668, 0.0 ], [ 75.566710054080417, 22.773388373667775, 0.0 ], [ 75.566547050503857, 22.779239292399112, 0.0 ], [ 75.570198502007656, 22.781351065679754, 0.0 ], [ 75.572711916661873, 22.790708627421942, 0.0 ], [ 75.582542348959606, 22.796222932351313, 0.0 ], [ 75.6049330518901, 22.799153546107739, 0.0 ] ] ] } },
{ "type": "Feature", "properties": { "Vill_LGD": "476001", "Villl_name": "AGRADI", "Sub_dist": "HATOD", "District": "INDORE" }, "geometry": { "type": "Polygon", "coordinates": [ [ [ 75.5983465737053, 22.777266167714092, 0.0 ], [ 75.597779028706512, 22.774360642861225, 0.0 ], [ 75.599549348175387, 22.7747270791597, 0.0 ], [ 75.599497000597054, 22.773223260038744, 0.0 ], [ 75.60112455068851, 22.772852065112872, 0.0 ], [ 75.599915785236306, 22.7704773619019, 0.0 ], [ 75.59702123365409, 22.769431874381599, 0.0 ], [ 75.566458624288359, 22.769473489338882, 0.0 ], [ 75.566710054080417, 22.773388373667775, 0.0 ], [ 75.5983465737053, 22.777266167714092, 0.0 ] ] ] } },
{ "type": "Feature", "properties": { "Vill_LGD": "476037", "Villl_name": "AURANGPURA", "Sub_dist": "DEPALPUR", "District": "INDORE" }, "geometry": { "type": "Polygon", "coordinates": [ [ [ 75.714630611595368, 22.726110728827305, 0.0 ], [ 75.71693309020705, 22.722700620559277, 0.0 ], [ 75.72036665293443, 22.724984902680482, 0.0 ], [ 75.72512795344015, 22.722272317399767, 0.0 ], [ 75.723777678129736, 22.712036067804199, 0.0 ], [ 75.715144993549586, 22.709380589151348, 0.0 ], [ 75.715525707209181, 22.704402756400459, 0.0 ], [ 75.713289014035325, 22.704250470444162, 0.0 ], [ 75.711400260817626, 22.69815649445033, 0.0 ], [ 75.702037732195066, 22.696540818601065, 0.0 ], [ 75.700029466893, 22.694075697751828, 0.0 ], [ 75.695588663382523, 22.694254886877484, 0.0 ], [ 75.693628594743487, 22.70742780850243, 0.0 ], [ 75.700213938883806, 22.707957806611653, 0.0 ], [ 75.70283415353228, 22.724245901628677, 0.0 ], [ 75.705721946863335, 22.723962537129943, 0.0 ], [ 75.705192516843724, 22.725295035261986, 0.0 ], [ 75.708279867981773, 22.726681070699623, 0.0 ], [ 75.707934845839645, 22.728126594606877, 0.0 ], [ 75.710474919683833, 22.725592467173936, 0.0 ], [ 75.711040042098531, 22.727049887491376, 0.0 ], [ 75.713901344495781, 22.724759656243144, 0.0 ], [ 75.714630611595368, 22.726110728827305, 0.0 ] ] ] } },
{ "type": "Feature", "properties": { "Vill_LGD": "476040", "Villl_name": "GALONDA", "Sub_dist": "DEPALPUR", "District": "INDORE" }, "geometry": { "type": "Polygon", "coordinates": [ [ [ 75.714733896891133, 22.686622551637736, 0.0 ], [ 75.716128260441366, 22.675058371587017, 0.0 ], [ 75.71887916096712, 22.67452069123863, 0.0 ], [ 75.70859394141408, 22.672105538629413, 0.0 ], [ 75.707253287807205, 22.661407964905553, 0.0 ], [ 75.695928752402878, 22.661183392967622, 0.0 ], [ 75.698531872196753, 22.678765351884017, 0.0 ], [ 75.702856267762542, 22.679586167836487, 0.0 ], [ 75.706287449887299, 22.683645529163861, 0.0 ], [ 75.711750692251272, 22.684088108047909, 0.0 ], [ 75.712007673967719, 22.685944088493599, 0.0 ], [ 75.714733896891133, 22.686622551637736, 0.0 ] ] ] } },
{ "type": "Feature", "properties": { "Vill_LGD": "476039", "Villl_name": "MURADPURA", "Sub_dist": "DEPALPUR", "District": "INDORE" }, "geometry": { "type": "Polygon", "coordinates": [ [ [ 75.726561957626672, 22.708517496383301, 0.0 ], [ 75.723691615600714, 22.7069826479865, 0.0 ], [ 75.725212092654914, 22.702942323846852, 0.0 ], [ 75.713267224072041, 22.70090642433475, 0.0 ], [ 75.713289014035325, 22.704250470444162, 0.0 ], [ 75.715525707209181, 22.704402756400459, 0.0 ], [ 75.715144993549586, 22.709380589151348, 0.0 ], [ 75.716696401599719, 22.71068453370679, 0.0 ], [ 75.722340483551974, 22.711017658132164, 0.0 ], [ 75.723954449063655, 22.712744610651317, 0.0 ], [ 75.726561957626672, 22.708517496383301, 0.0 ] ] ] } },
{ "type": "Feature", "properties": { "Vill_LGD": "476041", "Villl_name": "PIPLIYA JHAGDU", "Sub_dist": "DEPALPUR", "District": "INDORE" }, "geometry": { "type": "Polygon", "coordinates": [ [ [ 75.696355579375094, 22.694094732986123, 0.0 ], [ 75.713306220981693, 22.697658493073391, 0.0 ], [ 75.714529264178637, 22.693622926406455, 0.0 ], [ 75.716194886014833, 22.693418293439493, 0.0 ], [ 75.716432831824534, 22.688373835959549, 0.0 ], [ 75.712007673967719, 22.685944088493599, 0.0 ], [ 75.711750692251272, 22.684088108047909, 0.0 ], [ 75.7083718585382, 22.684654419945186, 0.0 ], [ 75.703398784534528, 22.681456423994604, 0.0 ], [ 75.702856267762542, 22.679586167836487, 0.0 ], [ 75.698531872196753, 22.678765351884017, 0.0 ], [ 75.69705413257131, 22.685362503842956, 0.0 ], [ 75.698497094322235, 22.686518529056251, 0.0 ], [ 75.696355579375094, 22.694094732986123, 0.0 ] ] ] } },
{ "type": "Feature", "properties": { "Vill_LGD": "476033", "Villl_name": "BORSI", "Sub_dist": "DEPALPUR", "District": "INDORE" }, "geometry": { "type": "Polygon", "coordinates": [ [ [ 75.718409545506276, 22.743892020324544, 0.0 ], [ 75.714454882414472, 22.738438295287509, 0.0 ], [ 75.714264212086206, 22.724741809716605, 0.0 ], [ 75.711254194470513, 22.727055836104224, 0.0 ], [ 75.710474919683833, 22.725592467173936, 0.0 ], [ 75.707934845839645, 22.728126594606877, 0.0 ], [ 75.708279867981773, 22.726681070699623, 0.0 ], [ 75.705192516843724, 22.725295035261986, 0.0 ], [ 75.705721946863335, 22.723962537129943, 0.0 ], [ 75.701688761313846, 22.725253394018385, 0.0 ], [ 75.701046306568813, 22.724224277693185, 0.0 ], [ 75.69329878031877, 22.729925466098081, 0.0 ], [ 75.678943587424271, 22.732738118106049, 0.0 ], [ 75.679355545757218, 22.735865223273702, 0.0 ], [ 75.692745044374661, 22.737744075732216, 0.0 ], [ 75.694673113371877, 22.747422059817605, 0.0 ], [ 75.700554393345726, 22.749345644754435, 0.0 ], [ 75.708427509968672, 22.748996821129165, 0.0 ], [ 75.712099215042215, 22.744641550608065, 0.0 ], [ 75.716310861121542, 22.745341111923626, 0.0 ], [ 75.718409545506276, 22.743892020324544, 0.0 ] ] ] } },
{ "type": "Feature", "properties": { "Vill_LGD": "476032", "Villl_name": "BORIYA", "Sub_dist": "DEPALPUR", "District": "INDORE" }, "geometry": { "type": "Polygon", "coordinates": [ [ [ 75.70283415353228, 22.724245901628677, 0.0 ], [ 75.700114001532143, 22.707857869276367, 0.0 ], [ 75.686727153887247, 22.70813388591213, 0.0 ], [ 75.682896222379341, 22.709085671789399, 0.0 ], [ 75.68307706154161, 22.710408651143588, 0.0 ], [ 75.679545481022416, 22.706868275419779, 0.0 ], [ 75.675719307720954, 22.707277542019135, 0.0 ], [ 75.676956626844529, 22.712141160737399, 0.0 ], [ 75.673120936080522, 22.7169000818966, 0.0 ], [ 75.669056815611299, 22.718023187795534, 0.0 ], [ 75.668605640753057, 22.731336981068207, 0.0 ], [ 75.678943587424271, 22.732738118106049, 0.0 ], [ 75.686878994716281, 22.731624401604105, 0.0 ], [ 75.694345743761517, 22.729487645353917, 0.0 ], [ 75.70283415353228, 22.724245901628677, 0.0 ] ] ] } },
{ "type": "Feature", "properties": { "Vill_LGD": "476038", "Villl_name": "RAJPURA", "Sub_dist": "DEPALPUR", "District": "INDORE" }, "geometry": { "type": "Polygon", "coordinates": [ [ [ 75.693628594743487, 22.70742780850243, 0.0 ], [ 75.695198432624593, 22.694702224663647, 0.0 ], [ 75.698497094322235, 22.686518529056251, 0.0 ], [ 75.690590938844181, 22.683097458614316, 0.0 ], [ 75.68853508319232, 22.684054002325354, 0.0 ], [ 75.679940470145922, 22.682576356980643, 0.0 ], [ 75.678291505405511, 22.686238348397303, 0.0 ], [ 75.676785306022367, 22.704136653185106, 0.0 ], [ 75.682934292648284, 22.710403892320151, 0.0 ], [ 75.683890835955353, 22.708614537619773, 0.0 ], [ 75.693628594743487, 22.70742780850243, 0.0 ] ] ] } },
{ "type": "Feature", "properties": { "Vill_LGD": "476036", "Villl_name": "ROLAI", "Sub_dist": "DEPALPUR", "District": "INDORE" }, "geometry": { "type": "Polygon", "coordinates": [ [ [ 75.668389309864665, 22.732692598790194, 0.0 ], [ 75.669056815611299, 22.718023187795534, 0.0 ], [ 75.64806452494372, 22.710276835792673, 0.0 ], [ 75.645076728965648, 22.709957840263169, 0.0 ], [ 75.643218439237259, 22.714706533470636, 0.0 ], [ 75.634687433554632, 22.725125861462562, 0.0 ], [ 75.6343994499926, 22.730856565211823, 0.0 ], [ 75.654683610494018, 22.732885662141594, 0.0 ], [ 75.658368808127733, 22.735310670710575, 0.0 ], [ 75.668389309864665, 22.732692598790194, 0.0 ] ] ] } },
{ "type": "Feature", "properties": { "Vill_LGD": "476045", "Villl_name": "MACHAL", "Sub_dist": "DEPALPUR", "District": "INDORE" }, "geometry": { "type": "Polygon", "coordinates": [ [ [ 75.69705413257131, 22.685362503842956, 0.0 ], [ 75.698678726445536, 22.676023322064339, 0.0 ], [ 75.695973278851071, 22.66702182029492, 0.0 ], [ 75.695941637119688, 22.661200963280415, 0.0 ], [ 75.67920411546649, 22.659155123140629, 0.0 ], [ 75.680680626124399, 22.653442778580601, 0.0 ], [ 75.677327531362963, 22.654274336267257, 0.0 ], [ 75.677874260438244, 22.6670286082005, 0.0 ], [ 75.674373339500193, 22.666344105818062, 0.0 ], [ 75.668961550499745, 22.668255077021247, 0.0 ], [ 75.667192219421338, 22.676965929314129, 0.0 ], [ 75.679555897610811, 22.682876510556351, 0.0 ], [ 75.690590938844181, 22.683097458614316, 0.0 ], [ 75.69705413257131, 22.685362503842956, 0.0 ] ] ] } },
{ "type": "Feature", "properties": { "Vill_LGD": "476046", "Villl_name": "MOHNA", "Sub_dist": "DEPALPUR", "District": "INDORE" }, "geometry": { "type": "Polygon", "coordinates": [ [ [ 75.679545481022416, 22.706868275419779, 0.0 ], [ 75.676785306022367, 22.704136653185106, 0.0 ], [ 75.679713444103569, 22.682907003245777, 0.0 ], [ 75.667192219421338, 22.676965929314129, 0.0 ], [ 75.667456338704341, 22.674890324704577, 0.0 ], [ 75.653091784082818, 22.686623601708146, 0.0 ], [ 75.653338699329169, 22.698330097926444, 0.0 ], [ 75.676794823991528, 22.707115739116965, 0.0 ], [ 75.679545481022416, 22.706868275419779, 0.0 ] ] ] } },
{ "type": "Feature", "properties": { "Vill_LGD": "476035", "Villl_name": "LALENDIPURA", "Sub_dist": "DEPALPUR", "District": "INDORE" }, "geometry": { "type": "Polygon", "coordinates": [ [ [ 75.676794823991528, 22.707115739116965, 0.0 ], [ 75.657056607076242, 22.699103423099938, 0.0 ], [ 75.654076331639217, 22.699168857864432, 0.0 ], [ 75.653120878307789, 22.694978969259399, 0.0 ], [ 75.645451084252286, 22.697485687029317, 0.0 ], [ 75.646062504104847, 22.710016750110157, 0.0 ], [ 75.666153188563641, 22.717491362025129, 0.0 ], [ 75.673120936080522, 22.7169000818966, 0.0 ], [ 75.676956626844529, 22.712141160737399, 0.0 ], [ 75.675576540354342, 22.710551679497151, 0.0 ], [ 75.675509914388783, 22.707477417091507, 0.0 ], [ 75.676794823991528, 22.707115739116965, 0.0 ] ] ] } },
{ "type": "Feature", "properties": { "Vill_LGD": "476034", "Villl_name": "RAMPURIA", "Sub_dist": "DEPALPUR", "District": "INDORE" }, "geometry": { "type": "Polygon", "coordinates": [ [ [ 75.657256901711037, 22.74422789207863, 0.0 ], [ 75.658368808127733, 22.735310670710575, 0.0 ], [ 75.657170147066694, 22.733569757674644, 0.0 ], [ 75.635938472920756, 22.731030398903322, 0.0 ], [ 75.637482561406159, 22.735689982491021, 0.0 ], [ 75.647602123636574, 22.741587108439855, 0.0 ], [ 75.657256901711037, 22.74422789207863, 0.0 ] ] ] } },
{ "type": "Feature", "properties": { "Vill_LGD": "476027", "Villl_name": "SALAMPUR", "Sub_dist": "DEPALPUR", "District": "INDORE" }, "geometry": { "type": "Polygon", "coordinates": [ [ [ 75.597415533041925, 22.680475948729629, 0.0 ], [ 75.597604145384238, 22.677543976231611, 0.0 ], [ 75.601520738139342, 22.678034145073578, 0.0 ], [ 75.606431945199205, 22.675435773136567, 0.0 ], [ 75.613218559664318, 22.676706587462498, 0.0 ], [ 75.615402904788354, 22.68028529713774, 0.0 ], [ 75.621632334428966, 22.678614914280374, 0.0 ], [ 75.624777980477702, 22.679576216833283, 0.0 ], [ 75.635374598035213, 22.678221732774865, 0.0 ], [ 75.633892339603563, 22.670640898290014, 0.0 ], [ 75.641888747340843, 22.655516514947799, 0.0 ], [ 75.638610710849647, 22.654100215597104, 0.0 ], [ 75.633282125362868, 22.654861770569795, 0.0 ], [ 75.622291529022846, 22.660147894472104, 0.0 ], [ 75.610887961285826, 22.661914645674049, 0.0 ], [ 75.609831047796433, 22.665814584109842, 0.0 ], [ 75.606966790880534, 22.666502895465573, 0.0 ], [ 75.606985826153249, 22.668139964594303, 0.0 ], [ 75.597720205651285, 22.668606339277957, 0.0 ], [ 75.597748758413445, 22.670557497565579, 0.0 ], [ 75.595183700218683, 22.671138086208888, 0.0 ], [ 75.594974306949425, 22.673845912911961, 0.0 ], [ 75.592552016559253, 22.675444909494228, 0.0 ], [ 75.593180193785031, 22.677343719886402, 0.0 ], [ 75.591386080732619, 22.676910658175029, 0.0 ], [ 75.590719831286791, 22.678952236309925, 0.0 ], [ 75.588245191871579, 22.67973745823457, 0.0 ], [ 75.590567444197248, 22.680954218926992, 0.0 ], [ 75.591918977799352, 22.679136311168158, 0.0 ], [ 75.593594118321619, 22.679483711670635, 0.0 ], [ 75.594826679292638, 22.682167744178287, 0.0 ], [ 75.597415533041925, 22.680475948729629, 0.0 ] ] ] } },
{ "type": "Feature", "properties": { "Vill_LGD": "476008", "Villl_name": "SANAWDA", "Sub_dist": "DEPALPUR", "District": "INDORE" }, "geometry": { "type": "Polygon", "coordinates": [ [ [ 75.630741729855359, 22.735051688399285, 0.0 ], [ 75.6343994499926, 22.730856565211823, 0.0 ], [ 75.634687433554632, 22.725125861462562, 0.0 ], [ 75.618375533678289, 22.724888443736138, 0.0 ], [ 75.614888374451667, 22.711256162093338, 0.0 ], [ 75.606689127755729, 22.711290617027942, 0.0 ], [ 75.600521564814386, 22.721750728611717, 0.0 ], [ 75.592476607470729, 22.725845780012222, 0.0 ], [ 75.592536331193003, 22.7299250157578, 0.0 ], [ 75.599109613317466, 22.730573541398535, 0.0 ], [ 75.619993109796042, 22.742184123051324, 0.0 ], [ 75.621149528265676, 22.742348305607642, 0.0 ], [ 75.622777079156918, 22.738572100997494, 0.0 ], [ 75.630741729855359, 22.735051688399285, 0.0 ] ] ] } },
{ "type": "Feature", "properties": { "Vill_LGD": "476029", "Villl_name": "KHATEDIYA SARANG", "Sub_dist": "DEPALPUR", "District": "INDORE" }, "geometry": { "type": "Polygon", "coordinates": [ [ [ 75.634687433554632, 22.725125861462562, 0.0 ], [ 75.643218439237259, 22.714706533470636, 0.0 ], [ 75.645076728965648, 22.709957840263169, 0.0 ], [ 75.614888374451667, 22.711256162093338, 0.0 ], [ 75.618375533678289, 22.724888443736138, 0.0 ], [ 75.634687433554632, 22.725125861462562, 0.0 ] ] ] } },
{ "type": "Feature", "properties": { "Vill_LGD": "476028", "Villl_name": "KALASURA", "Sub_dist": "DEPALPUR", "District": "INDORE" }, "geometry": { "type": "Polygon", "coordinates": [ [ [ 75.645076728965648, 22.709957840263169, 0.0 ], [ 75.646535745780184, 22.706626140298496, 0.0 ], [ 75.645451084252286, 22.697485687029317, 0.0 ], [ 75.638680544727023, 22.695725690539032, 0.0 ], [ 75.629429200628451, 22.697186679778621, 0.0 ], [ 75.627906346590038, 22.699175908618219, 0.0 ], [ 75.622029076910394, 22.697838651675514, 0.0 ], [ 75.623312806478822, 22.710136375190267, 0.0 ], [ 75.645076728965648, 22.709957840263169, 0.0 ] ] ] } },
{ "type": "Feature", "properties": { "Vill_LGD": "476042", "Villl_name": "BIJEPUR", "Sub_dist": "DEPALPUR", "District": "INDORE" }, "geometry": { "type": "Polygon", "coordinates": [ [ [ 75.645451084252286, 22.697485687029317, 0.0 ], [ 75.652475252424935, 22.694925386127387, 0.0 ], [ 75.653070663743577, 22.686538407973778, 0.0 ], [ 75.648439340418946, 22.682307837924697, 0.0 ], [ 75.640777477086132, 22.679676154873995, 0.0 ], [ 75.627498268049436, 22.68485274314811, 0.0 ], [ 75.629199583159249, 22.69707127573248, 0.0 ], [ 75.638809036173726, 22.695725690136815, 0.0 ], [ 75.645451084252286, 22.697485687029317, 0.0 ] ] ] } },
{ "type": "Feature", "properties": { "Vill_LGD": "476023", "Villl_name": "KISHANPURA", "Sub_dist": "DEPALPUR", "District": "INDORE" }, "geometry": { "type": "Polygon", "coordinates": [ [ [ 75.666604887863812, 22.636856729389418, 0.0 ], [ 75.660832993406942, 22.63702487140127, 0.0 ], [ 75.659023685732166, 22.642788426086412, 0.0 ], [ 75.656777569016498, 22.643136340062753, 0.0 ], [ 75.6547218561943, 22.651206246020013, 0.0 ], [ 75.6514295303583, 22.653764131246458, 0.0 ], [ 75.656188160443406, 22.658087756915151, 0.0 ], [ 75.665412432959414, 22.65951922244577, 0.0 ], [ 75.669986012239306, 22.65140800835157, 0.0 ], [ 75.665342561856008, 22.643696512459833, 0.0 ], [ 75.666604887863812, 22.636856729389418, 0.0 ] ] ] } },
{ "type": "Feature", "properties": { "Vill_LGD": "476044", "Villl_name": "BHAWARGARH", "Sub_dist": "DEPALPUR", "District": "INDORE" }, "geometry": { "type": "Polygon", "coordinates": [ [ [ 75.677328205445122, 22.654276731071782, 0.0 ], [ 75.672124361364382, 22.649476294459472, 0.0 ], [ 75.668585653643206, 22.653136623689218, 0.0 ], [ 75.665412432959414, 22.65951922244577, 0.0 ], [ 75.668961550499745, 22.668255077021247, 0.0 ], [ 75.674373339500193, 22.666344105818062, 0.0 ], [ 75.677874260438244, 22.6670286082005, 0.0 ], [ 75.677328205445122, 22.654276731071782, 0.0 ] ] ] } },
{ "type": "Feature", "properties": { "Vill_LGD": "476043", "Villl_name": "BETMA KHURD", "Sub_dist": "DEPALPUR", "District": "INDORE" }, "geometry": { "type": "Polygon", "coordinates": [ [ [ 75.667691070804565, 22.674819067019545, 0.0 ], [ 75.668806171839947, 22.666063536497383, 0.0 ], [ 75.665659942893967, 22.659604844361745, 0.0 ], [ 75.656188160443406, 22.658087756915151, 0.0 ], [ 75.651221788928481, 22.653726921195432, 0.0 ], [ 75.641888747340843, 22.655516514947799, 0.0 ], [ 75.633701858625898, 22.67227807384128, 0.0 ], [ 75.635785367739985, 22.681436956132895, 0.0 ], [ 75.644027820930233, 22.679880788112435, 0.0 ], [ 75.653091784082818, 22.686623601708146, 0.0 ], [ 75.667691070804565, 22.674819067019545, 0.0 ] ] ] } },
{ "type": "Feature", "properties": { "Vill_LGD": "476024", "Villl_name": "KALIBILLOD", "Sub_dist": "DEPALPUR", "District": "INDORE" }, "geometry": { "type": "Polygon", "coordinates": [ [ [ 75.598548430541825, 22.65070457416169, 0.0 ], [ 75.612522651004213, 22.648963238398036, 0.0 ], [ 75.614302488156895, 22.647173883594597, 0.0 ], [ 75.617667045980838, 22.648587283299868, 0.0 ], [ 75.62801459253798, 22.646585900378746, 0.0 ], [ 75.637311996292794, 22.640950758285374, 0.0 ], [ 75.648774951313186, 22.644333285599469, 0.0 ], [ 75.653553245649519, 22.640088506262305, 0.0 ], [ 75.65361839042734, 22.636660135459554, 0.0 ], [ 75.645455814472086, 22.631812718348385, 0.0 ], [ 75.644924160582761, 22.636691027383584, 0.0 ], [ 75.641581508570695, 22.635595061086107, 0.0 ], [ 75.640039904556971, 22.637756253879775, 0.0 ], [ 75.640048580736291, 22.636423669981045, 0.0 ], [ 75.637422373207414, 22.636988408084129, 0.0 ], [ 75.62587797686777, 22.633272727845419, 0.0 ], [ 75.616445539302987, 22.634426577788307, 0.0 ], [ 75.615833700947377, 22.631730691686119, 0.0 ], [ 75.60425488290052, 22.630891327881606, 0.0 ], [ 75.603125863459965, 22.636975224686857, 0.0 ], [ 75.599583601630343, 22.643471596890425, 0.0 ], [ 75.598548430541825, 22.65070457416169, 0.0 ] ] ] } },
{ "type": "Feature", "properties": { "Vill_LGD": "476026", "Villl_name": "RANMALBILUOD", "Sub_dist": "DEPALPUR", "District": "INDORE" }, "geometry": { "type": "Polygon", "coordinates": [ [ [ 75.641888747340843, 22.655516514947799, 0.0 ], [ 75.651276626682403, 22.653697983621118, 0.0 ], [ 75.64791421465435, 22.648552519901173, 0.0 ], [ 75.648774951313186, 22.644333285599469, 0.0 ], [ 75.638720317076846, 22.640958696964113, 0.0 ], [ 75.634357603582487, 22.64209431490011, 0.0 ], [ 75.62801459253798, 22.646585900378746, 0.0 ], [ 75.617667045980838, 22.648587283299868, 0.0 ], [ 75.614302488156895, 22.647173883594597, 0.0 ], [ 75.612522651004213, 22.648963238398036, 0.0 ], [ 75.608990342063464, 22.64917857948446, 0.0 ], [ 75.610887961285826, 22.661914645674049, 0.0 ], [ 75.622291529022846, 22.660147894472104, 0.0 ], [ 75.635022065395177, 22.65436666921995, 0.0 ], [ 75.641888747340843, 22.655516514947799, 0.0 ] ] ] } },
{ "type": "Feature", "properties": { "Vill_LGD": "476031", "Villl_name": "MOTHALA", "Sub_dist": "DEPALPUR", "District": "INDORE" }, "geometry": { "type": "Polygon", "coordinates": [ [ [ 75.597415533041925, 22.680475948729629, 0.0 ], [ 75.595740391610505, 22.682186779863738, 0.0 ], [ 75.592047468872394, 22.679117275473363, 0.0 ], [ 75.590567444197248, 22.680954218926992, 0.0 ], [ 75.579340506532432, 22.680843279700312, 0.0 ], [ 75.58184608061849, 22.698360872043779, 0.0 ], [ 75.594144615883934, 22.700338873066109, 0.0 ], [ 75.594422824068403, 22.690971987616866, 0.0 ], [ 75.597415533041925, 22.680475948729629, 0.0 ] ] ] } },
{ "type": "Feature", "properties": { "Vill_LGD": "476025", "Villl_name": "PIRPIPLIYA", "Sub_dist": "DEPALPUR", "District": "INDORE" }, "geometry": { "type": "Polygon", "coordinates": [ [ [ 75.58361941823496, 22.681182647341856, 0.0 ], [ 75.590719831286791, 22.678952236309925, 0.0 ], [ 75.591386080732619, 22.676910658175029, 0.0 ], [ 75.593180193785031, 22.677343719886402, 0.0 ], [ 75.59251394501652, 22.675525811705793, 0.0 ], [ 75.594974306949425, 22.673845912911961, 0.0 ], [ 75.595093280037474, 22.671228505022384, 0.0 ], [ 75.597824901369478, 22.670390935081599, 0.0 ], [ 75.597625296359226, 22.668517580944691, 0.0 ], [ 75.594498896561731, 22.668661190852163, 0.0 ], [ 75.592621365554962, 22.661763931070556, 0.0 ], [ 75.589584750901608, 22.658901881019105, 0.0 ], [ 75.575856385027976, 22.660713361828005, 0.0 ], [ 75.578523535282571, 22.68060508044621, 0.0 ], [ 75.58361941823496, 22.681182647341856, 0.0 ] ] ] } },
{ "type": "Feature", "properties": { "Vill_LGD": "476022", "Villl_name": "KARWASA", "Sub_dist": "DEPALPUR", "District": "INDORE" }, "geometry": { "type": "Polygon", "coordinates": [ [ [ 75.594498896561731, 22.668661190852163, 0.0 ], [ 75.606985826153249, 22.668139964594303, 0.0 ], [ 75.606966790880534, 22.666502895465573, 0.0 ], [ 75.609831047796433, 22.665814584109842, 0.0 ], [ 75.610887961285826, 22.661914645674049, 0.0 ], [ 75.609062915225437, 22.649025104328175, 0.0 ], [ 75.593841318091734, 22.651761500790705, 0.0 ], [ 75.59105307162632, 22.653484106937192, 0.0 ], [ 75.589584750901608, 22.658901881019105, 0.0 ], [ 75.592621365554962, 22.661763931070556, 0.0 ], [ 75.594498896561731, 22.668661190852163, 0.0 ] ] ] } },
{ "type": "Feature", "properties": { "Vill_LGD": "476016", "Villl_name": "OSROD", "Sub_dist": "DEPALPUR", "District": "INDORE" }, "geometry": { "type": "Polygon", "coordinates": [ [ [ 75.519201885741296, 22.662185199552411, 0.0 ], [ 75.520574323099069, 22.659754930535989, 0.0 ], [ 75.517690416737338, 22.658919741401228, 0.0 ], [ 75.515055674417226, 22.651412188939137, 0.0 ], [ 75.509493685046735, 22.643845502659037, 0.0 ], [ 75.49600214062292, 22.644940055265334, 0.0 ], [ 75.499071646322164, 22.659877121480658, 0.0 ], [ 75.501351725028783, 22.660762268837171, 0.0 ], [ 75.501981899699757, 22.659570825944613, 0.0 ], [ 75.506370643131504, 22.662786012897957, 0.0 ], [ 75.519201885741296, 22.662185199552411, 0.0 ] ] ] } },
{ "type": "Feature", "properties": { "Vill_LGD": "476017", "Villl_name": "GHATABILLOD", "Sub_dist": "DEPALPUR", "District": "INDORE" }, "geometry": { "type": "Polygon", "coordinates": [ [ [ 75.539719379948139, 22.651183317237887, 0.0 ], [ 75.526098601311247, 22.652056431100714, 0.0 ], [ 75.524006175230397, 22.654830908825424, 0.0 ], [ 75.523040181904008, 22.653317392125274, 0.0 ], [ 75.515220138736652, 22.653248957318755, 0.0 ], [ 75.517733246493648, 22.656385615525796, 0.0 ], [ 75.517690416737338, 22.658919741401228, 0.0 ], [ 75.520638569090295, 22.659883421935248, 0.0 ], [ 75.518410715411207, 22.663309493750177, 0.0 ], [ 75.521218478429276, 22.667372423633338, 0.0 ], [ 75.519625245019355, 22.671486614778495, 0.0 ], [ 75.532114247467803, 22.67077883464459, 0.0 ], [ 75.540877081357038, 22.672577390679933, 0.0 ], [ 75.541559402080694, 22.658737066689092, 0.0 ], [ 75.539719379948139, 22.651183317237887, 0.0 ] ] ] } },
{ "type": "Feature", "properties": { "Vill_LGD": "476020", "Villl_name": "SANGHVI", "Sub_dist": "DEPALPUR", "District": "INDORE" }, "geometry": { "type": "Polygon", "coordinates": [ [ [ 75.539719379948139, 22.651183317237887, 0.0 ], [ 75.542481500334162, 22.635851887698781, 0.0 ], [ 75.537210014106464, 22.634934949921977, 0.0 ], [ 75.535675597883326, 22.630118023178689, 0.0 ], [ 75.528204362393609, 22.629970102354552, 0.0 ], [ 75.528151094911308, 22.634479947739766, 0.0 ], [ 75.523436311952409, 22.640264537561194, 0.0 ], [ 75.524698441014721, 22.640187082511073, 0.0 ], [ 75.525085104149753, 22.643565917430369, 0.0 ], [ 75.522634258943029, 22.647581257204841, 0.0 ], [ 75.520986482293893, 22.647521770288893, 0.0 ], [ 75.521057866027263, 22.650055895911215, 0.0 ], [ 75.518699777322013, 22.652545734289831, 0.0 ], [ 75.521888514532179, 22.654274368527389, 0.0 ], [ 75.52322925445155, 22.653384046952947, 0.0 ], [ 75.524006175230397, 22.654830908825424, 0.0 ], [ 75.526098601311247, 22.652056431100714, 0.0 ], [ 75.539719379948139, 22.651183317237887, 0.0 ] ] ] } },
{ "type": "Feature", "properties": { "Vill_LGD": "476019", "Villl_name": "METHWADA", "Sub_dist": "DEPALPUR", "District": "INDORE" }, "geometry": { "type": "Polygon", "coordinates": [ [ [ 75.575856180877551, 22.66081772468214, 0.0 ], [ 75.567775385122843, 22.658061962606865, 0.0 ], [ 75.56432250380044, 22.635424916635049, 0.0 ], [ 75.554146650495923, 22.63753041376814, 0.0 ], [ 75.542393654412237, 22.636076968922605, 0.0 ], [ 75.539697232438598, 22.650904035370939, 0.0 ], [ 75.541559402080694, 22.658737066689092, 0.0 ], [ 75.541202300137428, 22.67545078721685, 0.0 ], [ 75.54697542373151, 22.67499477080953, 0.0 ], [ 75.560496521964311, 22.679914512831647, 0.0 ], [ 75.559844550814887, 22.671986149797686, 0.0 ], [ 75.576691371435317, 22.670879737547128, 0.0 ], [ 75.575856180877551, 22.66081772468214, 0.0 ] ] ] } },
{ "type": "Feature", "properties": { "Vill_LGD": "476010", "Villl_name": "CHAND KHEDI", "Sub_dist": "DEPALPUR", "District": "INDORE" }, "geometry": { "type": "Polygon", "coordinates": [ [ [ 75.525623936349817, 22.696043097861875, 0.0 ], [ 75.524839459120656, 22.688626307739369, 0.0 ], [ 75.513543669271684, 22.687793813315203, 0.0 ], [ 75.507011907534491, 22.694569662770636, 0.0 ], [ 75.507897066872971, 22.696501785853417, 0.0 ], [ 75.511294936541532, 22.697034785032006, 0.0 ], [ 75.525623936349817, 22.696043097861875, 0.0 ] ] ] } },
{ "type": "Feature", "properties": { "Vill_LGD": "476012", "Villl_name": "MANPURA", "Sub_dist": "DEPALPUR", "District": "INDORE" }, "geometry": { "type": "Polygon", "coordinates": [ [ [ 75.524839459120656, 22.688626307739369, 0.0 ], [ 75.523690200138304, 22.681837130135811, 0.0 ], [ 75.519415954595843, 22.678648783164554, 0.0 ], [ 75.520129793727847, 22.681289985159552, 0.0 ], [ 75.517781347663245, 22.681040047916294, 0.0 ], [ 75.516834322308867, 22.684709176941862, 0.0 ], [ 75.513543669271684, 22.687793813315203, 0.0 ], [ 75.524839459120656, 22.688626307739369, 0.0 ] ] ] } },
{ "type": "Feature", "properties": { "Vill_LGD": "476013", "Villl_name": "MEDAD", "Sub_dist": "DEPALPUR", "District": "INDORE" }, "geometry": { "type": "Polygon", "coordinates": [ [ [ 75.527165152564152, 22.704870639933453, 0.0 ], [ 75.525623936349817, 22.696043097861875, 0.0 ], [ 75.511294936541532, 22.697034785032006, 0.0 ], [ 75.514933178572363, 22.70612604570135, 0.0 ], [ 75.527165152564152, 22.704870639933453, 0.0 ] ] ] } },
{ "type": "Feature", "properties": { "Vill_LGD": "475999", "Villl_name": "SHIVGARH", "Sub_dist": "DEPALPUR", "District": "INDORE" }, "geometry": { "type": "Polygon", "coordinates": [ [ [ 75.485378967546325, 22.758157909805302, 0.0 ], [ 75.495729986742873, 22.753481919607964, 0.0 ], [ 75.496193982223431, 22.750650359806379, 0.0 ], [ 75.499678702668817, 22.74661201796739, 0.0 ], [ 75.495823975341963, 22.739430805668999, 0.0 ], [ 75.505791537960206, 22.737691419195301, 0.0 ], [ 75.509239083167813, 22.732545861140895, 0.0 ], [ 75.496304332496408, 22.731497469878338, 0.0 ], [ 75.498056508672235, 22.732662513997226, 0.0 ], [ 75.497223696559715, 22.734913484016509, 0.0 ], [ 75.492959702451458, 22.732481674312513, 0.0 ], [ 75.478048505153097, 22.733292432133155, 0.0 ], [ 75.477941337550575, 22.740535184351582, 0.0 ], [ 75.481827293093204, 22.743038475746797, 0.0 ], [ 75.483016316296002, 22.74186717594818, 0.0 ], [ 75.48215516175496, 22.743826065292392, 0.0 ], [ 75.485614687315902, 22.747382767366801, 0.0 ], [ 75.484004375703975, 22.75116345060075, 0.0 ], [ 75.485115001344511, 22.754697229568897, 0.0 ], [ 75.486730717135586, 22.754953277984459, 0.0 ], [ 75.484901877327971, 22.755219098754019, 0.0 ], [ 75.485378967546325, 22.758157909805302, 0.0 ] ] ] } },
{ "type": "Feature", "properties": { "Vill_LGD": "476000", "Villl_name": "SAGDOD", "Sub_dist": "DEPALPUR", "District": "INDORE" }, "geometry": { "type": "Polygon", "coordinates": [ [ [ 75.538271656736569, 22.779224831054169, 0.0 ], [ 75.533786371925061, 22.764569731102018, 0.0 ], [ 75.52792932886392, 22.764369855524173, 0.0 ], [ 75.511500458359578, 22.751832594964522, 0.0 ], [ 75.500138532312903, 22.747654262118939, 0.0 ], [ 75.496657976562602, 22.749984111254175, 0.0 ], [ 75.495729986742873, 22.753481919607964, 0.0 ], [ 75.487572276406752, 22.759252308225115, 0.0 ], [ 75.491167312717408, 22.76189864034826, 0.0 ], [ 75.490705577668308, 22.763240608976389, 0.0 ], [ 75.484540628734578, 22.766735748068836, 0.0 ], [ 75.485988509021425, 22.771149742831181, 0.0 ], [ 75.49050833885687, 22.772373173457165, 0.0 ], [ 75.484399072724599, 22.776293335015861, 0.0 ], [ 75.486469203907077, 22.778179058000728, 0.0 ], [ 75.496665193470918, 22.777834036116683, 0.0 ], [ 75.497444467771473, 22.775912621878625, 0.0 ], [ 75.513501466861783, 22.77572107499288, 0.0 ], [ 75.525228475161668, 22.777366316704942, 0.0 ], [ 75.532846485552113, 22.780438356691597, 0.0 ], [ 75.538271656736569, 22.779224831054169, 0.0 ] ] ] } },
{ "type": "Feature", "properties": { "Vill_LGD": "475932", "Villl_name": "RANGWASA", "Sub_dist": "DEPALPUR", "District": "INDORE" }, "geometry": { "type": "Polygon", "coordinates": [ [ [ 75.585954901602733, 22.752547544749643, 0.0 ], [ 75.590722635523676, 22.738172593489995, 0.0 ], [ 75.592563796985175, 22.726617516239273, 0.0 ], [ 75.566032848408454, 22.720819454392711, 0.0 ], [ 75.557652386132418, 22.722846755038695, 0.0 ], [ 75.55202758505834, 22.725996910847876, 0.0 ], [ 75.55240630885919, 22.738618444015209, 0.0 ], [ 75.556627538739122, 22.752889392684288, 0.0 ], [ 75.564069940296619, 22.758355873597903, 0.0 ], [ 75.571853943348884, 22.759835475261283, 0.0 ], [ 75.585954901602733, 22.752547544749643, 0.0 ] ] ] } },
{ "type": "Feature", "properties": { "Vill_LGD": "475997", "Villl_name": "UTTARSI", "Sub_dist": "DEPALPUR", "District": "INDORE" }, "geometry": { "type": "Polygon", "coordinates": [ [ [ 75.513230338223906, 22.732663803287956, 0.0 ], [ 75.509239083167813, 22.732545861140895, 0.0 ], [ 75.50531564429258, 22.737905569887523, 0.0 ], [ 75.49579542262245, 22.739616403319083, 0.0 ], [ 75.499550211132714, 22.745155787972347, 0.0 ], [ 75.499267649881844, 22.747582878155807, 0.0 ], [ 75.511500458359578, 22.751832594964522, 0.0 ], [ 75.516076524618612, 22.755614314753736, 0.0 ], [ 75.513230338223906, 22.732663803287956, 0.0 ] ] ] } },
{ "type": "Feature", "properties": { "Vill_LGD": "476009", "Villl_name": "AMLI", "Sub_dist": "DEPALPUR", "District": "INDORE" }, "geometry": { "type": "Polygon", "coordinates": [ [ [ 75.509239083167813, 22.732545861140895, 0.0 ], [ 75.52835605345193, 22.730864941596646, 0.0 ], [ 75.529469849242901, 22.72498884830166, 0.0 ], [ 75.526897891302994, 22.712837601856506, 0.0 ], [ 75.527325874367989, 22.706433334504119, 0.0 ], [ 75.527165152564152, 22.704870639933453, 0.0 ], [ 75.514933178572363, 22.70612604570135, 0.0 ], [ 75.513998004791816, 22.710759515762518, 0.0 ], [ 75.506764444862512, 22.715623133404701, 0.0 ], [ 75.510314598935153, 22.724350996456256, 0.0 ], [ 75.509239083167813, 22.732545861140895, 0.0 ] ] ] } },
{ "type": "Feature", "properties": { "Vill_LGD": "475998", "Villl_name": "KHANPUR", "Sub_dist": "DEPALPUR", "District": "INDORE" }, "geometry": { "type": "Polygon", "coordinates": [ [ [ 75.533786371925061, 22.764569731102018, 0.0 ], [ 75.52732965825038, 22.731191815580782, 0.0 ], [ 75.513464291809385, 22.73242794315059, 0.0 ], [ 75.516076524618612, 22.755614314753736, 0.0 ], [ 75.52792932886392, 22.764369855524173, 0.0 ], [ 75.533786371925061, 22.764569731102018, 0.0 ] ] ] } },
{ "type": "Feature", "properties": { "Vill_LGD": "476003", "Villl_name": "DAULTABAD", "Sub_dist": "DEPALPUR", "District": "INDORE" }, "geometry": { "type": "Polygon", "coordinates": [ [ [ 75.55547315056792, 22.754257488838295, 0.0 ], [ 75.552403512981712, 22.738600335557123, 0.0 ], [ 75.551981337510938, 22.722148383334734, 0.0 ], [ 75.539760426804861, 22.722605239339199, 0.0 ], [ 75.529468619041879, 22.724983184582936, 0.0 ], [ 75.527325552769682, 22.731318877809297, 0.0 ], [ 75.53229696464399, 22.757426499197251, 0.0 ], [ 75.55547315056792, 22.754257488838295, 0.0 ] ] ] } },
{ "type": "Feature", "properties": { "Vill_LGD": "476005", "Villl_name": "JHALARIYA", "Sub_dist": "DEPALPUR", "District": "INDORE" }, "geometry": { "type": "Polygon", "coordinates": [ [ [ 75.58184608061849, 22.698360872043779, 0.0 ], [ 75.580639693173396, 22.685833009759854, 0.0 ], [ 75.576691371435317, 22.670879737547128, 0.0 ], [ 75.559844550814887, 22.671986149797686, 0.0 ], [ 75.561070516809124, 22.688286001317056, 0.0 ], [ 75.563823182104656, 22.687219460867716, 0.0 ], [ 75.566145908079605, 22.689435281325597, 0.0 ], [ 75.568457239362303, 22.689300557268545, 0.0 ], [ 75.568797817137337, 22.692365587621673, 0.0 ], [ 75.570893391226406, 22.693061506077509, 0.0 ], [ 75.573610029727021, 22.699232179411784, 0.0 ], [ 75.58184608061849, 22.698360872043779, 0.0 ] ] ] } },
{ "type": "Feature", "properties": { "Vill_LGD": "476015", "Villl_name": "SEJWANI", "Sub_dist": "DEPALPUR", "District": "INDORE" }, "geometry": { "type": "Polygon", "coordinates": [ [ [ 75.566032848408454, 22.720819454392711, 0.0 ], [ 75.566199111067803, 22.716843504503142, 0.0 ], [ 75.561263860898052, 22.716152174916921, 0.0 ], [ 75.558545471179343, 22.713998990803169, 0.0 ], [ 75.553359854603627, 22.70319214385901, 0.0 ], [ 75.537853140143426, 22.70212677164071, 0.0 ], [ 75.534112769762615, 22.698298555450627, 0.0 ], [ 75.526958154790705, 22.698957500808838, 0.0 ], [ 75.526877057265949, 22.712648643766787, 0.0 ], [ 75.529468619041879, 22.724983184582936, 0.0 ], [ 75.539760426804861, 22.722605239339199, 0.0 ], [ 75.551981337510938, 22.722148383334734, 0.0 ], [ 75.55202758505834, 22.725996910847876, 0.0 ], [ 75.557652386132418, 22.722846755038695, 0.0 ], [ 75.566032848408454, 22.720819454392711, 0.0 ] ] ] } },
{ "type": "Feature", "properties": { "Vill_LGD": "476011", "Villl_name": "DATODA", "Sub_dist": "DEPALPUR", "District": "INDORE" }, "geometry": { "type": "Polygon", "coordinates": [ [ [ 75.532886996134806, 22.698370280302207, 0.0 ], [ 75.535438865002078, 22.676508208901335, 0.0 ], [ 75.533307249053635, 22.676802321271669, 0.0 ], [ 75.532793285217579, 22.675212841151197, 0.0 ], [ 75.532031857460666, 22.676497749924071, 0.0 ], [ 75.527215828818697, 22.675403198058056, 0.0 ], [ 75.522675817006657, 22.676554857580456, 0.0 ], [ 75.52100103763172, 22.679255049243832, 0.0 ], [ 75.523703679992266, 22.681882343616277, 0.0 ], [ 75.526149160107906, 22.697446490839226, 0.0 ], [ 75.526958154790705, 22.698957500808838, 0.0 ], [ 75.532886996134806, 22.698370280302207, 0.0 ] ] ] } },
{ "type": "Feature", "properties": { "Vill_LGD": "476014", "Villl_name": "RAMBADODIYA", "Sub_dist": "DEPALPUR", "District": "INDORE" }, "geometry": { "type": "Polygon", "coordinates": [ [ [ 75.560782325646926, 22.686838599979851, 0.0 ], [ 75.560356628068746, 22.679837509918368, 0.0 ], [ 75.545713475970658, 22.674728532456847, 0.0 ], [ 75.536790779102418, 22.674936824368956, 0.0 ], [ 75.535344067583054, 22.675736323276578, 0.0 ], [ 75.534364858431886, 22.681120689278131, 0.0 ], [ 75.532886996134806, 22.698370280302207, 0.0 ], [ 75.537853140143426, 22.70212677164071, 0.0 ], [ 75.553152392378337, 22.703195233442038, 0.0 ], [ 75.554216563742841, 22.696434559615703, 0.0 ], [ 75.557532032762751, 22.692008546950785, 0.0 ], [ 75.555309616034094, 22.689110363221701, 0.0 ], [ 75.560782325646926, 22.686838599979851, 0.0 ] ] ] } },
{ "type": "Feature", "properties": { "Vill_LGD": "476006", "Villl_name": "DHURERI", "Sub_dist": "DEPALPUR", "District": "INDORE" }, "geometry": { "type": "Polygon", "coordinates": [ [ [ 75.573610865161243, 22.699177762862888, 0.0 ], [ 75.570893391226406, 22.693061506077509, 0.0 ], [ 75.568797817137337, 22.692365587621673, 0.0 ], [ 75.568388263887357, 22.689245605117033, 0.0 ], [ 75.566145908079605, 22.689435281325597, 0.0 ], [ 75.563615350919079, 22.687193829431095, 0.0 ], [ 75.561188301095768, 22.688364523505211, 0.0 ], [ 75.560106379974727, 22.686669396455326, 0.0 ], [ 75.555633223400505, 22.688463151462273, 0.0 ], [ 75.557532032762751, 22.692008546950785, 0.0 ], [ 75.554216563742841, 22.696434559615703, 0.0 ], [ 75.553152392378337, 22.703195233442038, 0.0 ], [ 75.558545471179343, 22.713998990803169, 0.0 ], [ 75.561263860898052, 22.716152174916921, 0.0 ], [ 75.566199111067803, 22.716843504503142, 0.0 ], [ 75.569160480440132, 22.711287512128969, 0.0 ], [ 75.569546543646297, 22.700390371649096, 0.0 ], [ 75.573610865161243, 22.699177762862888, 0.0 ] ] ] } },
{ "type": "Feature", "properties": { "Vill_LGD": "476007", "Villl_name": "RAWAD", "Sub_dist": "DEPALPUR", "District": "INDORE" }, "geometry": { "type": "Polygon", "coordinates": [ [ [ 75.592563796985175, 22.726617516239273, 0.0 ], [ 75.600521564814386, 22.721750728611717, 0.0 ], [ 75.605242416683225, 22.712404204400745, 0.0 ], [ 75.606508289793183, 22.712556490184134, 0.0 ], [ 75.605823004689015, 22.70922524571602, 0.0 ], [ 75.600277991618583, 22.707307834201629, 0.0 ], [ 75.600024714979028, 22.702955259237246, 0.0 ], [ 75.597222157336375, 22.70018829771449, 0.0 ], [ 75.579942407873403, 22.698353518935185, 0.0 ], [ 75.569546543646297, 22.700390371649096, 0.0 ], [ 75.569160480440132, 22.711287512128969, 0.0 ], [ 75.566175614678045, 22.716879066427609, 0.0 ], [ 75.566032848408454, 22.720819454392711, 0.0 ], [ 75.592563796985175, 22.726617516239273, 0.0 ] ] ] } },
{ "type": "Feature", "properties": { "Vill_LGD": "476002", "Villl_name": "CHIKLONDA", "Sub_dist": "DEPALPUR", "District": "INDORE" }, "geometry": { "type": "Polygon", "coordinates": [ [ [ 75.566648947381125, 22.779460498285943, 0.0 ], [ 75.566490776606159, 22.76822206560945, 0.0 ], [ 75.571853943348884, 22.759835475261283, 0.0 ], [ 75.564069940296619, 22.758355873597903, 0.0 ], [ 75.555530631907544, 22.751960832783475, 0.0 ], [ 75.55547315056792, 22.754257488838295, 0.0 ], [ 75.53229696464399, 22.757426499197251, 0.0 ], [ 75.538271656736569, 22.779224831054169, 0.0 ], [ 75.566648947381125, 22.779460498285943, 0.0 ] ] ] } },
{ "type": "Feature", "properties": { "Vill_LGD": "475995", "Villl_name": "SHAHAWDA", "Sub_dist": "DEPALPUR", "District": "INDORE" }, "geometry": { "type": "Polygon", "coordinates": [ [ [ 75.486469203907077, 22.778179058000728, 0.0 ], [ 75.484399072724599, 22.776293335015861, 0.0 ], [ 75.49050833885687, 22.772373173457165, 0.0 ], [ 75.486182638071895, 22.771320513240251, 0.0 ], [ 75.484907046721062, 22.768640954988012, 0.0 ], [ 75.478442651153401, 22.771497740262689, 0.0 ], [ 75.475840108009194, 22.770864208061141, 0.0 ], [ 75.475311279189683, 22.772729402836575, 0.0 ], [ 75.472318335340262, 22.773298808593616, 0.0 ], [ 75.465279804995916, 22.769427390957524, 0.0 ], [ 75.465316384521259, 22.775528996368099, 0.0 ], [ 75.472430972774362, 22.777158927423024, 0.0 ], [ 75.473608806241515, 22.780365250361061, 0.0 ], [ 75.478569983710685, 22.781620416707248, 0.0 ], [ 75.478843621381912, 22.778354605630639, 0.0 ], [ 75.4822403007595, 22.778140454803001, 0.0 ], [ 75.485101602913716, 22.780335507509999, 0.0 ], [ 75.486469203907077, 22.778179058000728, 0.0 ] ] ] } },
{ "type": "Feature", "properties": { "Vill_LGD": "476021", "Villl_name": "AMBAPURA", "Sub_dist": "DEPALPUR", "District": "INDORE" }, "geometry": { "type": "Polygon", "coordinates": [ [ [ 75.659023685732166, 22.642788426086412, 0.0 ], [ 75.660019726296028, 22.636392134825133, 0.0 ], [ 75.655604635924064, 22.637852146121361, 0.0 ], [ 75.65361839042734, 22.636660135459554, 0.0 ], [ 75.653553245649519, 22.640088506262305, 0.0 ], [ 75.648776976938578, 22.644316761379113, 0.0 ], [ 75.64791421465435, 22.648552519901173, 0.0 ], [ 75.65121801236721, 22.653726243707659, 0.0 ], [ 75.6547218561943, 22.651206246020013, 0.0 ], [ 75.656777569016498, 22.643136340062753, 0.0 ], [ 75.659023685732166, 22.642788426086412, 0.0 ] ] ] } },
{ "type": "Feature", "properties": { "Vill_LGD": "475937", "Villl_name": "KALMER", "Sub_dist": "DEPALPUR", "District": "INDORE" }, "geometry": { "type": "Polygon", "coordinates": [ [ [ 75.474990470682897, 22.801180184647368, 0.0 ], [ 75.480004267931974, 22.789636161151478, 0.0 ], [ 75.478931926312654, 22.788914393270407, 0.0 ], [ 75.465536433402235, 22.788099860774057, 0.0 ], [ 75.458129644093148, 22.784525867341888, 0.0 ], [ 75.438882120254192, 22.780912631947416, 0.0 ], [ 75.439865719954966, 22.788022019442781, 0.0 ], [ 75.445499094537709, 22.797736169400981, 0.0 ], [ 75.464123065170213, 22.79818504218477, 0.0 ], [ 75.474990470682897, 22.801180184647368, 0.0 ] ] ] } },
{ "type": "Feature", "properties": { "Vill_LGD": "475940", "Villl_name": "PEMALPUR", "Sub_dist": "DEPALPUR", "District": "INDORE" }, "geometry": { "type": "Polygon", "coordinates": [ [ [ 75.478569983710685, 22.781620416707248, 0.0 ], [ 75.473335168208308, 22.78025222563052, 0.0 ], [ 75.472430972774362, 22.777158927423024, 0.0 ], [ 75.465316384521259, 22.775528996368099, 0.0 ], [ 75.465279804995916, 22.769427390957524, 0.0 ], [ 75.438363597228246, 22.773463768932242, 0.0 ], [ 75.438882120254192, 22.780912631947416, 0.0 ], [ 75.458129644093148, 22.784525867341888, 0.0 ], [ 75.465536433402235, 22.788099860774057, 0.0 ], [ 75.477218714443467, 22.788329045316445, 0.0 ], [ 75.480004267931974, 22.789636161151478, 0.0 ], [ 75.480347309135468, 22.786602984620291, 0.0 ], [ 75.477049376479144, 22.783385953061334, 0.0 ], [ 75.478569983710685, 22.781620416707248, 0.0 ] ] ] } },
{ "type": "Feature", "properties": { "Vill_LGD": "475941", "Villl_name": "RUNAWADA", "Sub_dist": "DEPALPUR", "District": "INDORE" }, "geometry": { "type": "Polygon", "coordinates": [ [ [ 75.441202602153524, 22.816285881552719, 0.0 ], [ 75.435222674949898, 22.816056894481992, 0.0 ], [ 75.431636229256696, 22.809769937093971, 0.0 ], [ 75.425436169821552, 22.809897908428262, 0.0 ], [ 75.426302293845339, 22.823213371197149, 0.0 ], [ 75.426245186892444, 22.824783815847983, 0.0 ], [ 75.423949828316168, 22.824992329377693, 0.0 ], [ 75.424742054627899, 22.831326648887217, 0.0 ], [ 75.432305430880888, 22.829920400464498, 0.0 ], [ 75.437355859552099, 22.832111435298035, 0.0 ], [ 75.441202602153524, 22.816285881552719, 0.0 ] ] ] } },
{ "type": "Feature", "properties": { "Vill_LGD": "475935", "Villl_name": "ARODA KOT", "Sub_dist": "DEPALPUR", "District": "INDORE" }, "geometry": { "type": "Polygon", "coordinates": [ [ [ 75.468174455178314, 22.818001722410511, 0.0 ], [ 75.468394030345436, 22.815806192612083, 0.0 ], [ 75.4727056129299, 22.816615209375414, 0.0 ], [ 75.472848381065475, 22.813474319423307, 0.0 ], [ 75.470278563033531, 22.812284590310995, 0.0 ], [ 75.475704924210461, 22.804883275829113, 0.0 ], [ 75.475716821591391, 22.801290290307755, 0.0 ], [ 75.464123065170213, 22.79818504218477, 0.0 ], [ 75.445499094537709, 22.797736169400981, 0.0 ], [ 75.452451975979002, 22.810970648112388, 0.0 ], [ 75.453004009919638, 22.815824747824305, 0.0 ], [ 75.461665248925513, 22.818356495504265, 0.0 ], [ 75.468174455178314, 22.818001722410511, 0.0 ] ] ] } },
{ "type": "Feature", "properties": { "Vill_LGD": "475936", "Villl_name": "EKTASA", "Sub_dist": "DEPALPUR", "District": "INDORE" }, "geometry": { "type": "Polygon", "coordinates": [ [ [ 75.465845626623079, 22.836712136714958, 0.0 ], [ 75.465024712526301, 22.835700866058648, 0.0 ], [ 75.466766479049866, 22.834879952593639, 0.0 ], [ 75.474818574442423, 22.834870433713448, 0.0 ], [ 75.469174493345534, 22.828588657066916, 0.0 ], [ 75.465281695135999, 22.827655907694481, 0.0 ], [ 75.466090711996202, 22.825619089131351, 0.0 ], [ 75.470230973572924, 22.824857662401996, 0.0 ], [ 75.468174455178314, 22.818001722410511, 0.0 ], [ 75.461665248925513, 22.818356495504265, 0.0 ], [ 75.451409330223683, 22.815837127178536, 0.0 ], [ 75.449860743107024, 22.827999755951016, 0.0 ], [ 75.454332344843635, 22.833549749638802, 0.0 ], [ 75.454865344505166, 22.836566906491921, 0.0 ], [ 75.458691517698725, 22.837756636951152, 0.0 ], [ 75.465845626623079, 22.836712136714958, 0.0 ] ] ] } },
{ "type": "Feature", "properties": { "Vill_LGD": "475938", "Villl_name": "KHIRELI", "Sub_dist": "DEPALPUR", "District": "INDORE" }, "geometry": { "type": "Polygon", "coordinates": [ [ [ 75.453004009919638, 22.815824747824305, 0.0 ], [ 75.452451975979002, 22.810970648112388, 0.0 ], [ 75.445017252890452, 22.796617821649832, 0.0 ], [ 75.434952462280108, 22.799051067713364, 0.0 ], [ 75.436534484550776, 22.809432950736483, 0.0 ], [ 75.431738237415885, 22.810079595074711, 0.0 ], [ 75.435222674949898, 22.816056894481992, 0.0 ], [ 75.445354463831421, 22.816764330560403, 0.0 ], [ 75.450528758446836, 22.820018009844848, 0.0 ], [ 75.451409330223683, 22.815837127178536, 0.0 ], [ 75.453004009919638, 22.815824747824305, 0.0 ] ] ] } },
{ "type": "Feature", "properties": { "Vill_LGD": "475939", "Villl_name": "DHANYA", "Sub_dist": "DEPALPUR", "District": "INDORE" }, "geometry": { "type": "Polygon", "coordinates": [ [ [ 75.452929684573419, 22.833285177399116, 0.0 ], [ 75.449860743107024, 22.827999755951016, 0.0 ], [ 75.450528758446836, 22.820018009844848, 0.0 ], [ 75.445401863309144, 22.816776855878668, 0.0 ], [ 75.441202602153524, 22.816285881552719, 0.0 ], [ 75.437355859552099, 22.832111435298035, 0.0 ], [ 75.439160900491899, 22.832122073347701, 0.0 ], [ 75.443263091785781, 22.837556762089751, 0.0 ], [ 75.447136854999343, 22.838727456926392, 0.0 ], [ 75.450372921327741, 22.8382991544789, 0.0 ], [ 75.449897028719377, 22.835462837047974, 0.0 ], [ 75.452929684573419, 22.833285177399116, 0.0 ] ] ] } },
{ "type": "Feature", "properties": { "Vill_LGD": "475933", "Villl_name": "LIMBODAPAR", "Sub_dist": "DEPALPUR", "District": "INDORE" }, "geometry": { "type": "Polygon", "coordinates": [ [ [ 75.484320344238782, 22.881080076954923, 0.0 ], [ 75.487013684260532, 22.876244784467691, 0.0 ], [ 75.486276052175143, 22.866952988621321, 0.0 ], [ 75.484455763627778, 22.865679977011595, 0.0 ], [ 75.47912577231817, 22.868285487174642, 0.0 ], [ 75.476877181776871, 22.866822118384174, 0.0 ], [ 75.479958583341329, 22.857887242757943, 0.0 ], [ 75.474545309367301, 22.852140844032153, 0.0 ], [ 75.470539124013996, 22.849492040650478, 0.0 ], [ 75.460519321528736, 22.853344072620263, 0.0 ], [ 75.454044808134739, 22.858405185242628, 0.0 ], [ 75.4562842376682, 22.881433252558121, 0.0 ], [ 75.484320344238782, 22.881080076954923, 0.0 ] ] ] } },
{ "type": "Feature", "properties": { "Vill_LGD": "475926", "Villl_name": "AKOLYA", "Sub_dist": "DEPALPUR", "District": "INDORE" }, "geometry": { "type": "Polygon", "coordinates": [ [ [ 75.449490339917261, 22.911335740571936, 0.0 ], [ 75.453565166396615, 22.892294104124908, 0.0 ], [ 75.44876460485338, 22.892514203373839, 0.0 ], [ 75.446670677891774, 22.889522032641395, 0.0 ], [ 75.4455761266846, 22.89271051011087, 0.0 ], [ 75.445582074554423, 22.890890221886366, 0.0 ], [ 75.440767959610611, 22.89016071343541, 0.0 ], [ 75.439222789368117, 22.90746868117883, 0.0 ], [ 75.449490339917261, 22.911335740571936, 0.0 ] ] ] } },
{ "type": "Feature", "properties": { "Vill_LGD": "476004", "Villl_name": "RINGANWAS", "Sub_dist": "DEPALPUR", "District": "INDORE" }, "geometry": { "type": "Polygon", "coordinates": [ [ [ 75.437953995209611, 22.844421308593958, 0.0 ], [ 75.437627359350884, 22.843391381900908, 0.0 ], [ 75.446464257793252, 22.838410605800362, 0.0 ], [ 75.443263091785781, 22.837556762089751, 0.0 ], [ 75.438961027747084, 22.831988824339508, 0.0 ], [ 75.435738207373191, 22.831329017253616, 0.0 ], [ 75.433568215928133, 22.845333419002767, 0.0 ], [ 75.437953995209611, 22.844421308593958, 0.0 ] ] ] } },
{ "type": "Feature", "properties": { "Vill_LGD": "475928", "Villl_name": "BHAMA KHEDA", "Sub_dist": "DEPALPUR", "District": "INDORE" }, "geometry": { "type": "Polygon", "coordinates": [ [ [ 75.456859070748948, 22.915295994618919, 0.0 ], [ 75.484408175239068, 22.911329937294923, 0.0 ], [ 75.482962006109275, 22.899566940806647, 0.0 ], [ 75.467656347191152, 22.901807543363496, 0.0 ], [ 75.467364444149993, 22.905014724180653, 0.0 ], [ 75.462001054527107, 22.906791374054496, 0.0 ], [ 75.45010899965537, 22.906487588860532, 0.0 ], [ 75.449431270685039, 22.91234909902419, 0.0 ], [ 75.456859070748948, 22.915295994618919, 0.0 ] ] ] } },
{ "type": "Feature", "properties": { "Vill_LGD": "475929", "Villl_name": "JALODIYA PAR", "Sub_dist": "DEPALPUR", "District": "INDORE" }, "geometry": { "type": "Polygon", "coordinates": [ [ [ 75.482962006109275, 22.899566940806647, 0.0 ], [ 75.481124519422508, 22.894780784903407, 0.0 ], [ 75.484015563287969, 22.889331820500388, 0.0 ], [ 75.484320344238782, 22.881080076954923, 0.0 ], [ 75.4562842376682, 22.881433252558121, 0.0 ], [ 75.457795196367627, 22.893080714008185, 0.0 ], [ 75.453553268400043, 22.893150710627044, 0.0 ], [ 75.450903558266631, 22.906401710608733, 0.0 ], [ 75.462001054527107, 22.906791374054496, 0.0 ], [ 75.467364444149993, 22.905014724180653, 0.0 ], [ 75.467656347191152, 22.901807543363496, 0.0 ], [ 75.482962006109275, 22.899566940806647, 0.0 ] ] ] } },
{ "type": "Feature", "properties": { "Vill_LGD": "475931", "Villl_name": "PALASIYPAR", "Sub_dist": "DEPALPUR", "District": "INDORE" }, "geometry": { "type": "Polygon", "coordinates": [ [ [ 75.457497763758099, 22.893354352055482, 0.0 ], [ 75.454671380852389, 22.868572178895477, 0.0 ], [ 75.437374892716647, 22.868170940175105, 0.0 ], [ 75.440866677685605, 22.881974706505741, 0.0 ], [ 75.441017607258431, 22.890173628557761, 0.0 ], [ 75.445582074554423, 22.890890221886366, 0.0 ], [ 75.445760535083437, 22.892716459506214, 0.0 ], [ 75.446807496947429, 22.889545826728398, 0.0 ], [ 75.44876460485338, 22.892514203373839, 0.0 ], [ 75.452280258177979, 22.891598111932446, 0.0 ], [ 75.454368771641299, 22.8935804006796, 0.0 ], [ 75.457497763758099, 22.893354352055482, 0.0 ] ] ] } },
{ "type": "Feature", "properties": { "Vill_LGD": "475934", "Villl_name": "SEMDA", "Sub_dist": "DEPALPUR", "District": "INDORE" }, "geometry": { "type": "Polygon", "coordinates": [ [ [ 75.454671380852389, 22.868572178895477, 0.0 ], [ 75.454044808134739, 22.858405185242628, 0.0 ], [ 75.460840548369518, 22.853179889532321, 0.0 ], [ 75.470190147349953, 22.850177911781781, 0.0 ], [ 75.468430093506925, 22.846323062127297, 0.0 ], [ 75.469298598317508, 22.843860319890972, 0.0 ], [ 75.476362844999642, 22.845718397206614, 0.0 ], [ 75.477754829056266, 22.844623844305733, 0.0 ], [ 75.476053514763038, 22.842006437844567, 0.0 ], [ 75.471913252524757, 22.841411571772209, 0.0 ], [ 75.469402920733813, 22.837604434810689, 0.0 ], [ 75.455617254240707, 22.837309298380994, 0.0 ], [ 75.453494774382222, 22.833073858423301, 0.0 ], [ 75.449897028719377, 22.835462837047974, 0.0 ], [ 75.449839921999455, 22.838727457114071, 0.0 ], [ 75.446464257793252, 22.838410605800362, 0.0 ], [ 75.437627359350884, 22.843391381900908, 0.0 ], [ 75.441642116702539, 22.851224888670316, 0.0 ], [ 75.442648797401674, 22.86742994342341, 0.0 ], [ 75.454671380852389, 22.868572178895477, 0.0 ] ] ] } },
{ "type": "Feature", "properties": { "Vill_LGD": "475925", "Villl_name": "ATYANA", "Sub_dist": "DEPALPUR", "District": "INDORE" }, "geometry": { "type": "Polygon", "coordinates": [ [ [ 75.486728149567995, 22.966694046249604, 0.0 ], [ 75.48727542592016, 22.960537190250104, 0.0 ], [ 75.494247246200686, 22.957182149903261, 0.0 ], [ 75.493117002435127, 22.954826484437138, 0.0 ], [ 75.48779890692569, 22.953553472308858, 0.0 ], [ 75.485835851534333, 22.949472696742717, 0.0 ], [ 75.4849792453074, 22.941073199202258, 0.0 ], [ 75.487465782215196, 22.934874702968894, 0.0 ], [ 75.488562828998411, 22.923808245963908, 0.0 ], [ 75.476440264095544, 22.926734466324664, 0.0 ], [ 75.476857238982504, 22.93964424597614, 0.0 ], [ 75.456609515211127, 22.942228133084804, 0.0 ], [ 75.46422547429151, 22.969665514736359, 0.0 ], [ 75.471768365551497, 22.969556060031273, 0.0 ], [ 75.473148453356899, 22.966971965539599, 0.0 ], [ 75.474609442640059, 22.969051614656383, 0.0 ], [ 75.477931169268203, 22.969865389959246, 0.0 ], [ 75.486728149567995, 22.966694046249604, 0.0 ] ] ] } },
{ "type": "Feature", "properties": { "Vill_LGD": "475927", "Villl_name": "KUNGARA", "Sub_dist": "DEPALPUR", "District": "INDORE" }, "geometry": { "type": "Polygon", "coordinates": [ [ [ 75.476568901703445, 22.926621662048966, 0.0 ], [ 75.488667410755184, 22.923816157679994, 0.0 ], [ 75.485562214508533, 22.918123297947307, 0.0 ], [ 75.484408175239068, 22.911329937294923, 0.0 ], [ 75.456859070748948, 22.915295994618919, 0.0 ], [ 75.459857102908032, 22.926419881983882, 0.0 ], [ 75.476568901703445, 22.926621662048966, 0.0 ] ] ] } },
{ "type": "Feature", "properties": { "Vill_LGD": "475924", "Villl_name": "RALAYTA", "Sub_dist": "DEPALPUR", "District": "INDORE" }, "geometry": { "type": "Polygon", "coordinates": [ [ [ 75.487778192270824, 23.014141442074283, 0.0 ], [ 75.48768058683757, 23.003832950989615, 0.0 ], [ 75.494245312515815, 23.002993629822587, 0.0 ], [ 75.497261488552283, 22.99952850952095, 0.0 ], [ 75.502310295438221, 23.001136532324519, 0.0 ], [ 75.507202239491136, 22.99979853619633, 0.0 ], [ 75.507311339172432, 22.996426830849959, 0.0 ], [ 75.502685667276424, 22.995151440491959, 0.0 ], [ 75.493531870136124, 22.985119786544605, 0.0 ], [ 75.489805633148052, 22.985555228196219, 0.0 ], [ 75.487642704154808, 22.988067939130691, 0.0 ], [ 75.483439027294793, 22.985582992117177, 0.0 ], [ 75.473798365029594, 22.986867141974191, 0.0 ], [ 75.474227722238538, 23.002838964022363, 0.0 ], [ 75.459776835840799, 23.005418968819772, 0.0 ], [ 75.460192503819755, 23.006994326050151, 0.0 ], [ 75.47681099077306, 23.017120561801057, 0.0 ], [ 75.484307241624734, 23.017548902438172, 0.0 ], [ 75.487778192270824, 23.014141442074283, 0.0 ] ] ] } },
{ "type": "Feature", "properties": { "Vill_LGD": "475920", "Villl_name": "KHARSODA", "Sub_dist": "DEPALPUR", "District": "INDORE" }, "geometry": { "type": "Polygon", "coordinates": [ [ [ 75.526240661082994, 22.996025503406827, 0.0 ], [ 75.526199125675532, 22.997620776021822, 0.0 ], [ 75.503085416035375, 23.000262521983103, 0.0 ], [ 75.507384021392724, 23.012429103648302, 0.0 ], [ 75.509784182476906, 23.012550808111968, 0.0 ], [ 75.511979236181205, 23.01658042452922, 0.0 ], [ 75.517896371404831, 23.013814743545364, 0.0 ], [ 75.533974864186291, 23.012483389939163, 0.0 ], [ 75.540797969376271, 23.003560410294799, 0.0 ], [ 75.538722604337465, 22.998209048112553, 0.0 ], [ 75.526240661082994, 22.996025503406827, 0.0 ] ] ] } },
{ "type": "Feature", "properties": { "Vill_LGD": "475919", "Villl_name": "SIRONJYA", "Sub_dist": "DEPALPUR", "District": "INDORE" }, "geometry": { "type": "Polygon", "coordinates": [ [ [ 75.507985311470208, 23.023022815841401, 0.0 ], [ 75.521248240393135, 23.022770126215164, 0.0 ], [ 75.526164284767987, 23.01872352582696, 0.0 ], [ 75.529424145955446, 23.020668736096933, 0.0 ], [ 75.531874990609765, 23.017069800477394, 0.0 ], [ 75.531708171195405, 23.012527690087563, 0.0 ], [ 75.517896371404831, 23.013814743545364, 0.0 ], [ 75.50645769767803, 23.019467901659073, 0.0 ], [ 75.507985311470208, 23.023022815841401, 0.0 ] ] ] } },
{ "type": "Feature", "properties": { "Vill_LGD": "475918", "Villl_name": "BAHIRAMPUR", "Sub_dist": "DEPALPUR", "District": "INDORE" }, "geometry": { "type": "Polygon", "coordinates": [ [ [ 75.52538832573488, 23.036265471101721, 0.0 ], [ 75.529236783315781, 23.030820849490762, 0.0 ], [ 75.531086814155572, 23.031011206137872, 0.0 ], [ 75.531481805622221, 23.027690669238698, 0.0 ], [ 75.533575730798077, 23.026524733257116, 0.0 ], [ 75.53129797257499, 23.017623025738164, 0.0 ], [ 75.529424145955446, 23.020668736096933, 0.0 ], [ 75.526164284767987, 23.01872352582696, 0.0 ], [ 75.521248240393135, 23.022770126215164, 0.0 ], [ 75.516651734414225, 23.022126972891101, 0.0 ], [ 75.515106800090379, 23.027406917263846, 0.0 ], [ 75.518342867102703, 23.032127768366056, 0.0 ], [ 75.516163281080793, 23.037676671727496, 0.0 ], [ 75.517676617841559, 23.040408293517931, 0.0 ], [ 75.520375248572932, 23.041384000977651, 0.0 ], [ 75.521157644942988, 23.03864017364339, 0.0 ], [ 75.519403660977332, 23.037114524820318, 0.0 ], [ 75.52538832573488, 23.036265471101721, 0.0 ] ] ] } },
{ "type": "Feature", "properties": { "Vill_LGD": "475915", "Villl_name": "PADLYA", "Sub_dist": "DEPALPUR", "District": "INDORE" }, "geometry": { "type": "Polygon", "coordinates": [ [ [ 75.624749278881723, 23.002714525956037, 0.0 ], [ 75.62078183115203, 23.00141146858417, 0.0 ], [ 75.620953153479562, 22.999212847023571, 0.0 ], [ 75.618630799238915, 22.997504393573355, 0.0 ], [ 75.620144135799393, 22.99401134522866, 0.0 ], [ 75.618645075540044, 22.993535453046324, 0.0 ], [ 75.618521344555731, 22.994982164975426, 0.0 ], [ 75.616084776133732, 22.993725809138876, 0.0 ], [ 75.61724595274714, 22.989994815013503, 0.0 ], [ 75.610797612814977, 22.990294627212787, 0.0 ], [ 75.613253217062521, 22.984740965197023, 0.0 ], [ 75.611145015277614, 22.981290745861354, 0.0 ], [ 75.593454484409406, 22.987666322765048, 0.0 ], [ 75.594944429143609, 23.005651423425146, 0.0 ], [ 75.624749278881723, 23.002714525956037, 0.0 ] ] ] } },
{ "type": "Feature", "properties": { "Vill_LGD": "475917", "Villl_name": "TALAWALI", "Sub_dist": "DEPALPUR", "District": "INDORE" }, "geometry": { "type": "Polygon", "coordinates": [ [ [ 75.565076523024786, 23.021417180550756, 0.0 ], [ 75.566746904238144, 23.007697209123467, 0.0 ], [ 75.563747870310408, 22.996398233089842, 0.0 ], [ 75.540465837109693, 23.002841061761792, 0.0 ], [ 75.533974864186291, 23.012483389939163, 0.0 ], [ 75.531767914549775, 23.012899795837502, 0.0 ], [ 75.531684059062556, 23.021646838104505, 0.0 ], [ 75.53442430644219, 23.028598395358813, 0.0 ], [ 75.536051856552575, 23.029055250983646, 0.0 ], [ 75.539763816069055, 23.02918374208312, 0.0 ], [ 75.565076523024786, 23.021417180550756, 0.0 ] ] ] } },
{ "type": "Feature", "properties": { "Vill_LGD": "475913", "Villl_name": "JALODIA GYAN", "Sub_dist": "DEPALPUR", "District": "INDORE" }, "geometry": { "type": "Polygon", "coordinates": [ [ [ 75.632774557107339, 23.029300301895702, 0.0 ], [ 75.630686243584293, 23.015369604825274, 0.0 ], [ 75.631754387556157, 23.007181933448646, 0.0 ], [ 75.621871624547282, 23.00697940682408, 0.0 ], [ 75.622437935560498, 23.004009839904782, 0.0 ], [ 75.624749278881723, 23.002714525956037, 0.0 ], [ 75.595818548692435, 23.005699138113346, 0.0 ], [ 75.600552232038027, 23.023441566969584, 0.0 ], [ 75.606253420281377, 23.024164922556324, 0.0 ], [ 75.614581534505277, 23.028957157167003, 0.0 ], [ 75.628007862201216, 23.031029370423862, 0.0 ], [ 75.632774557107339, 23.029300301895702, 0.0 ] ] ] } },
{ "type": "Feature", "properties": { "Vill_LGD": "475916", "Villl_name": "CHHADODA", "Sub_dist": "DEPALPUR", "District": "INDORE" }, "geometry": { "type": "Polygon", "coordinates": [ [ [ 75.589091616695228, 23.027938316605994, 0.0 ], [ 75.597224464252648, 23.026270767458875, 0.0 ], [ 75.600828249805772, 23.022288718600372, 0.0 ], [ 75.594944429143609, 23.005651423425146, 0.0 ], [ 75.593540546877321, 22.989090373727695, 0.0 ], [ 75.567055322125881, 22.987493100921586, 0.0 ], [ 75.563426643389505, 22.994328101471403, 0.0 ], [ 75.566746904238144, 23.007697209123467, 0.0 ], [ 75.56464821935451, 23.018861639103129, 0.0 ], [ 75.567570277039408, 23.027111909132142, 0.0 ], [ 75.570259068175972, 23.031014225351768, 0.0 ], [ 75.576759755253093, 23.033112910021259, 0.0 ], [ 75.579795948260411, 23.031951733357552, 0.0 ], [ 75.583227130724666, 23.02740220471328, 0.0 ], [ 75.589091616695228, 23.027938316605994, 0.0 ] ] ] } },
{ "type": "Feature", "properties": { "Vill_LGD": "475907", "Villl_name": "PHULAN", "Sub_dist": "DEPALPUR", "District": "INDORE" }, "geometry": { "type": "Polygon", "coordinates": [ [ [ 75.574258234422899, 23.050034245138079, 0.0 ], [ 75.576759755253093, 23.033112910021259, 0.0 ], [ 75.56940246256562, 23.030305145853287, 0.0 ], [ 75.565076523024786, 23.021417180550756, 0.0 ], [ 75.539007147771741, 23.029369339509568, 0.0 ], [ 75.53442430644219, 23.028598395358813, 0.0 ], [ 75.533575730798077, 23.026524733257116, 0.0 ], [ 75.531481805622221, 23.027690669238698, 0.0 ], [ 75.531086814155572, 23.031011206137872, 0.0 ], [ 75.527386753731548, 23.032260422561819, 0.0 ], [ 75.532966768765689, 23.035026750165866, 0.0 ], [ 75.536311924950311, 23.043105202070823, 0.0 ], [ 75.540850601481708, 23.047207444672477, 0.0 ], [ 75.545074320690929, 23.048710194898923, 0.0 ], [ 75.574258234422899, 23.050034245138079, 0.0 ] ] ] } },
{ "type": "Feature", "properties": { "Vill_LGD": "475905", "Villl_name": "GIROTA", "Sub_dist": "DEPALPUR", "District": "INDORE" }, "geometry": { "type": "Polygon", "coordinates": [ [ [ 75.622384337613838, 23.085079852196589, 0.0 ], [ 75.627031706274636, 23.082064763435042, 0.0 ], [ 75.6255374046398, 23.074859756044994, 0.0 ], [ 75.62805963322549, 23.073022811526403, 0.0 ], [ 75.627602775309384, 23.069872406740398, 0.0 ], [ 75.630058379753748, 23.065598893789229, 0.0 ], [ 75.626822313011758, 23.06273402365073, 0.0 ], [ 75.621330517392209, 23.063209914684091, 0.0 ], [ 75.620312107666876, 23.059240973332901, 0.0 ], [ 75.615222699310024, 23.056938607188542, 0.0 ], [ 75.610112806782865, 23.057075427219811, 0.0 ], [ 75.60899749153289, 23.062037133798366, 0.0 ], [ 75.592862664421418, 23.06250798185258, 0.0 ], [ 75.588149852278278, 23.057335869387245, 0.0 ], [ 75.576595546268265, 23.057026769216918, 0.0 ], [ 75.572087829347893, 23.060624294144457, 0.0 ], [ 75.570317509837935, 23.059853348507868, 0.0 ], [ 75.569384762079551, 23.062794362032033, 0.0 ], [ 75.564099449339167, 23.063856425976279, 0.0 ], [ 75.567672800135739, 23.071114408039929, 0.0 ], [ 75.565144801060555, 23.071395592586125, 0.0 ], [ 75.566078209790078, 23.074833832547888, 0.0 ], [ 75.563898743796571, 23.075208675142822, 0.0 ], [ 75.566011465617052, 23.086784913016956, 0.0 ], [ 75.581399322510862, 23.085204941919425, 0.0 ], [ 75.606397020025469, 23.088965201379139, 0.0 ], [ 75.606815534269757, 23.082670349123546, 0.0 ], [ 75.620083680168904, 23.082845226337344, 0.0 ], [ 75.622384337613838, 23.085079852196589, 0.0 ] ] ] } },
{ "type": "Feature", "properties": { "Vill_LGD": "475906", "Villl_name": "AMBALIA", "Sub_dist": "DEPALPUR", "District": "INDORE" }, "geometry": { "type": "Polygon", "coordinates": [ [ [ 75.564138269177832, 23.06482614382362, 0.0 ], [ 75.569384762079551, 23.062794362032033, 0.0 ], [ 75.570317509837935, 23.059853348507868, 0.0 ], [ 75.572087829347893, 23.060624294144457, 0.0 ], [ 75.576523144820854, 23.057359673138254, 0.0 ], [ 75.574258234422899, 23.050034245138079, 0.0 ], [ 75.545074320690929, 23.048710194898923, 0.0 ], [ 75.545420952242779, 23.062550804716192, 0.0 ], [ 75.554822202944052, 23.064770840955024, 0.0 ], [ 75.564138269177832, 23.06482614382362, 0.0 ] ] ] } },
{ "type": "Feature", "properties": { "Vill_LGD": "475911", "Villl_name": "PARINALWASA", "Sub_dist": "DEPALPUR", "District": "INDORE" }, "geometry": { "type": "Polygon", "coordinates": [ [ [ 75.588453761316501, 23.057538529318123, 0.0 ], [ 75.597238731564076, 23.050980735297856, 0.0 ], [ 75.598276176567325, 23.040123254057853, 0.0 ], [ 75.589091616695228, 23.027938316605994, 0.0 ], [ 75.583512665747847, 23.027349854767497, 0.0 ], [ 75.576161803607263, 23.034482087628245, 0.0 ], [ 75.574258234422899, 23.050034245138079, 0.0 ], [ 75.576595546268265, 23.057026769216918, 0.0 ], [ 75.588453761316501, 23.057538529318123, 0.0 ] ] ] } },
{ "type": "Feature", "properties": { "Vill_LGD": "475909", "Villl_name": "KULALA", "Sub_dist": "DEPALPUR", "District": "INDORE" }, "geometry": { "type": "Polygon", "coordinates": [ [ [ 75.61786468903037, 23.057951773507675, 0.0 ], [ 75.61551511397073, 23.052892571887273, 0.0 ], [ 75.618752627082458, 23.049608530840665, 0.0 ], [ 75.615253156138976, 23.048757306829721, 0.0 ], [ 75.614693981871028, 23.045705647990633, 0.0 ], [ 75.617168621915482, 23.044355304791633, 0.0 ], [ 75.614854595555556, 23.043284547611552, 0.0 ], [ 75.613980144195452, 23.044777658053043, 0.0 ], [ 75.612246100606271, 23.041375069531764, 0.0 ], [ 75.598602256074997, 23.040022621071756, 0.0 ], [ 75.597238731564076, 23.050980735297856, 0.0 ], [ 75.588453761316501, 23.057538529318123, 0.0 ], [ 75.592862664421418, 23.06250798185258, 0.0 ], [ 75.60899749153289, 23.062037133798366, 0.0 ], [ 75.609428711083751, 23.057896340379813, 0.0 ], [ 75.611939041695081, 23.056236667396821, 0.0 ], [ 75.61786468903037, 23.057951773507675, 0.0 ] ] ] } },
{ "type": "Feature", "properties": { "Vill_LGD": "475910", "Villl_name": "GADI BILLODA", "Sub_dist": "DEPALPUR", "District": "INDORE" }, "geometry": { "type": "Polygon", "coordinates": [ [ [ 75.623376854309399, 23.05216921636822, 0.0 ], [ 75.626603403152231, 23.045773224532244, 0.0 ], [ 75.620283554406598, 23.04346038918888, 0.0 ], [ 75.624861636291286, 23.038368341904867, 0.0 ], [ 75.628007862201216, 23.031029370423862, 0.0 ], [ 75.614581534505277, 23.028957157167003, 0.0 ], [ 75.61214795841174, 23.037865324735151, 0.0 ], [ 75.614182397718622, 23.038293627642972, 0.0 ], [ 75.612219343648917, 23.041476156162787, 0.0 ], [ 75.613980144195452, 23.044777658053043, 0.0 ], [ 75.614854595555556, 23.043284547611552, 0.0 ], [ 75.617412515960879, 23.044628941644696, 0.0 ], [ 75.61478916115199, 23.045134576565516, 0.0 ], [ 75.616020532454485, 23.047680601124032, 0.0 ], [ 75.615021157893082, 23.048430130339678, 0.0 ], [ 75.620835588735261, 23.049313863059695, 0.0 ], [ 75.623376854309399, 23.05216921636822, 0.0 ] ] ] } },
{ "type": "Feature", "properties": { "Vill_LGD": "475908", "Villl_name": "OSRA", "Sub_dist": "DEPALPUR", "District": "INDORE" }, "geometry": { "type": "Polygon", "coordinates": [ [ [ 75.612246100606271, 23.041375069531764, 0.0 ], [ 75.614182397718622, 23.038293627642972, 0.0 ], [ 75.61214795841174, 23.037865324735151, 0.0 ], [ 75.614581534505277, 23.028957157167003, 0.0 ], [ 75.60739556191804, 23.024683645386794, 0.0 ], [ 75.600340533059153, 23.023341739316592, 0.0 ], [ 75.597224464252648, 23.026270767458875, 0.0 ], [ 75.589091616695228, 23.027938316605994, 0.0 ], [ 75.598237451449563, 23.040055484092303, 0.0 ], [ 75.612246100606271, 23.041375069531764, 0.0 ] ] ] } },
{ "type": "Feature", "properties": { "Vill_LGD": "475914", "Villl_name": "DHARMAT", "Sub_dist": "DEPALPUR", "District": "INDORE" }, "geometry": { "type": "Polygon", "coordinates": [ [ [ 75.645542503515699, 23.008171516788195, 0.0 ], [ 75.649524462624839, 23.002813217467285, 0.0 ], [ 75.654373270836956, 23.003244255059268, 0.0 ], [ 75.64928486718064, 22.998653902832146, 0.0 ], [ 75.659794239438895, 22.991370399531288, 0.0 ], [ 75.63025065236647, 22.986885042619551, 0.0 ], [ 75.625467935320714, 22.992916977619103, 0.0 ], [ 75.621863052122393, 22.993680784413517, 0.0 ], [ 75.618578451708828, 22.99719506407018, 0.0 ], [ 75.620953153479562, 22.999212847023571, 0.0 ], [ 75.62078183115203, 23.00141146858417, 0.0 ], [ 75.624788844131757, 23.002801074337704, 0.0 ], [ 75.622409383727529, 23.004076465365948, 0.0 ], [ 75.623032802330115, 23.005589801427725, 0.0 ], [ 75.621552777002151, 23.006584417300999, 0.0 ], [ 75.622980453611518, 23.007383915805026, 0.0 ], [ 75.645542503515699, 23.008171516788195, 0.0 ] ] ] } },
{ "type": "Feature", "properties": { "Vill_LGD": "475959", "Villl_name": "CHANDAN KHEDI", "Sub_dist": "DEPALPUR", "District": "INDORE" }, "geometry": { "type": "Polygon", "coordinates": [ [ [ 75.659794239438895, 22.991370399531288, 0.0 ], [ 75.657779027746045, 22.981766633658665, 0.0 ], [ 75.659746842480558, 22.976684700050736, 0.0 ], [ 75.6419076313353, 22.973357807751174, 0.0 ], [ 75.624889726376196, 22.973521990689342, 0.0 ], [ 75.63025065236647, 22.986885042619551, 0.0 ], [ 75.659794239438895, 22.991370399531288, 0.0 ] ] ] } },
{ "type": "Feature", "properties": { "Vill_LGD": "475912", "Villl_name": "KHANJAR KHEDA", "Sub_dist": "DEPALPUR", "District": "INDORE" }, "geometry": { "type": "Polygon", "coordinates": [ [ [ 75.620593975503795, 22.994606647368744, 0.0 ], [ 75.625467935320714, 22.992916977619103, 0.0 ], [ 75.63025065236647, 22.986885042619551, 0.0 ], [ 75.626373425122537, 22.978187363819462, 0.0 ], [ 75.611225388037411, 22.981971807544134, 0.0 ], [ 75.613253217062521, 22.984740965197023, 0.0 ], [ 75.610797612814977, 22.990294627212787, 0.0 ], [ 75.616636811639239, 22.989618860424642, 0.0 ], [ 75.616084776133732, 22.993725809138876, 0.0 ], [ 75.620593975503795, 22.994606647368744, 0.0 ] ] ] } },
{ "type": "Feature", "properties": { "Vill_LGD": "475957", "Villl_name": "BHIL BADOLI", "Sub_dist": "DEPALPUR", "District": "INDORE" }, "geometry": { "type": "Polygon", "coordinates": [ [ [ 75.608894043890558, 22.983127689695049, 0.0 ], [ 75.605205783163527, 22.974189447430192, 0.0 ], [ 75.600494450117679, 22.974253692371111, 0.0 ], [ 75.599602151792169, 22.972404850701349, 0.0 ], [ 75.601215426173979, 22.971762396680884, 0.0 ], [ 75.601431958352322, 22.969227081286956, 0.0 ], [ 75.599718746523038, 22.97102357377431, 0.0 ], [ 75.598023380344742, 22.970053943754444, 0.0 ], [ 75.599457004842435, 22.968614369820653, 0.0 ], [ 75.596905032918272, 22.967264026507305, 0.0 ], [ 75.597309540561639, 22.968888007585427, 0.0 ], [ 75.595049053054822, 22.969774356733296, 0.0 ], [ 75.595411921091468, 22.966139729981546, 0.0 ], [ 75.593139535784886, 22.965979117099703, 0.0 ], [ 75.591140789401067, 22.961755573073621, 0.0 ], [ 75.587714365252793, 22.962249311628131, 0.0 ], [ 75.587023510960634, 22.957735095654535, 0.0 ], [ 75.565074235321404, 22.9615430662538, 0.0 ], [ 75.567055322125881, 22.987493100921586, 0.0 ], [ 75.593433105562639, 22.988901413612357, 0.0 ], [ 75.595242067746184, 22.986042672988315, 0.0 ], [ 75.608894043890558, 22.983127689695049, 0.0 ] ] ] } },
{ "type": "Feature", "properties": { "Vill_LGD": "475921", "Villl_name": "NOGAWAN KHANJAR", "Sub_dist": "DEPALPUR", "District": "INDORE" }, "geometry": { "type": "Polygon", "coordinates": [ [ [ 75.510460773799721, 22.988023450676017, 0.0 ], [ 75.507817523323766, 22.985889846351697, 0.0 ], [ 75.510498845476846, 22.980513871252462, 0.0 ], [ 75.508827590692974, 22.97601621314362, 0.0 ], [ 75.491201536407999, 22.979192164991723, 0.0 ], [ 75.493224077824053, 22.984712513448166, 0.0 ], [ 75.503126683095573, 22.995399729413656, 0.0 ], [ 75.507981374265739, 22.990388633788641, 0.0 ], [ 75.507833848512306, 22.988532653998679, 0.0 ], [ 75.510460773799721, 22.988023450676017, 0.0 ] ] ] } },
{ "type": "Feature", "properties": { "Vill_LGD": "475958", "Villl_name": "KANWASA", "Sub_dist": "DEPALPUR", "District": "INDORE" }, "geometry": { "type": "Polygon", "coordinates": [ [ [ 75.661177837338499, 22.974628312489838, 0.0 ], [ 75.658762788014258, 22.972965012430528, 0.0 ], [ 75.660804366404193, 22.969552864784493, 0.0 ], [ 75.656978192044846, 22.965098513837976, 0.0 ], [ 75.658220271075749, 22.963770775178748, 0.0 ], [ 75.662603237372466, 22.965169898184776, 0.0 ], [ 75.663591192619975, 22.963567993481593, 0.0 ], [ 75.652534106818237, 22.95824782585121, 0.0 ], [ 75.646960220478334, 22.953679260607785, 0.0 ], [ 75.620364157256063, 22.954751977602509, 0.0 ], [ 75.619398664887825, 22.961184636709007, 0.0 ], [ 75.624889726376196, 22.973521990689342, 0.0 ], [ 75.646576134522533, 22.973828940297317, 0.0 ], [ 75.660233294480477, 22.97713382806382, 0.0 ], [ 75.661177837338499, 22.974628312489838, 0.0 ] ] ] } },
{ "type": "Feature", "properties": { "Vill_LGD": "475955", "Villl_name": "CHITODA", "Sub_dist": "DEPALPUR", "District": "INDORE" }, "geometry": { "type": "Polygon", "coordinates": [ [ [ 75.565544493129011, 22.971364774451089, 0.0 ], [ 75.565221757991551, 22.966512435446258, 0.0 ], [ 75.539427458233789, 22.964745896191527, 0.0 ], [ 75.531927440674011, 22.966608668822818, 0.0 ], [ 75.534873120926349, 22.970008421139237, 0.0 ], [ 75.535822526559841, 22.975754820056203, 0.0 ], [ 75.565544493129011, 22.971364774451089, 0.0 ] ] ] } },
{ "type": "Feature", "properties": { "Vill_LGD": "475956", "Villl_name": "PALSODA", "Sub_dist": "DEPALPUR", "District": "INDORE" }, "geometry": { "type": "Polygon", "coordinates": [ [ [ 75.529090394223758, 22.980486689820466, 0.0 ], [ 75.565941795668039, 22.980523491494392, 0.0 ], [ 75.565544493129011, 22.971364774451089, 0.0 ], [ 75.535822526559841, 22.975754820056203, 0.0 ], [ 75.534873120926349, 22.970008421139237, 0.0 ], [ 75.531927440674011, 22.966608668822818, 0.0 ], [ 75.528416503806696, 22.967672633808974, 0.0 ], [ 75.527263655279413, 22.971066935008832, 0.0 ], [ 75.518516755824194, 22.971628486896687, 0.0 ], [ 75.519287014740868, 22.976756885182414, 0.0 ], [ 75.525967511690169, 22.977286684589746, 0.0 ], [ 75.526990519797039, 22.979862082283887, 0.0 ], [ 75.529090394223758, 22.980486689820466, 0.0 ] ] ] } },
{ "type": "Feature", "properties": { "Vill_LGD": "475954", "Villl_name": "GUDAR", "Sub_dist": "DEPALPUR", "District": "INDORE" }, "geometry": { "type": "Polygon", "coordinates": [ [ [ 75.626269670146101, 22.978256704179095, 0.0 ], [ 75.619198790018061, 22.959565922466076, 0.0 ], [ 75.601709879291391, 22.964278099587439, 0.0 ], [ 75.602414199087278, 22.967476094552438, 0.0 ], [ 75.601215426173979, 22.971762396680884, 0.0 ], [ 75.599595013392133, 22.972490511759801, 0.0 ], [ 75.600580109618647, 22.974325075940502, 0.0 ], [ 75.605205783163527, 22.974189447430192, 0.0 ], [ 75.609355660261372, 22.981738085299686, 0.0 ], [ 75.626269670146101, 22.978256704179095, 0.0 ] ] ] } },
{ "type": "Feature", "properties": { "Vill_LGD": "475960", "Villl_name": "JAMGODA", "Sub_dist": "DEPALPUR", "District": "INDORE" }, "geometry": { "type": "Polygon", "coordinates": [ [ [ 75.599718746523038, 22.97102357377431, 0.0 ], [ 75.602414199087278, 22.967476094552438, 0.0 ], [ 75.601709879291391, 22.964278099587439, 0.0 ], [ 75.619198790018061, 22.959565922466076, 0.0 ], [ 75.620364157256063, 22.954751977602509, 0.0 ], [ 75.611284961108595, 22.955142630454283, 0.0 ], [ 75.610861417668659, 22.951858973431335, 0.0 ], [ 75.605222094612003, 22.951340251130997, 0.0 ], [ 75.593139190635355, 22.956446574709624, 0.0 ], [ 75.58719529789191, 22.957326974826593, 0.0 ], [ 75.587714365252793, 22.962249311628131, 0.0 ], [ 75.591140789401067, 22.961755573073621, 0.0 ], [ 75.593139535784886, 22.965979117099703, 0.0 ], [ 75.595411921091468, 22.966139729981546, 0.0 ], [ 75.595049053054822, 22.969774356733296, 0.0 ], [ 75.597309540561639, 22.968888007585427, 0.0 ], [ 75.596905032918272, 22.967264026507305, 0.0 ], [ 75.599457004842435, 22.968614369820653, 0.0 ], [ 75.598023380344742, 22.970053943754444, 0.0 ], [ 75.599718746523038, 22.97102357377431, 0.0 ] ] ] } },
{ "type": "Feature", "properties": { "Vill_LGD": "475961", "Villl_name": "RUDRAKHYA", "Sub_dist": "DEPALPUR", "District": "INDORE" }, "geometry": { "type": "Polygon", "coordinates": [ [ [ 75.663591192619975, 22.963567993481593, 0.0 ], [ 75.660832918485838, 22.960058815319673, 0.0 ], [ 75.662289149521058, 22.955276098519615, 0.0 ], [ 75.667914194956936, 22.950907408712201, 0.0 ], [ 75.669156274100914, 22.944668462309345, 0.0 ], [ 75.673781945290401, 22.939928576478145, 0.0 ], [ 75.670513446831876, 22.937838564244664, 0.0 ], [ 75.65249144472304, 22.937798565133249, 0.0 ], [ 75.651164895108636, 22.940433817836411, 0.0 ], [ 75.652955438938278, 22.941326116132934, 0.0 ], [ 75.651343355234701, 22.942283849314151, 0.0 ], [ 75.652568776535162, 22.943069070573479, 0.0 ], [ 75.648969841509057, 22.942218414107177, 0.0 ], [ 75.648172723434413, 22.943979215683107, 0.0 ], [ 75.64975268498884, 22.947594805842698, 0.0 ], [ 75.648524883365397, 22.94705228880122, 0.0 ], [ 75.648401151214998, 22.949679213288807, 0.0 ], [ 75.647611170866426, 22.948261055028414, 0.0 ], [ 75.644727263589942, 22.951202069104738, 0.0 ], [ 75.64681167141795, 22.951639889465508, 0.0 ], [ 75.646059800794916, 22.953588777889671, 0.0 ], [ 75.653117075708678, 22.958592847382839, 0.0 ], [ 75.663591192619975, 22.963567993481593, 0.0 ] ] ] } },
{ "type": "Feature", "properties": { "Vill_LGD": "475975", "Villl_name": "UJALIYA", "Sub_dist": "DEPALPUR", "District": "INDORE" }, "geometry": { "type": "Polygon", "coordinates": [ [ [ 75.681759219433943, 22.917496381850345, 0.0 ], [ 75.680249321043831, 22.914872850232815, 0.0 ], [ 75.6829619065809, 22.906949246052598, 0.0 ], [ 75.680049446127228, 22.903094518609759, 0.0 ], [ 75.681271030924734, 22.895238383779226, 0.0 ], [ 75.673539463423879, 22.894470284359556, 0.0 ], [ 75.670178473771685, 22.898979364430943, 0.0 ], [ 75.671451485823539, 22.899157823928551, 0.0 ], [ 75.666192877531529, 22.901216057464723, 0.0 ], [ 75.665449295451836, 22.909157509135021, 0.0 ], [ 75.661889789876426, 22.920504250261924, 0.0 ], [ 75.681759219433943, 22.917496381850345, 0.0 ] ] ] } },
{ "type": "Feature", "properties": { "Vill_LGD": "475976", "Villl_name": "KHADOTYA", "Sub_dist": "DEPALPUR", "District": "INDORE" }, "geometry": { "type": "Polygon", "coordinates": [ [ [ 75.670513446831876, 22.937838564244664, 0.0 ], [ 75.67005570966127, 22.934360636632981, 0.0 ], [ 75.675438050716792, 22.936145232482197, 0.0 ], [ 75.680549132197868, 22.933047174339723, 0.0 ], [ 75.68180548880413, 22.926394201090503, 0.0 ], [ 75.678407618299573, 22.922653688515556, 0.0 ], [ 75.683789959373058, 22.92082626302307, 0.0 ], [ 75.681759219433943, 22.917496381850345, 0.0 ], [ 75.661889789876426, 22.920504250261924, 0.0 ], [ 75.661660752107565, 22.93785171888489, 0.0 ], [ 75.670513446831876, 22.937838564244664, 0.0 ] ] ] } },
{ "type": "Feature", "properties": { "Vill_LGD": "475977", "Villl_name": "KHANDIA", "Sub_dist": "HATOD", "District": "INDORE" }, "geometry": { "type": "Polygon", "coordinates": [ [ [ 75.686773802303321, 22.886224774680713, 0.0 ], [ 75.691113939984916, 22.882760279795622, 0.0 ], [ 75.689419764188557, 22.880542621903299, 0.0 ], [ 75.690323959553737, 22.878591464112414, 0.0 ], [ 75.688477497251739, 22.878753267328683, 0.0 ], [ 75.688809101398178, 22.875287194913685, 0.0 ], [ 75.661766663957906, 22.869989330116329, 0.0 ], [ 75.661734826085123, 22.871945202755871, 0.0 ], [ 75.663462314173188, 22.872830362329818, 0.0 ], [ 75.664356991589727, 22.871136186697154, 0.0 ], [ 75.664985169720211, 22.873667931574929, 0.0 ], [ 75.667064818315978, 22.874291350779099, 0.0 ], [ 75.666469953296613, 22.878526792844884, 0.0 ], [ 75.668768511789324, 22.876923035407948, 0.0 ], [ 75.668159370224927, 22.878041382623625, 0.0 ], [ 75.670305644195125, 22.878060416491333, 0.0 ], [ 75.669420484845659, 22.881753341770779, 0.0 ], [ 75.671733321668654, 22.884204186055889, 0.0 ], [ 75.674441465752295, 22.894483521046169, 0.0 ], [ 75.681271030924734, 22.895238383779226, 0.0 ], [ 75.685403233797018, 22.891587446077615, 0.0 ], [ 75.686773802303321, 22.886224774680713, 0.0 ] ] ] } },
{ "type": "Feature", "properties": { "Vill_LGD": "475962", "Villl_name": "KARJODA", "Sub_dist": "DEPALPUR", "District": "INDORE" }, "geometry": { "type": "Polygon", "coordinates": [ [ [ 75.644086914129559, 22.938641712880198, 0.0 ], [ 75.642650967355323, 22.925409271376349, 0.0 ], [ 75.645292169562296, 22.925159429264802, 0.0 ], [ 75.645934623662512, 22.921798440051905, 0.0 ], [ 75.648647210449937, 22.921489110030851, 0.0 ], [ 75.642969588123762, 22.918611708647703, 0.0 ], [ 75.641303964997263, 22.913762366117787, 0.0 ], [ 75.635607536108395, 22.913538697722498, 0.0 ], [ 75.635583740340849, 22.911597056336529, 0.0 ], [ 75.633475539076798, 22.911130681418481, 0.0 ], [ 75.622958320903876, 22.91047871044055, 0.0 ], [ 75.621977706290593, 22.911981491233011, 0.0 ], [ 75.613449995488395, 22.912061051205832, 0.0 ], [ 75.61260890225816, 22.931374479158212, 0.0 ], [ 75.623685494163198, 22.931629846422084, 0.0 ], [ 75.630877335683934, 22.934171894871614, 0.0 ], [ 75.634689232154258, 22.937645908204892, 0.0 ], [ 75.644086914129559, 22.938641712880198, 0.0 ] ] ] } },
{ "type": "Feature", "properties": { "Vill_LGD": "475964", "Villl_name": "SUNALA", "Sub_dist": "DEPALPUR", "District": "INDORE" }, "geometry": { "type": "Polygon", "coordinates": [ [ [ 75.611284961108595, 22.955142630454283, 0.0 ], [ 75.646982992279717, 22.953410208643426, 0.0 ], [ 75.64681167141795, 22.951639889465508, 0.0 ], [ 75.644689191714917, 22.95084990885556, 0.0 ], [ 75.647611170866426, 22.948261055028414, 0.0 ], [ 75.648401151214998, 22.949679213288807, 0.0 ], [ 75.648524883365397, 22.94705228880122, 0.0 ], [ 75.64975268498884, 22.947594805842698, 0.0 ], [ 75.648565334105768, 22.942926304748188, 0.0 ], [ 75.649558759128851, 22.941843649109785, 0.0 ], [ 75.652402214662104, 22.943247531402427, 0.0 ], [ 75.651343355234701, 22.942283849314151, 0.0 ], [ 75.652955438938278, 22.941326116132934, 0.0 ], [ 75.651741913742896, 22.939815158499933, 0.0 ], [ 75.634689232154258, 22.937645908204892, 0.0 ], [ 75.630877335683934, 22.934171894871614, 0.0 ], [ 75.623685494163198, 22.931629846422084, 0.0 ], [ 75.61260890225816, 22.931374479158212, 0.0 ], [ 75.610848982880839, 22.93373669822666, 0.0 ], [ 75.607581838659982, 22.951326858109944, 0.0 ], [ 75.610861417668659, 22.951858973431335, 0.0 ], [ 75.611284961108595, 22.955142630454283, 0.0 ] ] ] } },
{ "type": "Feature", "properties": { "Vill_LGD": "475963", "Villl_name": "DEORA KHEDI", "Sub_dist": "DEPALPUR", "District": "INDORE" }, "geometry": { "type": "Polygon", "coordinates": [ [ [ 75.661660752107565, 22.93785171888489, 0.0 ], [ 75.661848495691856, 22.920791424702632, 0.0 ], [ 75.649165704438616, 22.920353472820029, 0.0 ], [ 75.645934623662512, 22.921798440051905, 0.0 ], [ 75.645292169562296, 22.925159429264802, 0.0 ], [ 75.642650967355323, 22.925409271376349, 0.0 ], [ 75.644110708029999, 22.938874900314811, 0.0 ], [ 75.651741913742896, 22.939815158499933, 0.0 ], [ 75.65271154461567, 22.937709335184206, 0.0 ], [ 75.661660752107565, 22.93785171888489, 0.0 ] ] ] } },
{ "type": "Feature", "properties": { "Vill_LGD": "475973", "Villl_name": "ATAHEDA", "Sub_dist": "DEPALPUR", "District": "INDORE" }, "geometry": { "type": "Polygon", "coordinates": [ [ [ 75.65219961913445, 22.920462092772524, 0.0 ], [ 75.652906597772287, 22.904041801168407, 0.0 ], [ 75.655336113178507, 22.89195458785645, 0.0 ], [ 75.648987711854062, 22.891878444646895, 0.0 ], [ 75.648240560085839, 22.889222966830097, 0.0 ], [ 75.640607249660974, 22.888156967920228, 0.0 ], [ 75.619117301222033, 22.891426125945141, 0.0 ], [ 75.601724238435821, 22.888244470254964, 0.0 ], [ 75.601250233713841, 22.912045812142818, 0.0 ], [ 75.633475539076798, 22.911130681418481, 0.0 ], [ 75.635583740340849, 22.911597056336529, 0.0 ], [ 75.635607536108395, 22.913538697722498, 0.0 ], [ 75.641303964997263, 22.913762366117787, 0.0 ], [ 75.642969588123762, 22.918611708647703, 0.0 ], [ 75.65219961913445, 22.920462092772524, 0.0 ] ] ] } },
{ "type": "Feature", "properties": { "Vill_LGD": "475965", "Villl_name": "KAI", "Sub_dist": "DEPALPUR", "District": "INDORE" }, "geometry": { "type": "Polygon", "coordinates": [ [ [ 75.579194969316035, 22.939686907428985, 0.0 ], [ 75.577563613640095, 22.937272726594401, 0.0 ], [ 75.57351852939459, 22.935916433081832, 0.0 ], [ 75.574289474435531, 22.933413240244189, 0.0 ], [ 75.572604816855261, 22.932090259520283, 0.0 ], [ 75.570982025535784, 22.932085501794798, 0.0 ], [ 75.5719956741967, 22.933232401067812, 0.0 ], [ 75.570715525002697, 22.934883747543999, 0.0 ], [ 75.567184404598279, 22.933851060838645, 0.0 ], [ 75.568255161767425, 22.931880867865832, 0.0 ], [ 75.565775763276008, 22.929986817403051, 0.0 ], [ 75.566337317369118, 22.927436034469952, 0.0 ], [ 75.56509523719518, 22.928354505302686, 0.0 ], [ 75.564381399509386, 22.927112427732546, 0.0 ], [ 75.566565745350431, 22.92618919712212, 0.0 ], [ 75.56638490629831, 22.924042922716534, 0.0 ], [ 75.568150465647292, 22.924471226078918, 0.0 ], [ 75.567151092678941, 22.923057825610883, 0.0 ], [ 75.568307510225324, 22.919802723553516, 0.0 ], [ 75.566123164307541, 22.919469599776804, 0.0 ], [ 75.567171625332122, 22.91682796781528, 0.0 ], [ 75.544585951171285, 22.917897937113555, 0.0 ], [ 75.545960633817671, 22.93260284282487, 0.0 ], [ 75.543911917887073, 22.93352369526346, 0.0 ], [ 75.544598832429301, 22.938982896610362, 0.0 ], [ 75.557356210123089, 22.941028259200376, 0.0 ], [ 75.560990338906421, 22.946298759601511, 0.0 ], [ 75.579194969316035, 22.939686907428985, 0.0 ] ] ] } },
{ "type": "Feature", "properties": { "Vill_LGD": "475983", "Villl_name": "GANGAJAL KHEDI", "Sub_dist": "DEPALPUR", "District": "INDORE" }, "geometry": { "type": "Polygon", "coordinates": [ [ [ 75.604466964341697, 22.862136819225846, 0.0 ], [ 75.635515829862157, 22.864537326719439, 0.0 ], [ 75.634419926367713, 22.855202857024395, 0.0 ], [ 75.627833630759781, 22.84651061275715, 0.0 ], [ 75.62254516124024, 22.845111497752374, 0.0 ], [ 75.617445847335546, 22.845752413495859, 0.0 ], [ 75.607437493774285, 22.853052897828263, 0.0 ], [ 75.604351111273431, 22.860335122492621, 0.0 ], [ 75.604466964341697, 22.862136819225846, 0.0 ] ] ] } },
{ "type": "Feature", "properties": { "Vill_LGD": "475981", "Villl_name": "NANDRA", "Sub_dist": "DEPALPUR", "District": "INDORE" }, "geometry": { "type": "Polygon", "coordinates": [ [ [ 75.636351899993301, 22.88200611143596, 0.0 ], [ 75.631458677110885, 22.865086756430525, 0.0 ], [ 75.624344982077304, 22.865225359265608, 0.0 ], [ 75.608117058024689, 22.862122542432168, 0.0 ], [ 75.600277289152643, 22.863369109751353, 0.0 ], [ 75.603855658071907, 22.87589629648015, 0.0 ], [ 75.604374959371114, 22.883447631972864, 0.0 ], [ 75.636351899993301, 22.88200611143596, 0.0 ] ] ] } },
{ "type": "Feature", "properties": { "Vill_LGD": "475982", "Villl_name": "NOGAWAN SURF", "Sub_dist": "DEPALPUR", "District": "INDORE" }, "geometry": { "type": "Polygon", "coordinates": [ [ [ 75.666139361882657, 22.87800732614544, 0.0 ], [ 75.666974398602449, 22.874148583579103, 0.0 ], [ 75.664985169720211, 22.873667931574929, 0.0 ], [ 75.664356991589727, 22.871136186697154, 0.0 ], [ 75.662838895047415, 22.872830362272762, 0.0 ], [ 75.660489300939091, 22.869501039039147, 0.0 ], [ 75.650488426032638, 22.870478996664605, 0.0 ], [ 75.643028816622106, 22.865831910080026, 0.0 ], [ 75.631458677110885, 22.865086756430525, 0.0 ], [ 75.636009257674147, 22.88055514025433, 0.0 ], [ 75.666139361882657, 22.87800732614544, 0.0 ] ] ] } },
{ "type": "Feature", "properties": { "Vill_LGD": "475979", "Villl_name": "SHAHPURA", "Sub_dist": "DEPALPUR", "District": "INDORE" }, "geometry": { "type": "Polygon", "coordinates": [ [ [ 75.648987711854062, 22.891878444646895, 0.0 ], [ 75.674745718870554, 22.893779136786996, 0.0 ], [ 75.671733321668654, 22.884204186055889, 0.0 ], [ 75.669420484845659, 22.881753341770779, 0.0 ], [ 75.670305644195125, 22.878060416491333, 0.0 ], [ 75.668159370224927, 22.878041382623625, 0.0 ], [ 75.668768511789324, 22.876923035407948, 0.0 ], [ 75.666603203171476, 22.878541068218929, 0.0 ], [ 75.636009258093608, 22.880507051227763, 0.0 ], [ 75.636351899993301, 22.88200611143596, 0.0 ], [ 75.641611381666394, 22.882160727212337, 0.0 ], [ 75.640607249660974, 22.888156967920228, 0.0 ], [ 75.648240560085839, 22.889222966830097, 0.0 ], [ 75.648987711854062, 22.891878444646895, 0.0 ] ] ] } },
{ "type": "Feature", "properties": { "Vill_LGD": "475978", "Villl_name": "BANYA KHEDI", "Sub_dist": "DEPALPUR", "District": "INDORE" }, "geometry": { "type": "Polygon", "coordinates": [ [ [ 75.661848495691856, 22.920791424702632, 0.0 ], [ 75.666192877531529, 22.901216057464723, 0.0 ], [ 75.671451485823539, 22.899157823928551, 0.0 ], [ 75.670178473771685, 22.898979364430943, 0.0 ], [ 75.673672239580213, 22.894319772236091, 0.0 ], [ 75.654829202807235, 22.893362779870586, 0.0 ], [ 75.65219961913445, 22.920462092772524, 0.0 ], [ 75.661848495691856, 22.920791424702632, 0.0 ] ] ] } },
{ "type": "Feature", "properties": { "Vill_LGD": "475974", "Villl_name": "GHEHUN KHEDI", "Sub_dist": "DEPALPUR", "District": "INDORE" }, "geometry": { "type": "Polygon", "coordinates": [ [ [ 75.640607249660974, 22.888156967920228, 0.0 ], [ 75.641611381666394, 22.882160727212337, 0.0 ], [ 75.636351899993301, 22.88200611143596, 0.0 ], [ 75.604374959371114, 22.883447631972864, 0.0 ], [ 75.60214778227234, 22.888353926383054, 0.0 ], [ 75.619117301222033, 22.891426125945141, 0.0 ], [ 75.640607249660974, 22.888156967920228, 0.0 ] ] ] } },
{ "type": "Feature", "properties": { "Vill_LGD": "475923", "Villl_name": "BACHHODA", "Sub_dist": "DEPALPUR", "District": "INDORE" }, "geometry": { "type": "Polygon", "coordinates": [ [ [ 75.490309237950882, 22.9785497093537, 0.0 ], [ 75.518611934597985, 22.974084090809541, 0.0 ], [ 75.517855134108174, 22.953537961281288, 0.0 ], [ 75.48727542592016, 22.960537190250104, 0.0 ], [ 75.486287949298628, 22.965748210454212, 0.0 ], [ 75.488096339808678, 22.967949210461313, 0.0 ], [ 75.490309237950882, 22.9785497093537, 0.0 ] ] ] } },
{ "type": "Feature", "properties": { "Vill_LGD": "475922", "Villl_name": "NOLANA", "Sub_dist": "DEPALPUR", "District": "INDORE" }, "geometry": { "type": "Polygon", "coordinates": [ [ [ 75.517855134108174, 22.953537961281288, 0.0 ], [ 75.513859326755409, 22.9471865599469, 0.0 ], [ 75.51208900713192, 22.946979546862902, 0.0 ], [ 75.51171067357096, 22.943745859389626, 0.0 ], [ 75.50439383010945, 22.941761389317151, 0.0 ], [ 75.498852859726668, 22.9359713670381, 0.0 ], [ 75.490506898866997, 22.936726846009115, 0.0 ], [ 75.4874545749161, 22.934928497484741, 0.0 ], [ 75.4849792453074, 22.941073199202258, 0.0 ], [ 75.486038105344704, 22.950602940355346, 0.0 ], [ 75.488465156403919, 22.953969878607076, 0.0 ], [ 75.493569100285043, 22.955100121654823, 0.0 ], [ 75.494369853527402, 22.958693062928234, 0.0 ], [ 75.517855134108174, 22.953537961281288, 0.0 ] ] ] } },
{ "type": "Feature", "properties": { "Vill_LGD": "475951", "Villl_name": "MENDAKWAS", "Sub_dist": "DEPALPUR", "District": "INDORE" }, "geometry": { "type": "Polygon", "coordinates": [ [ [ 75.528416503806696, 22.967672633808974, 0.0 ], [ 75.538096229914089, 22.964924482508856, 0.0 ], [ 75.543250822834793, 22.95146574888064, 0.0 ], [ 75.544735607280884, 22.945031684934619, 0.0 ], [ 75.543983302282058, 22.934244670772514, 0.0 ], [ 75.527001088689119, 22.940762015131572, 0.0 ], [ 75.52028387114882, 22.946901023652487, 0.0 ], [ 75.514002094305141, 22.94833583863155, 0.0 ], [ 75.518248242938654, 22.955009366784804, 0.0 ], [ 75.518837026057852, 22.971619634089105, 0.0 ], [ 75.527263655279413, 22.971066935008832, 0.0 ], [ 75.528416503806696, 22.967672633808974, 0.0 ] ] ] } },
{ "type": "Feature", "properties": { "Vill_LGD": "475966", "Villl_name": "KATKODA", "Sub_dist": "DEPALPUR", "District": "INDORE" }, "geometry": { "type": "Polygon", "coordinates": [ [ [ 75.609324898295029, 22.943155300931917, 0.0 ], [ 75.610848982880839, 22.93373669822666, 0.0 ], [ 75.61260890225816, 22.931374479158212, 0.0 ], [ 75.614128140790442, 22.919175639930028, 0.0 ], [ 75.613307454519912, 22.912029563353979, 0.0 ], [ 75.59943495602198, 22.912599305990572, 0.0 ], [ 75.59942469414149, 22.919607816589327, 0.0 ], [ 75.589692698448786, 22.923403056191503, 0.0 ], [ 75.588265020755486, 22.926698609777638, 0.0 ], [ 75.58581417727116, 22.927805059542987, 0.0 ], [ 75.586629141321296, 22.928982892257498, 0.0 ], [ 75.582988566892439, 22.930993537589138, 0.0 ], [ 75.582435342460101, 22.934068990066649, 0.0 ], [ 75.577690052126471, 22.937385273689486, 0.0 ], [ 75.580304752723265, 22.941213113678451, 0.0 ], [ 75.579747958747788, 22.942526576113053, 0.0 ], [ 75.586978683752591, 22.941018826669175, 0.0 ], [ 75.587334032116431, 22.942753567231076, 0.0 ], [ 75.593692809560878, 22.945485882224631, 0.0 ], [ 75.609324898295029, 22.943155300931917, 0.0 ] ] ] } },
{ "type": "Feature", "properties": { "Vill_LGD": "475967", "Villl_name": "KADODA", "Sub_dist": "DEPALPUR", "District": "INDORE" }, "geometry": { "type": "Polygon", "coordinates": [ [ [ 75.587023510960634, 22.957735095654535, 0.0 ], [ 75.589222972996694, 22.954947362712083, 0.0 ], [ 75.584868558180972, 22.95263452682978, 0.0 ], [ 75.587267056199423, 22.951401965555583, 0.0 ], [ 75.586762610189865, 22.950121815515143, 0.0 ], [ 75.584854281727658, 22.949950495565087, 0.0 ], [ 75.585211200851219, 22.951192573472216, 0.0 ], [ 75.581594420978135, 22.949760138454351, 0.0 ], [ 75.582236875716433, 22.947742354854178, 0.0 ], [ 75.579194969316035, 22.939686907428985, 0.0 ], [ 75.560989794344209, 22.946299211686682, 0.0 ], [ 75.564921855007768, 22.961533711100074, 0.0 ], [ 75.587023510960634, 22.957735095654535, 0.0 ] ] ] } },
{ "type": "Feature", "properties": { "Vill_LGD": "475952", "Villl_name": "PITAWALI", "Sub_dist": "DEPALPUR", "District": "INDORE" }, "geometry": { "type": "Polygon", "coordinates": [ [ [ 75.565221757991551, 22.966512435446258, 0.0 ], [ 75.56563764795294, 22.963652445931739, 0.0 ], [ 75.560253203598208, 22.944460632178121, 0.0 ], [ 75.557356210123089, 22.941028259200376, 0.0 ], [ 75.544598832429301, 22.938982896610362, 0.0 ], [ 75.543674366415004, 22.950171321249293, 0.0 ], [ 75.538096229914089, 22.964924482508856, 0.0 ], [ 75.565221757991551, 22.966512435446258, 0.0 ] ] ] } },
{ "type": "Feature", "properties": { "Vill_LGD": "475968", "Villl_name": "BARDA KHEDI", "Sub_dist": "DEPALPUR", "District": "INDORE" }, "geometry": { "type": "Polygon", "coordinates": [ [ [ 75.607581838659982, 22.951326858109944, 0.0 ], [ 75.609324898295029, 22.943155300931917, 0.0 ], [ 75.593778470931667, 22.945490641332547, 0.0 ], [ 75.587334032116431, 22.942753567231076, 0.0 ], [ 75.586978683752591, 22.941018826669175, 0.0 ], [ 75.580140801624481, 22.942676057401052, 0.0 ], [ 75.582236875716433, 22.947742354854178, 0.0 ], [ 75.581594420978135, 22.949760138454351, 0.0 ], [ 75.585211200851219, 22.951192573472216, 0.0 ], [ 75.584854281727658, 22.949950495565087, 0.0 ], [ 75.586762610189865, 22.950121815515143, 0.0 ], [ 75.587267056199423, 22.951401965555583, 0.0 ], [ 75.584868558180972, 22.95263452682978, 0.0 ], [ 75.589175383228422, 22.954847425335199, 0.0 ], [ 75.587224185712699, 22.957319753232429, 0.0 ], [ 75.607581838659982, 22.951326858109944, 0.0 ] ] ] } },
{ "type": "Feature", "properties": { "Vill_LGD": "475969", "Villl_name": "KAKWA", "Sub_dist": "DEPALPUR", "District": "INDORE" }, "geometry": { "type": "Polygon", "coordinates": [ [ [ 75.59943495602198, 22.912599305990572, 0.0 ], [ 75.566470567462829, 22.918227519319622, 0.0 ], [ 75.566142201504064, 22.91954098341423, 0.0 ], [ 75.568416966636974, 22.92008825943417, 0.0 ], [ 75.567151092678941, 22.923057825610883, 0.0 ], [ 75.568150465647292, 22.924471226078918, 0.0 ], [ 75.56638490629831, 22.924042922716534, 0.0 ], [ 75.566565745350431, 22.92618919712212, 0.0 ], [ 75.564386159276594, 22.927231400724171, 0.0 ], [ 75.566565745263048, 22.927902409047903, 0.0 ], [ 75.565775763276008, 22.929986817403051, 0.0 ], [ 75.568255161767425, 22.931880867865832, 0.0 ], [ 75.567255788436881, 22.93397003398162, 0.0 ], [ 75.569121285462884, 22.933427517435856, 0.0 ], [ 75.570715525002697, 22.934883747543999, 0.0 ], [ 75.5719956741967, 22.933232401067812, 0.0 ], [ 75.570982025535784, 22.932085501794798, 0.0 ], [ 75.572252656571976, 22.931980804873888, 0.0 ], [ 75.574289474435531, 22.933413240244189, 0.0 ], [ 75.57351852939459, 22.935916433081832, 0.0 ], [ 75.579038661566145, 22.936805370196023, 0.0 ], [ 75.582435342460101, 22.934068990066649, 0.0 ], [ 75.58313133343195, 22.93083292269915, 0.0 ], [ 75.586629141321296, 22.928982892257498, 0.0 ], [ 75.58581417727116, 22.927805059542987, 0.0 ], [ 75.588265020755486, 22.926698609777638, 0.0 ], [ 75.589692698448786, 22.923403056191503, 0.0 ], [ 75.59942469414149, 22.919607816589327, 0.0 ], [ 75.59943495602198, 22.912599305990572, 0.0 ] ] ] } },
{ "type": "Feature", "properties": { "Vill_LGD": "475994", "Villl_name": "CHANDER", "Sub_dist": "DEPALPUR", "District": "INDORE" }, "geometry": { "type": "Polygon", "coordinates": [ [ [ 75.499003192635797, 22.808136193173603, 0.0 ], [ 75.518151530022081, 22.809884290427256, 0.0 ], [ 75.520432828804303, 22.797840668805726, 0.0 ], [ 75.523347667950247, 22.79701380704569, 0.0 ], [ 75.52368674089368, 22.792730776404653, 0.0 ], [ 75.527101267855514, 22.788941484604123, 0.0 ], [ 75.529070271834826, 22.788816562814365, 0.0 ], [ 75.530025161781467, 22.783675511520812, 0.0 ], [ 75.532841220258177, 22.780437080748147, 0.0 ], [ 75.525228475161668, 22.777366316704942, 0.0 ], [ 75.513501466861783, 22.77572107499288, 0.0 ], [ 75.497444467771473, 22.775912621878625, 0.0 ], [ 75.496665193470918, 22.777834036116683, 0.0 ], [ 75.486469203907077, 22.778179058000728, 0.0 ], [ 75.485553701401045, 22.780317661098181, 0.0 ], [ 75.481942869038903, 22.77805717364468, 0.0 ], [ 75.478397471780525, 22.778782908770303, 0.0 ], [ 75.477049376479144, 22.783385953061334, 0.0 ], [ 75.480347309135468, 22.786602984620291, 0.0 ], [ 75.480223576820066, 22.789196596249379, 0.0 ], [ 75.474990470682897, 22.801180184647368, 0.0 ], [ 75.475704924210461, 22.804883275829113, 0.0 ], [ 75.470278563033531, 22.812284590310995, 0.0 ], [ 75.472715130095708, 22.813312517356014, 0.0 ], [ 75.472961993154058, 22.815235337193744, 0.0 ], [ 75.479363122790815, 22.814651156854133, 0.0 ], [ 75.480267316628115, 22.808597807776032, 0.0 ], [ 75.499003192635797, 22.808136193173603, 0.0 ] ] ] } },
{ "type": "Feature", "properties": { "Vill_LGD": "475953", "Villl_name": "FARKODA", "Sub_dist": "DEPALPUR", "District": "INDORE" }, "geometry": { "type": "Polygon", "coordinates": [ [ [ 75.527001088689119, 22.940762015131572, 0.0 ], [ 75.545960633817671, 22.93260284282487, 0.0 ], [ 75.544585951171285, 22.917897937113555, 0.0 ], [ 75.540177769392031, 22.916171055566011, 0.0 ], [ 75.529564285178267, 22.916142154361498, 0.0 ], [ 75.518662832655863, 22.9178253083066, 0.0 ], [ 75.501804732793389, 22.925501794007445, 0.0 ], [ 75.49962023452791, 22.936708999704344, 0.0 ], [ 75.504793580251217, 22.941996954752049, 0.0 ], [ 75.512360266455957, 22.944188438855157, 0.0 ], [ 75.51208900713192, 22.946979546862902, 0.0 ], [ 75.514002094305141, 22.94833583863155, 0.0 ], [ 75.52028387114882, 22.946901023652487, 0.0 ], [ 75.527001088689119, 22.940762015131572, 0.0 ] ] ] } },
{ "type": "Feature", "properties": { "Vill_LGD": "475950", "Villl_name": "SATER", "Sub_dist": "DEPALPUR", "District": "INDORE" }, "geometry": { "type": "Polygon", "coordinates": [ [ [ 75.49969306760471, 22.936475752844061, 0.0 ], [ 75.501804732793389, 22.925501794007445, 0.0 ], [ 75.508344590241549, 22.923281249733346, 0.0 ], [ 75.506772515551475, 22.911544985409069, 0.0 ], [ 75.502332442443389, 22.902993203259236, 0.0 ], [ 75.497499756796032, 22.904071099171279, 0.0 ], [ 75.494277965444027, 22.901502470660212, 0.0 ], [ 75.490054422863068, 22.903061018496935, 0.0 ], [ 75.484057688860958, 22.902781024625583, 0.0 ], [ 75.485562214508533, 22.918123297947307, 0.0 ], [ 75.489274173369694, 22.925059427783296, 0.0 ], [ 75.487346809245622, 22.928997435422044, 0.0 ], [ 75.4874545749161, 22.934928497484741, 0.0 ], [ 75.490506898866997, 22.936726846009115, 0.0 ], [ 75.49969306760471, 22.936475752844061, 0.0 ] ] ] } },
{ "type": "Feature", "properties": { "Vill_LGD": "475949", "Villl_name": "BHIDOTA", "Sub_dist": "DEPALPUR", "District": "INDORE" }, "geometry": { "type": "Polygon", "coordinates": [ [ [ 75.494474451346463, 22.901986552080977, 0.0 ], [ 75.505502797786747, 22.895577649963034, 0.0 ], [ 75.51594043698897, 22.893440327398295, 0.0 ], [ 75.513978834144154, 22.874126143790374, 0.0 ], [ 75.505680463332368, 22.875095772432815, 0.0 ], [ 75.49289324140409, 22.879594143810692, 0.0 ], [ 75.484926840312511, 22.879986595590101, 0.0 ], [ 75.484015563287969, 22.889331820500388, 0.0 ], [ 75.481124519422508, 22.894780784903407, 0.0 ], [ 75.484057688860958, 22.902781024625583, 0.0 ], [ 75.494474451346463, 22.901986552080977, 0.0 ] ] ] } },
{ "type": "Feature", "properties": { "Vill_LGD": "475986", "Villl_name": "MUNDIPUR", "Sub_dist": "DEPALPUR", "District": "INDORE" }, "geometry": { "type": "Polygon", "coordinates": [ [ [ 75.559286334595342, 22.902233446022251, 0.0 ], [ 75.559094084674115, 22.900712379325359, 0.0 ], [ 75.560797778828103, 22.900222209724159, 0.0 ], [ 75.558399282628301, 22.897252643469663, 0.0 ], [ 75.560231466736141, 22.894211691751394, 0.0 ], [ 75.557752068763222, 22.89353116615159, 0.0 ], [ 75.559650878882721, 22.89192264979463, 0.0 ], [ 75.559163000642755, 22.882836276147504, 0.0 ], [ 75.544180142775048, 22.883888476578491, 0.0 ], [ 75.5418530304797, 22.900884967309963, 0.0 ], [ 75.559286334595342, 22.902233446022251, 0.0 ] ] ] } },
{ "type": "Feature", "properties": { "Vill_LGD": "475984", "Villl_name": "BANEDIA", "Sub_dist": "DEPALPUR", "District": "INDORE" }, "geometry": { "type": "Polygon", "coordinates": [ [ [ 75.579910000170784, 22.891730203096785, 0.0 ], [ 75.596272406861885, 22.889552786751356, 0.0 ], [ 75.601627206807876, 22.890412880870937, 0.0 ], [ 75.604374959508888, 22.883471271811359, 0.0 ], [ 75.604268186921217, 22.879272932507256, 0.0 ], [ 75.600214071159769, 22.863221072877423, 0.0 ], [ 75.575436743085376, 22.868396400819023, 0.0 ], [ 75.573718772463053, 22.872381998311887, 0.0 ], [ 75.562154591787106, 22.87056171041548, 0.0 ], [ 75.556000116149491, 22.865298343279967, 0.0 ], [ 75.546928420173273, 22.871824014470217, 0.0 ], [ 75.541265304613901, 22.872775798708272, 0.0 ], [ 75.545755742946682, 22.878140055551455, 0.0 ], [ 75.545795164828277, 22.88352604035774, 0.0 ], [ 75.553419754412474, 22.882393012505396, 0.0 ], [ 75.568016394408005, 22.884097869159458, 0.0 ], [ 75.573114388739796, 22.890742513690185, 0.0 ], [ 75.579910000170784, 22.891730203096785, 0.0 ] ] ] } },
{ "type": "Feature", "properties": { "Vill_LGD": "475948", "Villl_name": "GOKALPUR", "Sub_dist": "DEPALPUR", "District": "INDORE" }, "geometry": { "type": "Polygon", "coordinates": [ [ [ 75.541919534271784, 22.916399483209094, 0.0 ], [ 75.542094707607987, 22.897427378970676, 0.0 ], [ 75.531124833732264, 22.89746218276737, 0.0 ], [ 75.520726589351284, 22.893597938788993, 0.0 ], [ 75.51487592739015, 22.893513096121481, 0.0 ], [ 75.523380302629022, 22.897310517391166, 0.0 ], [ 75.506067113669801, 22.910572990323338, 0.0 ], [ 75.508344590241549, 22.923281249733346, 0.0 ], [ 75.518701534980408, 22.917813904668897, 0.0 ], [ 75.529564285178267, 22.916142154361498, 0.0 ], [ 75.541919534271784, 22.916399483209094, 0.0 ] ] ] } },
{ "type": "Feature", "properties": { "Vill_LGD": "475985", "Villl_name": "BIRGODA", "Sub_dist": "DEPALPUR", "District": "INDORE" }, "geometry": { "type": "Polygon", "coordinates": [ [ [ 75.542094707607987, 22.897427378970676, 0.0 ], [ 75.545808090578191, 22.878525529082388, 0.0 ], [ 75.54154409668682, 22.873000419682182, 0.0 ], [ 75.526298493780203, 22.874090450971078, 0.0 ], [ 75.514514213062867, 22.877296774905698, 0.0 ], [ 75.51594043698897, 22.893440327398295, 0.0 ], [ 75.5209978480937, 22.893664563966855, 0.0 ], [ 75.532100412657201, 22.897628746042411, 0.0 ], [ 75.542094707607987, 22.897427378970676, 0.0 ] ] ] } },
{ "type": "Feature", "properties": { "Vill_LGD": "475970", "Villl_name": "KHIMALAWDA", "Sub_dist": "DEPALPUR", "District": "INDORE" }, "geometry": { "type": "Polygon", "coordinates": [ [ [ 75.576413273187143, 22.916676283300838, 0.0 ], [ 75.601213781080276, 22.912414465174784, 0.0 ], [ 75.601849109185494, 22.910568777135804, 0.0 ], [ 75.601627206807876, 22.890412880870937, 0.0 ], [ 75.596272406861885, 22.889552786751356, 0.0 ], [ 75.579910000170784, 22.891730203096785, 0.0 ], [ 75.574599664072906, 22.899664226444038, 0.0 ], [ 75.568877060615662, 22.901234671259928, 0.0 ], [ 75.569763409134168, 22.909925652600904, 0.0 ], [ 75.574076182678311, 22.910110060828739, 0.0 ], [ 75.576413273187143, 22.916676283300838, 0.0 ] ] ] } },
{ "type": "Feature", "properties": { "Vill_LGD": "475971", "Villl_name": "JALALPURA", "Sub_dist": "DEPALPUR", "District": "INDORE" }, "geometry": { "type": "Polygon", "coordinates": [ [ [ 75.541948087979307, 22.916994347356429, 0.0 ], [ 75.567071687506953, 22.916792277399836, 0.0 ], [ 75.567350085422788, 22.917927278882889, 0.0 ], [ 75.576413273187143, 22.916676283300838, 0.0 ], [ 75.574076182678311, 22.910110060828739, 0.0 ], [ 75.569763409134168, 22.909925652600904, 0.0 ], [ 75.568877060615662, 22.901234671259928, 0.0 ], [ 75.559905182183897, 22.904109655027057, 0.0 ], [ 75.559284143926732, 22.902225121519344, 0.0 ], [ 75.542000709848907, 22.901040156168456, 0.0 ], [ 75.541948087979307, 22.916994347356429, 0.0 ] ] ] } },
{ "type": "Feature", "properties": { "Vill_LGD": "475972", "Villl_name": "MUNDLAKALMA", "Sub_dist": "DEPALPUR", "District": "INDORE" }, "geometry": { "type": "Polygon", "coordinates": [ [ [ 75.559491157347054, 22.903952609215139, 0.0 ], [ 75.574599664072906, 22.899664226444038, 0.0 ], [ 75.579910000170784, 22.891730203096785, 0.0 ], [ 75.573114388739796, 22.890742513690185, 0.0 ], [ 75.568016394408005, 22.884097869159458, 0.0 ], [ 75.559163000642755, 22.882836276147504, 0.0 ], [ 75.559650878882721, 22.89192264979463, 0.0 ], [ 75.557752068763222, 22.89353116615159, 0.0 ], [ 75.560502726404962, 22.89519203022715, 0.0 ], [ 75.558389763575335, 22.897128910968256, 0.0 ], [ 75.560783501786474, 22.899979504840228, 0.0 ], [ 75.55905125359152, 22.900812316948851, 0.0 ], [ 75.559491157347054, 22.903952609215139, 0.0 ] ] ] } },
{ "type": "Feature", "properties": { "Vill_LGD": "475989", "Villl_name": "HARNASA", "Sub_dist": "DEPALPUR", "District": "INDORE" }, "geometry": { "type": "Polygon", "coordinates": [ [ [ 75.572711916661873, 22.790708627421942, 0.0 ], [ 75.570198502007656, 22.781351065679754, 0.0 ], [ 75.566532178052967, 22.779367677891209, 0.0 ], [ 75.544766057973234, 22.779033363380297, 0.0 ], [ 75.546244995277632, 22.790964102276615, 0.0 ], [ 75.552103163555842, 22.792195321048464, 0.0 ], [ 75.572711916661873, 22.790708627421942, 0.0 ] ] ] } },
{ "type": "Feature", "properties": { "Vill_LGD": "475980", "Villl_name": "CHIMAN KHEDI", "Sub_dist": "DEPALPUR", "District": "INDORE" }, "geometry": { "type": "Polygon", "coordinates": [ [ [ 75.575253525089721, 22.868539169018604, 0.0 ], [ 75.604322372171467, 22.862006867552623, 0.0 ], [ 75.607437493774285, 22.853052897828263, 0.0 ], [ 75.591710559710791, 22.845273001994908, 0.0 ], [ 75.590518120239679, 22.846930756332156, 0.0 ], [ 75.584025100765828, 22.844727162286251, 0.0 ], [ 75.57725553379764, 22.848825783008451, 0.0 ], [ 75.576696360404242, 22.851758468786297, 0.0 ], [ 75.57830844487971, 22.852406872137855, 0.0 ], [ 75.575253525089721, 22.868539169018604, 0.0 ] ] ] } },
{ "type": "Feature", "properties": { "Vill_LGD": "475988", "Villl_name": "JALODIYA PANTH", "Sub_dist": "DEPALPUR", "District": "INDORE" }, "geometry": { "type": "Polygon", "coordinates": [ [ [ 75.586105940826997, 22.814503754224258, 0.0 ], [ 75.586075111814054, 22.813078759319186, 0.0 ], [ 75.584175111169216, 22.812957474311585, 0.0 ], [ 75.582200971374533, 22.796102271060494, 0.0 ], [ 75.576214483108458, 22.791936430155253, 0.0 ], [ 75.572892754481359, 22.790689591366416, 0.0 ], [ 75.552045253376548, 22.792189739819907, 0.0 ], [ 75.549742718781104, 22.806195211084315, 0.0 ], [ 75.556265056646623, 22.807843540099089, 0.0 ], [ 75.55808570383428, 22.818913430381116, 0.0 ], [ 75.564073122532662, 22.819198866397965, 0.0 ], [ 75.586105940826997, 22.814503754224258, 0.0 ] ] ] } },
{ "type": "Feature", "properties": { "Vill_LGD": "475993", "Villl_name": "BADOLI HOJ", "Sub_dist": "DEPALPUR", "District": "INDORE" }, "geometry": { "type": "Polygon", "coordinates": [ [ [ 75.578350086302834, 22.847743128697747, 0.0 ], [ 75.586142291100685, 22.844827312694417, 0.0 ], [ 75.58574254133562, 22.832949044389448, 0.0 ], [ 75.587917563914161, 22.823223880289611, 0.0 ], [ 75.586105940826997, 22.814503754224258, 0.0 ], [ 75.561446692467541, 22.819282246923223, 0.0 ], [ 75.559245871264935, 22.823158420055925, 0.0 ], [ 75.561054486110123, 22.823651987857197, 0.0 ], [ 75.560875622588753, 22.832131336426659, 0.0 ], [ 75.563319834993891, 22.839546860309618, 0.0 ], [ 75.568310503665245, 22.838647098602195, 0.0 ], [ 75.568845511895105, 22.839695767341311, 0.0 ], [ 75.569237570450582, 22.847645274884883, 0.0 ], [ 75.578350086302834, 22.847743128697747, 0.0 ] ] ] } },
{ "type": "Feature", "properties": { "Vill_LGD": "475996", "Villl_name": "BARODA PANTH", "Sub_dist": "DEPALPUR", "District": "INDORE" }, "geometry": { "type": "Polygon", "coordinates": [ [ [ 75.550166506955549, 22.802168378969583, 0.0 ], [ 75.552045253376548, 22.792189739819907, 0.0 ], [ 75.546168853213175, 22.790897478449605, 0.0 ], [ 75.544689915650437, 22.779623470312764, 0.0 ], [ 75.532726854514706, 22.780469525861132, 0.0 ], [ 75.530025161781467, 22.783675511520812, 0.0 ], [ 75.529070271834826, 22.788816562814365, 0.0 ], [ 75.527101267855514, 22.788941484604123, 0.0 ], [ 75.52368674089368, 22.792730776404653, 0.0 ], [ 75.523347667950247, 22.79701380704569, 0.0 ], [ 75.520432828804303, 22.797840668805726, 0.0 ], [ 75.520730261403799, 22.800059516570695, 0.0 ], [ 75.550166506955549, 22.802168378969583, 0.0 ] ] ] } },
{ "type": "Feature", "properties": { "Vill_LGD": "475990", "Villl_name": "KHADI", "Sub_dist": "DEPALPUR", "District": "INDORE" }, "geometry": { "type": "Polygon", "coordinates": [ [ [ 75.53921598604731, 22.817863235546554, 0.0 ], [ 75.540018628322514, 22.812625687911833, 0.0 ], [ 75.544387317697968, 22.807819176497553, 0.0 ], [ 75.549517436118364, 22.80819037283009, 0.0 ], [ 75.550166506955549, 22.802168378969583, 0.0 ], [ 75.520730261403799, 22.800059516570695, 0.0 ], [ 75.518570900306301, 22.813176296265908, 0.0 ], [ 75.524900266204028, 22.812057949866094, 0.0 ], [ 75.527435527067325, 22.813778554754766, 0.0 ], [ 75.527598961159399, 22.817644176312676, 0.0 ], [ 75.53921598604731, 22.817863235546554, 0.0 ] ] ] } },
{ "type": "Feature", "properties": { "Vill_LGD": "475991", "Villl_name": "GIRODA", "Sub_dist": "DEPALPUR", "District": "INDORE" }, "geometry": { "type": "Polygon", "coordinates": [ [ [ 75.557128855409488, 22.827092572816326, 0.0 ], [ 75.561446692467541, 22.819282246923223, 0.0 ], [ 75.55808570383428, 22.818913430381116, 0.0 ], [ 75.556265056646623, 22.807843540099089, 0.0 ], [ 75.549742718781104, 22.806195211084315, 0.0 ], [ 75.549222383691159, 22.808523496723016, 0.0 ], [ 75.544501531339989, 22.807714480744853, 0.0 ], [ 75.540018628322514, 22.812625687911833, 0.0 ], [ 75.539639817368666, 22.821553188012015, 0.0 ], [ 75.544108445503326, 22.826442979799992, 0.0 ], [ 75.557128855409488, 22.827092572816326, 0.0 ] ] ] } },
{ "type": "Feature", "properties": { "Vill_LGD": "475992", "Villl_name": "TAKIPURA", "Sub_dist": "DEPALPUR", "District": "INDORE" }, "geometry": { "type": "Polygon", "coordinates": [ [ [ 75.545627962217495, 22.845189836929634, 0.0 ], [ 75.551465024627817, 22.83806402998469, 0.0 ], [ 75.557128855409488, 22.827092572816326, 0.0 ], [ 75.544108445503326, 22.826442979799992, 0.0 ], [ 75.540267995154778, 22.823637595605884, 0.0 ], [ 75.53921598604731, 22.817863235546554, 0.0 ], [ 75.527598961159399, 22.817644176312676, 0.0 ], [ 75.525711424542678, 22.823706599899708, 0.0 ], [ 75.524055319825081, 22.823785122447486, 0.0 ], [ 75.523598462632577, 22.826647613739713, 0.0 ], [ 75.521114305539356, 22.828096706019672, 0.0 ], [ 75.522476427467055, 22.834164866925132, 0.0 ], [ 75.532578757773649, 22.84263007033946, 0.0 ], [ 75.533434476470163, 22.83864533584325, 0.0 ], [ 75.537568194187713, 22.837370688632397, 0.0 ], [ 75.538864087421146, 22.842622129630353, 0.0 ], [ 75.545627962217495, 22.845189836929634, 0.0 ] ] ] } },
{ "type": "Feature", "properties": { "Vill_LGD": "475946", "Villl_name": "TAMALPUR", "Sub_dist": "DEPALPUR", "District": "INDORE" }, "geometry": { "type": "Polygon", "coordinates": [ [ [ 75.513978834144154, 22.874126143790374, 0.0 ], [ 75.510797787832814, 22.858196631988882, 0.0 ], [ 75.492575570923123, 22.863171309166066, 0.0 ], [ 75.490808821308519, 22.863885147329235, 0.0 ], [ 75.491290661667335, 22.865205748036203, 0.0 ], [ 75.488697049057251, 22.864075505005161, 0.0 ], [ 75.483433682610169, 22.865431796957957, 0.0 ], [ 75.486050002309398, 22.866619863635844, 0.0 ], [ 75.486859020272533, 22.869665575522031, 0.0 ], [ 75.487013684260532, 22.876244784467691, 0.0 ], [ 75.484926840312511, 22.879986595590101, 0.0 ], [ 75.49289324140409, 22.879594143810692, 0.0 ], [ 75.505680463332368, 22.875095772432815, 0.0 ], [ 75.513978834144154, 22.874126143790374, 0.0 ] ] ] } },
{ "type": "Feature", "properties": { "Vill_LGD": "475942", "Villl_name": "AHIRWAS", "Sub_dist": "DEPALPUR", "District": "INDORE" }, "geometry": { "type": "Polygon", "coordinates": [ [ [ 75.512174671088971, 22.851881798600008, 0.0 ], [ 75.521463332899557, 22.842213333514952, 0.0 ], [ 75.522641920065638, 22.83342193884835, 0.0 ], [ 75.51592264815298, 22.833869120564376, 0.0 ], [ 75.50879021389089, 22.832114269094451, 0.0 ], [ 75.506583264394379, 22.829026917991115, 0.0 ], [ 75.503745755975231, 22.828913894055599, 0.0 ], [ 75.502805170509347, 22.825191948858592, 0.0 ], [ 75.490191255647176, 22.826401054521735, 0.0 ], [ 75.486915928202421, 22.852161178602554, 0.0 ], [ 75.512174671088971, 22.851881798600008, 0.0 ] ] ] } },
{ "type": "Feature", "properties": { "Vill_LGD": "475943", "Villl_name": "KARKI", "Sub_dist": "DEPALPUR", "District": "INDORE" }, "geometry": { "type": "Polygon", "coordinates": [ [ [ 75.486517486982805, 22.850313805055698, 0.0 ], [ 75.490191255647176, 22.826401054521735, 0.0 ], [ 75.468993431332649, 22.827540696480337, 0.0 ], [ 75.474818574442423, 22.834870433713448, 0.0 ], [ 75.466766479049866, 22.834879952593639, 0.0 ], [ 75.465167480915966, 22.836438499447048, 0.0 ], [ 75.470092964565055, 22.837913763873644, 0.0 ], [ 75.471913252524757, 22.841411571772209, 0.0 ], [ 75.476053514763038, 22.842006437844567, 0.0 ], [ 75.477754829056266, 22.844623844305733, 0.0 ], [ 75.476362844999642, 22.845718397206614, 0.0 ], [ 75.470083820007133, 22.843408222664785, 0.0 ], [ 75.468382505708718, 22.845621121020571, 0.0 ], [ 75.469132034604527, 22.847857813977921, 0.0 ], [ 75.476592672092778, 22.853728280019844, 0.0 ], [ 75.486517486982805, 22.850313805055698, 0.0 ] ] ] } },
{ "type": "Feature", "properties": { "Vill_LGD": "475945", "Villl_name": "BEGNDA", "Sub_dist": "DEPALPUR", "District": "INDORE" }, "geometry": { "type": "Polygon", "coordinates": [ [ [ 75.469869073135868, 22.827179018539685, 0.0 ], [ 75.502805170509347, 22.825191948858592, 0.0 ], [ 75.50290471606462, 22.819098964081796, 0.0 ], [ 75.506140782708982, 22.819379741442976, 0.0 ], [ 75.507363826447829, 22.815425076671932, 0.0 ], [ 75.509959704810399, 22.814982330946805, 0.0 ], [ 75.513536147592632, 22.809666780686797, 0.0 ], [ 75.499003192635797, 22.808136193173603, 0.0 ], [ 75.479919915729113, 22.808669192809912, 0.0 ], [ 75.479363122790815, 22.814651156854133, 0.0 ], [ 75.478025864806384, 22.815503003747668, 0.0 ], [ 75.472961993154058, 22.815235337193744, 0.0 ], [ 75.471906114195534, 22.816872191026121, 0.0 ], [ 75.468098977391065, 22.816044137393785, 0.0 ], [ 75.470230973572924, 22.824857662401996, 0.0 ], [ 75.466090711996202, 22.825619089131351, 0.0 ], [ 75.465205551977562, 22.82732278268676, 0.0 ], [ 75.468575987821083, 22.828299595622166, 0.0 ], [ 75.469869073135868, 22.827179018539685, 0.0 ] ] ] } },
{ "type": "Feature", "properties": { "Vill_LGD": "475930", "Villl_name": "KHATWADI", "Sub_dist": "DEPALPUR", "District": "INDORE" }, "geometry": { "type": "Polygon", "coordinates": [ [ [ 75.479792020853168, 22.868237897824223, 0.0 ], [ 75.488697049057251, 22.864075505005161, 0.0 ], [ 75.491290661667335, 22.865205748036203, 0.0 ], [ 75.490808821308519, 22.863885147329235, 0.0 ], [ 75.492575570923123, 22.863171309166066, 0.0 ], [ 75.510797787832814, 22.858196631988882, 0.0 ], [ 75.510574652006554, 22.856919013905841, 0.0 ], [ 75.51224406061371, 22.856642100176924, 0.0 ], [ 75.512174671088971, 22.851881798600008, 0.0 ], [ 75.487815363609457, 22.852280151548715, 0.0 ], [ 75.486517486982805, 22.850313805055698, 0.0 ], [ 75.476592672092778, 22.853728280019844, 0.0 ], [ 75.479958583341329, 22.857887242757943, 0.0 ], [ 75.476877181776871, 22.866822118384174, 0.0 ], [ 75.479792020853168, 22.868237897824223, 0.0 ] ] ] } },
{ "type": "Feature", "properties": { "Vill_LGD": "475944", "Villl_name": "KHAJRAYA", "Sub_dist": "DEPALPUR", "District": "INDORE" }, "geometry": { "type": "Polygon", "coordinates": [ [ [ 75.522641920065638, 22.83342193884835, 0.0 ], [ 75.521114305539356, 22.828096706019672, 0.0 ], [ 75.523598462632577, 22.826647613739713, 0.0 ], [ 75.524055319825081, 22.823785122447486, 0.0 ], [ 75.525711424542678, 22.823706599899708, 0.0 ], [ 75.527435527067325, 22.813778554754766, 0.0 ], [ 75.524257812182029, 22.812016308055405, 0.0 ], [ 75.51911222682368, 22.813604597841909, 0.0 ], [ 75.518151530022081, 22.809884290427256, 0.0 ], [ 75.513440969456838, 22.809409799754089, 0.0 ], [ 75.509959704810399, 22.814982330946805, 0.0 ], [ 75.507363826447829, 22.815425076671932, 0.0 ], [ 75.506140782708982, 22.819379741442976, 0.0 ], [ 75.50290471606462, 22.819098964081796, 0.0 ], [ 75.503745755975231, 22.828913894055599, 0.0 ], [ 75.506583264394379, 22.829026917991115, 0.0 ], [ 75.507939556247607, 22.831584839054017, 0.0 ], [ 75.512882887011656, 22.833530048212797, 0.0 ], [ 75.522641920065638, 22.83342193884835, 0.0 ] ] ] } },
{ "type": "Feature", "properties": { "Vill_LGD": "476018", "Villl_name": "TAJKHEDI", "Sub_dist": "DEPALPUR", "District": "INDORE" }, "geometry": { "type": "Polygon", "coordinates": [ [ [ 75.52100103763172, 22.679255049243832, 0.0 ], [ 75.522675817006657, 22.676554857580456, 0.0 ], [ 75.526711383334174, 22.67545078757713, 0.0 ], [ 75.532031857460666, 22.676497749924071, 0.0 ], [ 75.532793285217579, 22.675212841151197, 0.0 ], [ 75.533307249053635, 22.676802321271669, 0.0 ], [ 75.536790779102418, 22.674936824368956, 0.0 ], [ 75.541095225297127, 22.675557862879554, 0.0 ], [ 75.540877081357038, 22.672577390679933, 0.0 ], [ 75.532114247467803, 22.67077883464459, 0.0 ], [ 75.519625245019355, 22.671486614778495, 0.0 ], [ 75.517781347663245, 22.681040047916294, 0.0 ], [ 75.520129793727847, 22.681289985159552, 0.0 ], [ 75.519070934016511, 22.678993805294898, 0.0 ], [ 75.52100103763172, 22.679255049243832, 0.0 ] ] ] } },
{ "type": "Feature", "properties": { "Vill_LGD": "476057", "Villl_name": "MURKHEDA", "Sub_dist": "HATOD", "District": "INDORE" }, "geometry": { "type": "Polygon", "coordinates": [ [ [ 75.627833630759781, 22.84651061275715, 0.0 ], [ 75.625806895200625, 22.83158707702222, 0.0 ], [ 75.623443454685741, 22.825072101783125, 0.0 ], [ 75.604521811681806, 22.824086512470142, 0.0 ], [ 75.604122302897707, 22.825771415205608, 0.0 ], [ 75.602775528404436, 22.823601346834224, 0.0 ], [ 75.589826502387467, 22.823786945725054, 0.0 ], [ 75.587684182440839, 22.825201518283588, 0.0 ], [ 75.58574254133562, 22.832949044389448, 0.0 ], [ 75.586085183982405, 22.845065258969857, 0.0 ], [ 75.590518120239679, 22.846930756332156, 0.0 ], [ 75.591710559710791, 22.845273001994908, 0.0 ], [ 75.596388579435597, 22.846553151950076, 0.0 ], [ 75.604711934524445, 22.852530358043744, 0.0 ], [ 75.607681501102078, 22.85308239315323, 0.0 ], [ 75.619318023985514, 22.844950325756098, 0.0 ], [ 75.627833630759781, 22.84651061275715, 0.0 ] ] ] } },
{ "type": "Feature", "properties": { "Vill_LGD": "476075", "Villl_name": "GOHAN", "Sub_dist": "HATOD", "District": "INDORE" }, "geometry": { "type": "Polygon", "coordinates": [ [ [ 75.639128185242782, 22.777113231969214, 0.0 ], [ 75.637867372743059, 22.771103546928181, 0.0 ], [ 75.640681085245163, 22.752157088216364, 0.0 ], [ 75.632611407470904, 22.731661718662806, 0.0 ], [ 75.630741729855359, 22.735051688399285, 0.0 ], [ 75.622777079156918, 22.738572100997494, 0.0 ], [ 75.621149528265676, 22.742348305607642, 0.0 ], [ 75.61929354832867, 22.742077046977681, 0.0 ], [ 75.61839598807336, 22.751342340196004, 0.0 ], [ 75.625128301306432, 22.757614910402658, 0.0 ], [ 75.628124061100792, 22.768309765372699, 0.0 ], [ 75.635915478217413, 22.77258781845525, 0.0 ], [ 75.637187720466017, 22.777063107107598, 0.0 ], [ 75.639128185242782, 22.777113231969214, 0.0 ] ] ] } },
{ "type": "Feature", "properties": { "Vill_LGD": "476076", "Villl_name": "DANSARI", "Sub_dist": "HATOD", "District": "INDORE" }, "geometry": { "type": "Polygon", "coordinates": [ [ [ 75.650499799515629, 22.742777682192461, 0.0 ], [ 75.637482561406159, 22.735689982491021, 0.0 ], [ 75.635938472920756, 22.731030398903322, 0.0 ], [ 75.632562286165822, 22.730727459221121, 0.0 ], [ 75.640681085245163, 22.752157088216364, 0.0 ], [ 75.637867372743059, 22.771103546928181, 0.0 ], [ 75.639149365413331, 22.7772066222254, 0.0 ], [ 75.641051852331572, 22.77732433297906, 0.0 ], [ 75.645716559086864, 22.760991025139315, 0.0 ], [ 75.648972894370985, 22.754800267385402, 0.0 ], [ 75.650499799515629, 22.742777682192461, 0.0 ] ] ] } },
{ "type": "Feature", "properties": { "Vill_LGD": "476066", "Villl_name": "GULAWAT", "Sub_dist": "HATOD", "District": "INDORE" }, "geometry": { "type": "Polygon", "coordinates": [ [ [ 75.696980322901894, 22.791838170042837, 0.0 ], [ 75.697598982403548, 22.775396093883014, 0.0 ], [ 75.693325324330175, 22.773611479850363, 0.0 ], [ 75.690380989087913, 22.774242561905304, 0.0 ], [ 75.688929517189919, 22.771472868861601, 0.0 ], [ 75.686992635239818, 22.772986206905411, 0.0 ], [ 75.687501840548975, 22.770749512652653, 0.0 ], [ 75.677222245776917, 22.770785640483201, 0.0 ], [ 75.673354457745347, 22.778390656881506, 0.0 ], [ 75.670029584088581, 22.780402131076709, 0.0 ], [ 75.670103121124541, 22.782376242814234, 0.0 ], [ 75.67359497976949, 22.783744433557668, 0.0 ], [ 75.68624770890743, 22.782520747581415, 0.0 ], [ 75.691459973162239, 22.784539173328962, 0.0 ], [ 75.691763354750279, 22.785949004696803, 0.0 ], [ 75.693072058484049, 22.785395779385539, 0.0 ], [ 75.695558595024792, 22.792123704809025, 0.0 ], [ 75.696980322901894, 22.791838170042837, 0.0 ] ] ] } },
{ "type": "Feature", "properties": { "Vill_LGD": "476074", "Villl_name": "KARADIYA", "Sub_dist": "HATOD", "District": "INDORE" }, "geometry": { "type": "Polygon", "coordinates": [ [ [ 75.666964976599289, 22.761492246321907, 0.0 ], [ 75.66442278347688, 22.747015724753147, 0.0 ], [ 75.650499799515629, 22.742777682192461, 0.0 ], [ 75.648972894370985, 22.754800267385402, 0.0 ], [ 75.645716559086864, 22.760991025139315, 0.0 ], [ 75.641051852331572, 22.77732433297906, 0.0 ], [ 75.660978942719382, 22.780508017083054, 0.0 ], [ 75.666964976599289, 22.761492246321907, 0.0 ] ] ] } },
{ "type": "Feature", "properties": { "Vill_LGD": "476064", "Villl_name": "PANTH BADODIYA", "Sub_dist": "HATOD", "District": "INDORE" }, "geometry": { "type": "Polygon", "coordinates": [ [ [ 75.679604098993607, 22.752907850884693, 0.0 ], [ 75.678943315034331, 22.732735905115153, 0.0 ], [ 75.671782350870657, 22.73131846629683, 0.0 ], [ 75.657873960158454, 22.735334342819186, 0.0 ], [ 75.657236812096855, 22.744598192125117, 0.0 ], [ 75.66442278347688, 22.747015724753147, 0.0 ], [ 75.665583960986893, 22.750128058756555, 0.0 ], [ 75.679604098993607, 22.752907850884693, 0.0 ] ] ] } },
{ "type": "Feature", "properties": { "Vill_LGD": "476069", "Villl_name": "NOGAWAN", "Sub_dist": "HATOD", "District": "INDORE" }, "geometry": { "type": "Polygon", "coordinates": [ [ [ 75.694673113371877, 22.747422059817605, 0.0 ], [ 75.692745044374661, 22.737744075732216, 0.0 ], [ 75.679155414110411, 22.73588599425598, 0.0 ], [ 75.679604098993607, 22.752907850884693, 0.0 ], [ 75.693790232561909, 22.751906620170494, 0.0 ], [ 75.694673113371877, 22.747422059817605, 0.0 ] ] ] } },
{ "type": "Feature", "properties": { "Vill_LGD": "476067", "Villl_name": "SINGAWDA", "Sub_dist": "HATOD", "District": "INDORE" }, "geometry": { "type": "Polygon", "coordinates": [ [ [ 75.693325324330175, 22.773611479850363, 0.0 ], [ 75.692721087736032, 22.772243307852005, 0.0 ], [ 75.695438430283971, 22.769082611122542, 0.0 ], [ 75.691947762459691, 22.764545751886768, 0.0 ], [ 75.700882638561481, 22.763070486735646, 0.0 ], [ 75.70322640814851, 22.760917073990896, 0.0 ], [ 75.702334109807751, 22.756764915176106, 0.0 ], [ 75.699264605240941, 22.755313443644837, 0.0 ], [ 75.699075116655735, 22.748326255042247, 0.0 ], [ 75.694673113371877, 22.747422059817605, 0.0 ], [ 75.693790232561909, 22.751906620170494, 0.0 ], [ 75.679604098993607, 22.752907850884693, 0.0 ], [ 75.684475165808919, 22.769945254954408, 0.0 ], [ 75.687568466311433, 22.770801860861241, 0.0 ], [ 75.686992635239818, 22.772986206905411, 0.0 ], [ 75.688929517189919, 22.771472868861601, 0.0 ], [ 75.690380989087913, 22.774242561905304, 0.0 ], [ 75.693325324330175, 22.773611479850363, 0.0 ] ] ] } },
{ "type": "Feature", "properties": { "Vill_LGD": "476077", "Villl_name": "PALASIYA", "Sub_dist": "HATOD", "District": "INDORE" }, "geometry": { "type": "Polygon", "coordinates": [ [ [ 75.670029584088581, 22.780402131076709, 0.0 ], [ 75.673354457745347, 22.778390656881506, 0.0 ], [ 75.677109247421171, 22.771818585072129, 0.0 ], [ 75.675052082014247, 22.752427383849323, 0.0 ], [ 75.665583960986893, 22.750128058756555, 0.0 ], [ 75.666964976599289, 22.761492246321907, 0.0 ], [ 75.660978942719382, 22.780508017083054, 0.0 ], [ 75.670029584088581, 22.780402131076709, 0.0 ] ] ] } },
{ "type": "Feature", "properties": { "Vill_LGD": "476065", "Villl_name": "LONDIYA ALIAS MOHAMMMADPUR", "Sub_dist": "HATOD", "District": "INDORE" }, "geometry": { "type": "Polygon", "coordinates": [ [ [ 75.686490301213766, 22.770760086278923, 0.0 ], [ 75.684408541840867, 22.769840559560617, 0.0 ], [ 75.68424460710601, 22.766160970815871, 0.0 ], [ 75.682498082453506, 22.766341809487002, 0.0 ], [ 75.683430830936359, 22.764395410436656, 0.0 ], [ 75.679604098993607, 22.752907850884693, 0.0 ], [ 75.675052082014247, 22.752427383849323, 0.0 ], [ 75.677222245776917, 22.770785640483201, 0.0 ], [ 75.686490301213766, 22.770760086278923, 0.0 ] ] ] } },
{ "type": "Feature", "properties": { "Vill_LGD": "476070", "Villl_name": "ATAWADA", "Sub_dist": "HATOD", "District": "INDORE" }, "geometry": { "type": "Polygon", "coordinates": [ [ [ 75.628172837563767, 22.768309105956099, 0.0 ], [ 75.625128301306432, 22.757614910402658, 0.0 ], [ 75.618821041140748, 22.751471876516497, 0.0 ], [ 75.60796691483371, 22.751265317661151, 0.0 ], [ 75.585219668219324, 22.752558951890752, 0.0 ], [ 75.581582679312703, 22.754073005733837, 0.0 ], [ 75.570787978056586, 22.760683349559436, 0.0 ], [ 75.566337317026125, 22.769377697200419, 0.0 ], [ 75.59702123365409, 22.769431874381599, 0.0 ], [ 75.60096750711773, 22.772300029651667, 0.0 ], [ 75.599625490979761, 22.774689007514873, 0.0 ], [ 75.597493494026239, 22.775069721918516, 0.0 ], [ 75.599815243542025, 22.777824180568174, 0.0 ], [ 75.615033023335968, 22.774422957259979, 0.0 ], [ 75.628172837563767, 22.768309105956099, 0.0 ] ] ] } },
{ "type": "Feature", "properties": { "Vill_LGD": "476058", "Villl_name": "HASNABAD", "Sub_dist": "HATOD", "District": "INDORE" }, "geometry": { "type": "Polygon", "coordinates": [ [ [ 75.623016510310151, 22.825044476154819, 0.0 ], [ 75.620726356908023, 22.81443082601492, 0.0 ], [ 75.599144294185749, 22.81504957438214, 0.0 ], [ 75.586075111814054, 22.813078759319186, 0.0 ], [ 75.587684182440839, 22.825201518283588, 0.0 ], [ 75.589826502387467, 22.823786945725054, 0.0 ], [ 75.602775528404436, 22.823601346834224, 0.0 ], [ 75.604122302897707, 22.825771415205608, 0.0 ], [ 75.604521811681806, 22.824086512470142, 0.0 ], [ 75.623016510310151, 22.825044476154819, 0.0 ] ] ] } },
{ "type": "Feature", "properties": { "Vill_LGD": "476056", "Villl_name": "PIPLODA", "Sub_dist": "DEPALPUR", "District": "INDORE" }, "geometry": { "type": "Polygon", "coordinates": [ [ [ 75.620726356908023, 22.81443082601492, 0.0 ], [ 75.622772174284705, 22.805541576542993, 0.0 ], [ 75.625277745754488, 22.801965245481593, 0.0 ], [ 75.582130200343315, 22.796114332883533, 0.0 ], [ 75.584175111169216, 22.812957474311585, 0.0 ], [ 75.599144294185749, 22.81504957438214, 0.0 ], [ 75.620726356908023, 22.81443082601492, 0.0 ] ] ] } },
{ "type": "Feature", "properties": { "Vill_LGD": "476072", "Villl_name": "NEORI", "Sub_dist": "HATOD", "District": "INDORE" }, "geometry": { "type": "Polygon", "coordinates": [ [ [ 75.637168568996728, 22.777022569896001, 0.0 ], [ 75.635915478217413, 22.77258781845525, 0.0 ], [ 75.628172837563767, 22.768309105956099, 0.0 ], [ 75.615033023335968, 22.774422957259979, 0.0 ], [ 75.599182911529851, 22.777734719397294, 0.0 ], [ 75.603732440430989, 22.780623383855449, 0.0 ], [ 75.602357112049475, 22.784573288775874, 0.0 ], [ 75.604446278420028, 22.78523002070057, 0.0 ], [ 75.603232753902688, 22.785625010939448, 0.0 ], [ 75.602737825790072, 22.79042676422559, 0.0 ], [ 75.604950723592125, 22.793110796030344, 0.0 ], [ 75.603994181022941, 22.794695516922463, 0.0 ], [ 75.603042396718465, 22.793391571453419, 0.0 ], [ 75.601866943349819, 22.795875729226289, 0.0 ], [ 75.6049330518901, 22.799153546107739, 0.0 ], [ 75.625277745754488, 22.801965245481593, 0.0 ], [ 75.633997281158443, 22.789592049211144, 0.0 ], [ 75.637168568996728, 22.777022569896001, 0.0 ] ] ] } },
{ "type": "Feature", "properties": { "Vill_LGD": "476073", "Villl_name": "AJNDA", "Sub_dist": "HATOD", "District": "INDORE" }, "geometry": { "type": "Polygon", "coordinates": [ [ [ 75.61839598807336, 22.751342340196004, 0.0 ], [ 75.619265907146371, 22.741451334616677, 0.0 ], [ 75.599109613317466, 22.730573541398535, 0.0 ], [ 75.592229345724064, 22.729965743526098, 0.0 ], [ 75.585954901602733, 22.752547544749643, 0.0 ], [ 75.61839598807336, 22.751342340196004, 0.0 ] ] ] } },
{ "type": "Feature", "properties": { "Vill_LGD": "476061", "Villl_name": "PALADI", "Sub_dist": "HATOD", "District": "INDORE" }, "geometry": { "type": "Polygon", "coordinates": [ [ [ 75.657210301787302, 22.843761724462166, 0.0 ], [ 75.671548721668046, 22.842572323469852, 0.0 ], [ 75.675418194789472, 22.836566847872685, 0.0 ], [ 75.671587169185756, 22.803759791198548, 0.0 ], [ 75.663680253999388, 22.803687992329241, 0.0 ], [ 75.662550010341235, 22.811782918275785, 0.0 ], [ 75.653891569336338, 22.81127194893498, 0.0 ], [ 75.653013654644937, 22.818218328560423, 0.0 ], [ 75.645065594698892, 22.8292706381058, 0.0 ], [ 75.650839295038438, 22.830984018194393, 0.0 ], [ 75.656514309764006, 22.839615513192236, 0.0 ], [ 75.657210301787302, 22.843761724462166, 0.0 ] ] ] } },
{ "type": "Feature", "properties": { "Vill_LGD": "476055", "Villl_name": "SUMATHA", "Sub_dist": "HATOD", "District": "INDORE" }, "geometry": { "type": "Polygon", "coordinates": [ [ [ 75.660489300939091, 22.869501039039147, 0.0 ], [ 75.663730025517438, 22.865231599825854, 0.0 ], [ 75.664051251985796, 22.858586955590784, 0.0 ], [ 75.660333176707866, 22.84364990739412, 0.0 ], [ 75.644346280702834, 22.845289596305268, 0.0 ], [ 75.627399336181625, 22.84313603777537, 0.0 ], [ 75.627938273568589, 22.846758149849833, 0.0 ], [ 75.635033826839603, 22.85663767273585, 0.0 ], [ 75.635519236498126, 22.86476115211374, 0.0 ], [ 75.643542779581253, 22.865988953987301, 0.0 ], [ 75.650231444644433, 22.870436166891423, 0.0 ], [ 75.660489300939091, 22.869501039039147, 0.0 ] ] ] } },
{ "type": "Feature", "properties": { "Vill_LGD": "476053", "Villl_name": "AHIR KHEDI", "Sub_dist": "HATOD", "District": "INDORE" }, "geometry": { "type": "Polygon", "coordinates": [ [ [ 75.657210301787302, 22.843761724462166, 0.0 ], [ 75.656514309764006, 22.839615513192236, 0.0 ], [ 75.650839295038438, 22.830984018194393, 0.0 ], [ 75.645431970303392, 22.829211320807808, 0.0 ], [ 75.625104118416459, 22.830700112772785, 0.0 ], [ 75.627541457986055, 22.843180375559857, 0.0 ], [ 75.644346280702834, 22.845289596305268, 0.0 ], [ 75.657210301787302, 22.843761724462166, 0.0 ] ] ] } },
{ "type": "Feature", "properties": { "Vill_LGD": "476054", "Villl_name": "BADODIYA", "Sub_dist": "HATOD", "District": "INDORE" }, "geometry": { "type": "Polygon", "coordinates": [ [ [ 75.689092261256548, 22.862116180645469, 0.0 ], [ 75.664036894891524, 22.858606307217144, 0.0 ], [ 75.663730025517438, 22.865231599825854, 0.0 ], [ 75.660489300939091, 22.869501039039147, 0.0 ], [ 75.681769176881645, 22.873908065993078, 0.0 ], [ 75.684013343584709, 22.865069004052454, 0.0 ], [ 75.689092261256548, 22.862116180645469, 0.0 ] ] ] } },
{ "type": "Feature", "properties": { "Vill_LGD": "476052", "Villl_name": "ARNIYA", "Sub_dist": "HATOD", "District": "INDORE" }, "geometry": { "type": "Polygon", "coordinates": [ [ [ 75.689092261256548, 22.862116180645469, 0.0 ], [ 75.687420732325492, 22.858692047405512, 0.0 ], [ 75.690057175179618, 22.855674892798255, 0.0 ], [ 75.684336949979865, 22.843482534236539, 0.0 ], [ 75.688391552211044, 22.840532001862464, 0.0 ], [ 75.685469912336814, 22.836358982445915, 0.0 ], [ 75.675418194789472, 22.836566847872685, 0.0 ], [ 75.671548721668046, 22.842572323469852, 0.0 ], [ 75.660333176707866, 22.84364990739412, 0.0 ], [ 75.664036894891524, 22.858606307217144, 0.0 ], [ 75.689092261256548, 22.862116180645469, 0.0 ] ] ] } },
{ "type": "Feature", "properties": { "Vill_LGD": "476062", "Villl_name": "MIRJAPUR", "Sub_dist": "HATOD", "District": "INDORE" }, "geometry": { "type": "Polygon", "coordinates": [ [ [ 75.685469912336814, 22.836358982445915, 0.0 ], [ 75.688420104943944, 22.829358052843819, 0.0 ], [ 75.696262809158853, 22.827197502708174, 0.0 ], [ 75.696624487079973, 22.825274897842185, 0.0 ], [ 75.691608583158853, 22.823304703920112, 0.0 ], [ 75.691001649128808, 22.821461246567317, 0.0 ], [ 75.673538420841169, 22.821998597608115, 0.0 ], [ 75.675418194789472, 22.836566847872685, 0.0 ], [ 75.685469912336814, 22.836358982445915, 0.0 ] ] ] } },
{ "type": "Feature", "properties": { "Vill_LGD": "476071", "Villl_name": "AKASODA", "Sub_dist": "HATOD", "District": "INDORE" }, "geometry": { "type": "Polygon", "coordinates": [ [ [ 75.662550010341235, 22.811782918275785, 0.0 ], [ 75.663392740538725, 22.80062566568267, 0.0 ], [ 75.657442307954909, 22.798674409591388, 0.0 ], [ 75.64881951793059, 22.78538537535238, 0.0 ], [ 75.646596602220285, 22.778247100600204, 0.0 ], [ 75.637168568996728, 22.777022569896001, 0.0 ], [ 75.633997281158443, 22.789592049211144, 0.0 ], [ 75.624556768986594, 22.803321539584953, 0.0 ], [ 75.635645445439806, 22.808599199146411, 0.0 ], [ 75.643783200744465, 22.809784171359738, 0.0 ], [ 75.646267359660641, 22.808806212010662, 0.0 ], [ 75.648137615075328, 22.810455178575289, 0.0 ], [ 75.660736860979185, 22.811889993549521, 0.0 ], [ 75.662550010341235, 22.811782918275785, 0.0 ] ] ] } },
{ "type": "Feature", "properties": { "Vill_LGD": "476060", "Villl_name": "USHAPURA", "Sub_dist": "HATOD", "District": "INDORE" }, "geometry": { "type": "Polygon", "coordinates": [ [ [ 75.691001649128808, 22.821461246567317, 0.0 ], [ 75.695856714577005, 22.814929001812541, 0.0 ], [ 75.692216139049606, 22.810717355883558, 0.0 ], [ 75.701054127899724, 22.800337872157261, 0.0 ], [ 75.684737961154752, 22.799024494301648, 0.0 ], [ 75.684742778493387, 22.803138697939236, 0.0 ], [ 75.671587169185756, 22.803759791198548, 0.0 ], [ 75.673329530224237, 22.821962040728124, 0.0 ], [ 75.691001649128808, 22.821461246567317, 0.0 ] ] ] } },
{ "type": "Feature", "properties": { "Vill_LGD": "476059", "Villl_name": "AGRA", "Sub_dist": "HATOD", "District": "INDORE" }, "geometry": { "type": "Polygon", "coordinates": [ [ [ 75.645065594698892, 22.8292706381058, 0.0 ], [ 75.653013654644937, 22.818218328560423, 0.0 ], [ 75.653891569336338, 22.81127194893498, 0.0 ], [ 75.64681701426062, 22.810133952214468, 0.0 ], [ 75.646267359660641, 22.808806212010662, 0.0 ], [ 75.643783200744465, 22.809784171359738, 0.0 ], [ 75.635645445439806, 22.808599199146411, 0.0 ], [ 75.624278371995686, 22.803228740540668, 0.0 ], [ 75.620706801569639, 22.814535937674865, 0.0 ], [ 75.625104118416459, 22.830700112772785, 0.0 ], [ 75.645065594698892, 22.8292706381058, 0.0 ] ] ] } },
{ "type": "Feature", "properties": { "Vill_LGD": "476063", "Villl_name": "AMBA KHEDI", "Sub_dist": "HATOD", "District": "INDORE" }, "geometry": { "type": "Polygon", "coordinates": [ [ [ 75.700897323822971, 22.787001227960573, 0.0 ], [ 75.697368914985276, 22.78663716876823, 0.0 ], [ 75.696980322901894, 22.791838170042837, 0.0 ], [ 75.695558595024792, 22.792123704809025, 0.0 ], [ 75.693072058484049, 22.785395779385539, 0.0 ], [ 75.691763354750279, 22.785949004696803, 0.0 ], [ 75.691459973162239, 22.784539173328962, 0.0 ], [ 75.68624770890743, 22.782520747581415, 0.0 ], [ 75.675564758957989, 22.783632187256838, 0.0 ], [ 75.679972947264048, 22.789078260037996, 0.0 ], [ 75.682511692140324, 22.796349068813672, 0.0 ], [ 75.684363053000581, 22.796314201017974, 0.0 ], [ 75.684737961154752, 22.799024494301648, 0.0 ], [ 75.701054127899724, 22.800337872157261, 0.0 ], [ 75.69891452630435, 22.795689120298139, 0.0 ], [ 75.700897323822971, 22.787001227960573, 0.0 ] ] ] } },
{ "type": "Feature", "properties": { "Vill_LGD": "476068", "Villl_name": "SIKANDARI", "Sub_dist": "HATOD", "District": "INDORE" }, "geometry": { "type": "Polygon", "coordinates": [ [ [ 75.684737961154752, 22.799024494301648, 0.0 ], [ 75.679437568374397, 22.788300176125826, 0.0 ], [ 75.675564758957989, 22.783632187256838, 0.0 ], [ 75.670103121124541, 22.782376242814234, 0.0 ], [ 75.670029584088581, 22.780402131076709, 0.0 ], [ 75.646723545461683, 22.778404555742675, 0.0 ], [ 75.64881951793059, 22.78538537535238, 0.0 ], [ 75.657442307954909, 22.798674409591388, 0.0 ], [ 75.663392740538725, 22.80062566568267, 0.0 ], [ 75.663680253999388, 22.803687992329241, 0.0 ], [ 75.684742778493387, 22.803138697939236, 0.0 ], [ 75.684737961154752, 22.799024494301648, 0.0 ] ] ] } },
{ "type": "Feature", "properties": { "Vill_LGD": "476083", "Villl_name": "AJNOTI", "Sub_dist": "HATOD", "District": "INDORE" }, "geometry": { "type": "Polygon", "coordinates": [ [ [ 75.688809101398178, 22.875287194913685, 0.0 ], [ 75.706512042738026, 22.870674113126569, 0.0 ], [ 75.710736438026402, 22.854041360180876, 0.0 ], [ 75.689534250832139, 22.851890326587426, 0.0 ], [ 75.689990550425421, 22.856626676204776, 0.0 ], [ 75.687420732325492, 22.858692047405512, 0.0 ], [ 75.689086354011522, 22.862185096894223, 0.0 ], [ 75.684013343584709, 22.865069004052454, 0.0 ], [ 75.681769176881645, 22.873908065993078, 0.0 ], [ 75.688809101398178, 22.875287194913685, 0.0 ] ] ] } },
{ "type": "Feature", "properties": { "Vill_LGD": "476078", "Villl_name": "KANKARIYA PAL", "Sub_dist": "HATOD", "District": "INDORE" }, "geometry": { "type": "Polygon", "coordinates": [ [ [ 75.760955046957619, 22.92035381003803, 0.0 ], [ 75.761550795468054, 22.908610092663483, 0.0 ], [ 75.756201240527048, 22.908274435720344, 0.0 ], [ 75.750759453587449, 22.905844540391421, 0.0 ], [ 75.74937942103459, 22.891244156481921, 0.0 ], [ 75.719826317042603, 22.889756199186643, 0.0 ], [ 75.717610292637374, 22.909631561551681, 0.0 ], [ 75.743144797820307, 22.920611612980373, 0.0 ], [ 75.760955046957619, 22.92035381003803, 0.0 ] ] ] } },
{ "type": "Feature", "properties": { "Vill_LGD": "476080", "Villl_name": "JINDA KHEDA", "Sub_dist": "HATOD", "District": "INDORE" }, "geometry": { "type": "Polygon", "coordinates": [ [ [ 75.738980140851638, 22.889969161353221, 0.0 ], [ 75.738604423719977, 22.869417043066527, 0.0 ], [ 75.733371989473767, 22.868974463096695, 0.0 ], [ 75.732222709564624, 22.866161939495864, 0.0 ], [ 75.717631855459203, 22.865169705024776, 0.0 ], [ 75.709347215826426, 22.862720708508945, 0.0 ], [ 75.706364516083866, 22.869451069601638, 0.0 ], [ 75.711048984489778, 22.871788862658459, 0.0 ], [ 75.714016796632166, 22.877589370101845, 0.0 ], [ 75.716343278290623, 22.889606109036063, 0.0 ], [ 75.738980140851638, 22.889969161353221, 0.0 ] ] ] } },
{ "type": "Feature", "properties": { "Vill_LGD": "476079", "Villl_name": "NAHAR KHEDA", "Sub_dist": "HATOD", "District": "INDORE" }, "geometry": { "type": "Polygon", "coordinates": [ [ [ 75.755895883924993, 22.87436404896085, 0.0 ], [ 75.745096244776974, 22.871876358325327, 0.0 ], [ 75.738675546950844, 22.872768371941088, 0.0 ], [ 75.738980140851638, 22.889969161353221, 0.0 ], [ 75.74937942103459, 22.891244156481921, 0.0 ], [ 75.755895883924993, 22.87436404896085, 0.0 ] ] ] } },
{ "type": "Feature", "properties": { "Vill_LGD": "476082", "Villl_name": "JAMBURDI SARWAR", "Sub_dist": "HATOD", "District": "INDORE" }, "geometry": { "type": "Polygon", "coordinates": [ [ [ 75.734199824415882, 22.844090647043181, 0.0 ], [ 75.736793436509146, 22.83946735371693, 0.0 ], [ 75.720551236194495, 22.836326464779663, 0.0 ], [ 75.71981360362912, 22.829468858573744, 0.0 ], [ 75.712756122002475, 22.827874620649659, 0.0 ], [ 75.709116971346432, 22.829836827494237, 0.0 ], [ 75.708244793422026, 22.853924997624517, 0.0 ], [ 75.710736438026402, 22.854041360180876, 0.0 ], [ 75.709347215826426, 22.862720708508945, 0.0 ], [ 75.717631855459203, 22.865169705024776, 0.0 ], [ 75.728626365511815, 22.865915954210543, 0.0 ], [ 75.728713498168375, 22.861245977019522, 0.0 ], [ 75.73068732735851, 22.861158056478629, 0.0 ], [ 75.734199824415882, 22.844090647043181, 0.0 ] ] ] } },
{ "type": "Feature", "properties": { "Vill_LGD": "476084", "Villl_name": "MANGALIYA ARNIYA", "Sub_dist": "HATOD", "District": "INDORE" }, "geometry": { "type": "Polygon", "coordinates": [ [ [ 75.709326723628791, 22.838948890433581, 0.0 ], [ 75.689642307491496, 22.839630807060168, 0.0 ], [ 75.684346468102476, 22.843701443798214, 0.0 ], [ 75.689106727281953, 22.852666030302629, 0.0 ], [ 75.708244793422026, 22.853924997624517, 0.0 ], [ 75.709326723628791, 22.838948890433581, 0.0 ] ] ] } },
{ "type": "Feature", "properties": { "Vill_LGD": "476085", "Villl_name": "BADARKHA", "Sub_dist": "HATOD", "District": "INDORE" }, "geometry": { "type": "Polygon", "coordinates": [ [ [ 75.709326723628791, 22.838948890433581, 0.0 ], [ 75.709116971346432, 22.829836827494237, 0.0 ], [ 75.712584801024789, 22.827888896405224, 0.0 ], [ 75.698593366243429, 22.825149805304061, 0.0 ], [ 75.696651442158739, 22.82535037086981, 0.0 ], [ 75.695729810358912, 22.827444967528624, 0.0 ], [ 75.688895998023014, 22.828920232652713, 0.0 ], [ 75.685203073489348, 22.836905704205087, 0.0 ], [ 75.688780941655381, 22.84067777011547, 0.0 ], [ 75.692316820482688, 22.839221539643717, 0.0 ], [ 75.709326723628791, 22.838948890433581, 0.0 ] ] ] } },
{ "type": "Feature", "properties": { "Vill_LGD": "476093", "Villl_name": "SATLANA", "Sub_dist": "SANWER", "District": "INDORE" }, "geometry": { "type": "Polygon", "coordinates": [ [ [ 75.796316272120677, 22.850145153381551, 0.0 ], [ 75.8102547272957, 22.849036657662381, 0.0 ], [ 75.815813449669818, 22.835791827126762, 0.0 ], [ 75.793949501318721, 22.837162814584019, 0.0 ], [ 75.795645263724836, 22.848132130080696, 0.0 ], [ 75.794089095490875, 22.848227309024889, 0.0 ], [ 75.796316272120677, 22.850145153381551, 0.0 ] ] ] } },
{ "type": "Feature", "properties": { "Vill_LGD": "476081", "Villl_name": "BASANDRA", "Sub_dist": "HATOD", "District": "INDORE" }, "geometry": { "type": "Polygon", "coordinates": [ [ [ 75.758189405117889, 22.861958280773813, 0.0 ], [ 75.751994496872555, 22.845751729816538, 0.0 ], [ 75.733719583905284, 22.844352961235707, 0.0 ], [ 75.728626365511815, 22.865915954210543, 0.0 ], [ 75.732222709564624, 22.866161939495864, 0.0 ], [ 75.733371989473767, 22.868974463096695, 0.0 ], [ 75.738604423719977, 22.869417043066527, 0.0 ], [ 75.738675546950844, 22.872768371941088, 0.0 ], [ 75.745096244776974, 22.871876358325327, 0.0 ], [ 75.755895883924993, 22.87436404896085, 0.0 ], [ 75.758189405117889, 22.861958280773813, 0.0 ] ] ] } },
{ "type": "Feature", "properties": { "Vill_LGD": "476095", "Villl_name": "PALIYA HAIDAR", "Sub_dist": "HATOD", "District": "INDORE" }, "geometry": { "type": "Polygon", "coordinates": [ [ [ 75.794492019004622, 22.837238958073474, 0.0 ], [ 75.821190683225495, 22.835336021870233, 0.0 ], [ 75.823248390842423, 22.820544804558981, 0.0 ], [ 75.81984651407933, 22.819887200279634, 0.0 ], [ 75.80479642340201, 22.823016191207959, 0.0 ], [ 75.797437940199316, 22.822534350015218, 0.0 ], [ 75.7863182891859, 22.818925264563166, 0.0 ], [ 75.785704388190112, 22.814028333886096, 0.0 ], [ 75.776710024423878, 22.814078301840507, 0.0 ], [ 75.777343549696283, 22.826499035403053, 0.0 ], [ 75.785511390738279, 22.829274383794289, 0.0 ], [ 75.786475597423248, 22.83527972459882, 0.0 ], [ 75.794492019004622, 22.837238958073474, 0.0 ] ] ] } },
{ "type": "Feature", "properties": { "Vill_LGD": "476090", "Villl_name": "MERKHEDI", "Sub_dist": "HATOD", "District": "INDORE" }, "geometry": { "type": "Polygon", "coordinates": [ [ [ 75.798152465535978, 22.877797853305402, 0.0 ], [ 75.813646480500026, 22.877213903125106, 0.0 ], [ 75.81377199780114, 22.874310959970416, 0.0 ], [ 75.815708879045971, 22.872459740259711, 0.0 ], [ 75.811359224516721, 22.868738263088765, 0.0 ], [ 75.80709522962843, 22.868733504420014, 0.0 ], [ 75.807629492520348, 22.866057776465237, 0.0 ], [ 75.801984220689036, 22.869016637101694, 0.0 ], [ 75.798308410339644, 22.868567870624453, 0.0 ], [ 75.798152465535978, 22.877797853305402, 0.0 ] ] ] } },
{ "type": "Feature", "properties": { "Vill_LGD": "476089", "Villl_name": "MATA BARODI", "Sub_dist": "HATOD", "District": "INDORE" }, "geometry": { "type": "Polygon", "coordinates": [ [ [ 75.767872789960407, 22.865480781113853, 0.0 ], [ 75.767777089265664, 22.864053812281021, 0.0 ], [ 75.778551653456518, 22.8595916855209, 0.0 ], [ 75.78053202721469, 22.846807735004781, 0.0 ], [ 75.779223322722856, 22.841543178137954, 0.0 ], [ 75.777040168037644, 22.837040048423955, 0.0 ], [ 75.772800817556245, 22.8372817187478, 0.0 ], [ 75.772732164033712, 22.83224619398656, 0.0 ], [ 75.752864064354654, 22.832908901052974, 0.0 ], [ 75.751994496872555, 22.845751729816538, 0.0 ], [ 75.758189405117889, 22.861958280773813, 0.0 ], [ 75.763020948409618, 22.864870242387713, 0.0 ], [ 75.767872789960407, 22.865480781113853, 0.0 ] ] ] } },
{ "type": "Feature", "properties": { "Vill_LGD": "476091", "Villl_name": "BAGHANA", "Sub_dist": "HATOD", "District": "INDORE" }, "geometry": { "type": "Polygon", "coordinates": [ [ [ 75.800366362376877, 22.878957348397051, 0.0 ], [ 75.798152465535978, 22.877797853305402, 0.0 ], [ 75.798208473266541, 22.868696362064313, 0.0 ], [ 75.801984220689036, 22.869016637101694, 0.0 ], [ 75.806695012423305, 22.866481488905041, 0.0 ], [ 75.80527732262847, 22.862418414133948, 0.0 ], [ 75.800623095550662, 22.86157132649733, 0.0 ], [ 75.79861007192055, 22.851510965117598, 0.0 ], [ 75.795067666018795, 22.848915584471641, 0.0 ], [ 75.780151312789627, 22.847842800715799, 0.0 ], [ 75.778551653456518, 22.8595916855209, 0.0 ], [ 75.767777089265664, 22.864053812281021, 0.0 ], [ 75.768586627944572, 22.867165439758892, 0.0 ], [ 75.777890320652801, 22.872719101307759, 0.0 ], [ 75.781307226655244, 22.87661665823531, 0.0 ], [ 75.7969069727434, 22.880209644517468, 0.0 ], [ 75.800366362376877, 22.878957348397051, 0.0 ] ] ] } },
{ "type": "Feature", "properties": { "Vill_LGD": "476092", "Villl_name": "PITAWALI", "Sub_dist": "HATOD", "District": "INDORE" }, "geometry": { "type": "Polygon", "coordinates": [ [ [ 75.795067666018795, 22.848915584471641, 0.0 ], [ 75.793949501318721, 22.837162814584019, 0.0 ], [ 75.786475597423248, 22.83527972459882, 0.0 ], [ 75.777052064267551, 22.836689076764603, 0.0 ], [ 75.780300029309544, 22.847783314855469, 0.0 ], [ 75.795067666018795, 22.848915584471641, 0.0 ] ] ] } },
{ "type": "Feature", "properties": { "Vill_LGD": "476094", "Villl_name": "KHARWA KHEDI", "Sub_dist": "HATOD", "District": "INDORE" }, "geometry": { "type": "Polygon", "coordinates": [ [ [ 75.772800817556245, 22.8372817187478, 0.0 ], [ 75.786421192886067, 22.835487448846344, 0.0 ], [ 75.785511390738279, 22.829274383794289, 0.0 ], [ 75.776753997585672, 22.826365408192579, 0.0 ], [ 75.774944138236577, 22.832024221123678, 0.0 ], [ 75.772732164033712, 22.83224619398656, 0.0 ], [ 75.77264881798736, 22.834056108465933, 0.0 ], [ 75.772800817556245, 22.8372817187478, 0.0 ] ] ] } },
{ "type": "Feature", "properties": { "Vill_LGD": "476088", "Villl_name": "SAGWAL", "Sub_dist": "HATOD", "District": "INDORE" }, "geometry": { "type": "Polygon", "coordinates": [ [ [ 75.756688778131831, 22.805559538241877, 0.0 ], [ 75.751681700081733, 22.816645671350944, 0.0 ], [ 75.749531380175512, 22.817454922953303, 0.0 ], [ 75.749322362312796, 22.823392411295224, 0.0 ], [ 75.752118228457903, 22.827615953485076, 0.0 ], [ 75.752864064354654, 22.832908901052974, 0.0 ], [ 75.774871830577922, 22.832112088718617, 0.0 ], [ 75.777343549696283, 22.826499035403053, 0.0 ], [ 75.776655619148826, 22.814200862220623, 0.0 ], [ 75.767231701220254, 22.807426326857531, 0.0 ], [ 75.766906234124519, 22.803834055754624, 0.0 ], [ 75.763541289192545, 22.803274746712347, 0.0 ], [ 75.763288593502537, 22.800947639850882, 0.0 ], [ 75.756688778131831, 22.805559538241877, 0.0 ] ] ] } },
{ "type": "Feature", "properties": { "Vill_LGD": "476097", "Villl_name": "ALWASA", "Sub_dist": "HATOD", "District": "INDORE" }, "geometry": { "type": "Polygon", "coordinates": [ [ [ 75.821175579908925, 22.835333961373433, 0.0 ], [ 75.837100681467902, 22.835581445320457, 0.0 ], [ 75.843642349837197, 22.830011845773896, 0.0 ], [ 75.840349060153812, 22.820907596154093, 0.0 ], [ 75.837945496715889, 22.819851309738571, 0.0 ], [ 75.838617695193591, 22.815199464026783, 0.0 ], [ 75.834767856663518, 22.814827025890725, 0.0 ], [ 75.830983194121529, 22.817494453497972, 0.0 ], [ 75.824024905973928, 22.816312326205143, 0.0 ], [ 75.821175579908925, 22.835333961373433, 0.0 ] ] ] } },
{ "type": "Feature", "properties": { "Vill_LGD": "476096", "Villl_name": "PUWARDA JUNARDA", "Sub_dist": "HATOD", "District": "INDORE" }, "geometry": { "type": "Polygon", "coordinates": [ [ [ 75.823248390842423, 22.820544804558981, 0.0 ], [ 75.825954351910369, 22.813028404249842, 0.0 ], [ 75.822461303002058, 22.81075363952468, 0.0 ], [ 75.822526632576754, 22.804091725064485, 0.0 ], [ 75.787828335515542, 22.804760863557007, 0.0 ], [ 75.785675834131411, 22.815184751076277, 0.0 ], [ 75.7863182891859, 22.818925264563166, 0.0 ], [ 75.789240695501491, 22.818947313357366, 0.0 ], [ 75.789519258958606, 22.820653783016777, 0.0 ], [ 75.80479642340201, 22.823016191207959, 0.0 ], [ 75.81984651407933, 22.819887200279634, 0.0 ], [ 75.823248390842423, 22.820544804558981, 0.0 ] ] ] } },
{ "type": "Feature", "properties": { "Vill_LGD": "476086", "Villl_name": "KHAJURIYA", "Sub_dist": "HATOD", "District": "INDORE" }, "geometry": { "type": "Polygon", "coordinates": [ [ [ 75.729319097651342, 22.815031346102813, 0.0 ], [ 75.728235491583291, 22.809259575474069, 0.0 ], [ 75.72227074585706, 22.80660412275877, 0.0 ], [ 75.707618197525747, 22.80796135313469, 0.0 ], [ 75.696290595709087, 22.806083462950223, 0.0 ], [ 75.692216139049606, 22.810717355883558, 0.0 ], [ 75.695761536044643, 22.815738018260625, 0.0 ], [ 75.69085667316763, 22.822600384619417, 0.0 ], [ 75.696651442158739, 22.82535037086981, 0.0 ], [ 75.72830530242743, 22.830404541792436, 0.0 ], [ 75.729319097651342, 22.815031346102813, 0.0 ] ] ] } },
{ "type": "Feature", "properties": { "Vill_LGD": "476087", "Villl_name": "KANKARIYA", "Sub_dist": "HATOD", "District": "INDORE" }, "geometry": { "type": "Polygon", "coordinates": [ [ [ 75.751994496872555, 22.845751729816538, 0.0 ], [ 75.75299862932053, 22.83161344881751, 0.0 ], [ 75.749322362312796, 22.823392411295224, 0.0 ], [ 75.749531380175512, 22.817454922953303, 0.0 ], [ 75.739731215382577, 22.815241335749707, 0.0 ], [ 75.729319097651342, 22.815031346102813, 0.0 ], [ 75.72830530242743, 22.830404541792436, 0.0 ], [ 75.71981360362912, 22.829468858573744, 0.0 ], [ 75.720551236194495, 22.836326464779663, 0.0 ], [ 75.736793436509146, 22.83946735371693, 0.0 ], [ 75.734199824415882, 22.844090647043181, 0.0 ], [ 75.751994496872555, 22.845751729816538, 0.0 ] ] ] } },
{ "type": "Feature", "properties": { "Vill_LGD": "476107", "Villl_name": "SONGIR", "Sub_dist": "HATOD", "District": "INDORE" }, "geometry": { "type": "Polygon", "coordinates": [ [ [ 75.776655619148826, 22.814200862220623, 0.0 ], [ 75.785704388190112, 22.814028333886096, 0.0 ], [ 75.787828335515542, 22.804760863557007, 0.0 ], [ 75.789947608543713, 22.804590576322681, 0.0 ], [ 75.785043044713902, 22.78917892525655, 0.0 ], [ 75.766466573813076, 22.790934191183954, 0.0 ], [ 75.763468705350945, 22.798084389255315, 0.0 ], [ 75.763541289192545, 22.803274746712347, 0.0 ], [ 75.766906234124519, 22.803834055754624, 0.0 ], [ 75.767231701220254, 22.807426326857531, 0.0 ], [ 75.776655619148826, 22.814200862220623, 0.0 ] ] ] } },
{ "type": "Feature", "properties": { "Vill_LGD": "476099", "Villl_name": "FULKARADIYA", "Sub_dist": "HATOD", "District": "INDORE" }, "geometry": { "type": "Polygon", "coordinates": [ [ [ 75.718059099400918, 22.806366176101299, 0.0 ], [ 75.714596398171309, 22.797095918653486, 0.0 ], [ 75.711722009407012, 22.796377321505613, 0.0 ], [ 75.711355572414291, 22.79272722840345, 0.0 ], [ 75.707784902945235, 22.791273695874274, 0.0 ], [ 75.7088826786065, 22.786994983900016, 0.0 ], [ 75.700897323822971, 22.787001227960573, 0.0 ], [ 75.69891452630435, 22.795689120298139, 0.0 ], [ 75.701549056170322, 22.799043444323019, 0.0 ], [ 75.696521325923854, 22.806106318187741, 0.0 ], [ 75.707618197525747, 22.80796135313469, 0.0 ], [ 75.718059099400918, 22.806366176101299, 0.0 ] ] ] } },
{ "type": "Feature", "properties": { "Vill_LGD": "476103", "Villl_name": "MALI BADODIA", "Sub_dist": "HATOD", "District": "INDORE" }, "geometry": { "type": "Polygon", "coordinates": [ [ [ 75.727835609293976, 22.746920329046098, 0.0 ], [ 75.729058652258772, 22.734880255769884, 0.0 ], [ 75.71377386750423, 22.733011817689118, 0.0 ], [ 75.714454882414472, 22.738438295287509, 0.0 ], [ 75.718409545506276, 22.743892020324544, 0.0 ], [ 75.722962473183344, 22.747367667065308, 0.0 ], [ 75.727835609293976, 22.746920329046098, 0.0 ] ] ] } },
{ "type": "Feature", "properties": { "Vill_LGD": "476106", "Villl_name": "HINGONYA KHURD", "Sub_dist": "HATOD", "District": "INDORE" }, "geometry": { "type": "Polygon", "coordinates": [ [ [ 75.731624702796097, 22.734651074179258, 0.0 ], [ 75.732352474465657, 22.720141135503351, 0.0 ], [ 75.730766086584765, 22.717773945711929, 0.0 ], [ 75.72770848037888, 22.717559794781032, 0.0 ], [ 75.727098147662929, 22.721308635204291, 0.0 ], [ 75.725213614663559, 22.721058792028689, 0.0 ], [ 75.720637911288918, 22.724934933427086, 0.0 ], [ 75.716761769373207, 22.722772003924938, 0.0 ], [ 75.713692264952726, 22.727504751945084, 0.0 ], [ 75.71377386750423, 22.733011817689118, 0.0 ], [ 75.729497464919874, 22.734922332888665, 0.0 ], [ 75.731624702796097, 22.734651074179258, 0.0 ] ] ] } },
{ "type": "Feature", "properties": { "Vill_LGD": "476105", "Villl_name": "PIPALYA TAFA", "Sub_dist": "HATOD", "District": "INDORE" }, "geometry": { "type": "Polygon", "coordinates": [ [ [ 75.741923975870009, 22.734520274901239, 0.0 ], [ 75.741076292723619, 22.719299181313922, 0.0 ], [ 75.73218195991501, 22.719731959801543, 0.0 ], [ 75.732271074556309, 22.731885822386779, 0.0 ], [ 75.741923975870009, 22.734520274901239, 0.0 ] ] ] } },
{ "type": "Feature", "properties": { "Vill_LGD": "476101", "Villl_name": "ROJADI", "Sub_dist": "HATOD", "District": "INDORE" }, "geometry": { "type": "Polygon", "coordinates": [ [ [ 75.743844779359335, 22.76892343097926, 0.0 ], [ 75.742735950837584, 22.766168014940483, 0.0 ], [ 75.74325208448721, 22.758030422110348, 0.0 ], [ 75.740313273741037, 22.757758732736207, 0.0 ], [ 75.732047026694005, 22.759072194911692, 0.0 ], [ 75.715806107838731, 22.766254324224686, 0.0 ], [ 75.711975176494263, 22.768360146985533, 0.0 ], [ 75.711957330009824, 22.77009120438526, 0.0 ], [ 75.708715315025373, 22.770757454509997, 0.0 ], [ 75.707525583950854, 22.777925579239113, 0.0 ], [ 75.70860285998053, 22.782401029534125, 0.0 ], [ 75.73173598042807, 22.77655707397939, 0.0 ], [ 75.738369916404977, 22.771169973943962, 0.0 ], [ 75.743844779359335, 22.76892343097926, 0.0 ] ] ] } },
{ "type": "Feature", "properties": { "Vill_LGD": "476102", "Villl_name": "KALMER BADI", "Sub_dist": "HATOD", "District": "INDORE" }, "geometry": { "type": "Polygon", "coordinates": [ [ [ 75.70757969184065, 22.77810372362157, 0.0 ], [ 75.708751006466642, 22.770692019042194, 0.0 ], [ 75.730517126100736, 22.759883317037811, 0.0 ], [ 75.727835609293976, 22.746920329046098, 0.0 ], [ 75.722962473183344, 22.747367667065308, 0.0 ], [ 75.718409545506276, 22.743892020324544, 0.0 ], [ 75.716310861121542, 22.745341111923626, 0.0 ], [ 75.712099215042215, 22.744641550608065, 0.0 ], [ 75.708427509968672, 22.748996821129165, 0.0 ], [ 75.699261901709093, 22.748908806204877, 0.0 ], [ 75.699264605240941, 22.755313443644837, 0.0 ], [ 75.702334109807751, 22.756764915176106, 0.0 ], [ 75.703190716481913, 22.761190711911379, 0.0 ], [ 75.700882638561481, 22.763070486735646, 0.0 ], [ 75.691947762459691, 22.764545751886768, 0.0 ], [ 75.695510911814821, 22.769888330332339, 0.0 ], [ 75.692661601226234, 22.77292145470371, 0.0 ], [ 75.697065050501791, 22.774794894728348, 0.0 ], [ 75.697694711661654, 22.776575494601449, 0.0 ], [ 75.70757969184065, 22.77810372362157, 0.0 ] ] ] } },
{ "type": "Feature", "properties": { "Vill_LGD": "476109", "Villl_name": "BUDHANIA", "Sub_dist": "HATOD", "District": "INDORE" }, "geometry": { "type": "Polygon", "coordinates": [ [ [ 75.760683312194672, 22.790624447023415, 0.0 ], [ 75.784438051568458, 22.78923631917003, 0.0 ], [ 75.781520089260695, 22.778177450612624, 0.0 ], [ 75.780621223556793, 22.764736402134968, 0.0 ], [ 75.778546334060735, 22.759758570338647, 0.0 ], [ 75.769759823315098, 22.759580185489394, 0.0 ], [ 75.751097435704338, 22.765288127911418, 0.0 ], [ 75.749860329325656, 22.774829599751961, 0.0 ], [ 75.750682878810551, 22.78291777074169, 0.0 ], [ 75.757827788732342, 22.784709630432477, 0.0 ], [ 75.758209284170491, 22.788007560131852, 0.0 ], [ 75.760931436654346, 22.788056619079459, 0.0 ], [ 75.760683312194672, 22.790624447023415, 0.0 ] ] ] } },
{ "type": "Feature", "properties": { "Vill_LGD": "476104", "Villl_name": "JAMBURDI HAPSI", "Sub_dist": "HATOD", "District": "INDORE" }, "geometry": { "type": "Polygon", "coordinates": [ [ [ 75.750976684501595, 22.765755185477975, 0.0 ], [ 75.772266804895509, 22.75942176446372, 0.0 ], [ 75.773938044825996, 22.749359538663164, 0.0 ], [ 75.773152699433112, 22.743579460317292, 0.0 ], [ 75.770991326650829, 22.741762520338419, 0.0 ], [ 75.76156404565404, 22.740944820705302, 0.0 ], [ 75.76102152862957, 22.737637369495378, 0.0 ], [ 75.732509861839304, 22.732095532965648, 0.0 ], [ 75.731624702796097, 22.734651074179258, 0.0 ], [ 75.729070307476761, 22.734894600627051, 0.0 ], [ 75.729164003233223, 22.742260872071018, 0.0 ], [ 75.727616698333293, 22.745640179337567, 0.0 ], [ 75.730517126100736, 22.759883317037811, 0.0 ], [ 75.74325208448721, 22.758030422110348, 0.0 ], [ 75.742735950837584, 22.766168014940483, 0.0 ], [ 75.750976684501595, 22.765755185477975, 0.0 ] ] ] } },
{ "type": "Feature", "properties": { "Vill_LGD": "476100", "Villl_name": "GURDA KHEDI", "Sub_dist": "HATOD", "District": "INDORE" }, "geometry": { "type": "Polygon", "coordinates": [ [ [ 75.7088826786065, 22.786994983900016, 0.0 ], [ 75.709539224508575, 22.782580584168084, 0.0 ], [ 75.70757969184065, 22.77810372362157, 0.0 ], [ 75.697694711661654, 22.776575494601449, 0.0 ], [ 75.697350089640352, 22.786632991432413, 0.0 ], [ 75.7088826786065, 22.786994983900016, 0.0 ] ] ] } },
{ "type": "Feature", "properties": { "Vill_LGD": "476267", "Villl_name": "KALODHALA", "Sub_dist": "JUNI INDORE", "District": "INDORE" }, "geometry": { "type": "Polygon", "coordinates": [ [ [ 75.899545700780251, 22.807670979723696, 0.0 ], [ 75.902259398067216, 22.794593100022883, 0.0 ], [ 75.899166097881732, 22.788171172067294, 0.0 ], [ 75.898944101896603, 22.782339317059112, 0.0 ], [ 75.88603608971448, 22.784472041199635, 0.0 ], [ 75.886329358292159, 22.791024359625819, 0.0 ], [ 75.88955352743632, 22.795128931282523, 0.0 ], [ 75.886739815433884, 22.79985216101112, 0.0 ], [ 75.89087412935055, 22.805188102230233, 0.0 ], [ 75.887704320269052, 22.809006705505976, 0.0 ], [ 75.892153905750931, 22.810801161623697, 0.0 ], [ 75.899545700780251, 22.807670979723696, 0.0 ] ] ] } },
{ "type": "Feature", "properties": { "Vill_LGD": "476259", "Villl_name": "RALAMANDAL", "Sub_dist": "JUNI INDORE", "District": "INDORE" }, "geometry": { "type": "Polygon", "coordinates": [ [ [ 75.901174874217531, 22.65862435673316, 0.0 ], [ 75.920087806212564, 22.648771167053301, 0.0 ], [ 75.923264709473912, 22.648416523459478, 0.0 ], [ 75.923736950611499, 22.643174836210068, 0.0 ], [ 75.904522865967152, 22.64057398496066, 0.0 ], [ 75.898034076292447, 22.64248707276289, 0.0 ], [ 75.887176595938925, 22.641330653543449, 0.0 ], [ 75.884863613939359, 22.656335694545593, 0.0 ], [ 75.901174874217531, 22.65862435673316, 0.0 ] ] ] } },
{ "type": "Feature", "properties": { "Vill_LGD": "476339", "Villl_name": "SET KHEDI", "Sub_dist": "KANADIYA", "District": "INDORE" }, "geometry": { "type": "Polygon", "coordinates": [ [ [ 76.06913662357492, 22.726449448083216, 0.0 ], [ 76.068535810023249, 22.721184889903324, 0.0 ], [ 76.072637416524472, 22.720240680322728, 0.0 ], [ 76.072426626062438, 22.715128728827949, 0.0 ], [ 76.050638544220106, 22.71812064770679, 0.0 ], [ 76.05283240631006, 22.722903363392621, 0.0 ], [ 76.052327961319776, 22.726148948592023, 0.0 ], [ 76.054179975627179, 22.728000663817543, 0.0 ], [ 76.06913662357492, 22.726449448083216, 0.0 ] ] ] } },
{ "type": "Feature", "properties": { "Vill_LGD": "476276", "Villl_name": "JANI", "Sub_dist": "KANADIYA", "District": "INDORE" }, "geometry": { "type": "Polygon", "coordinates": [ [ [ 76.063048967839592, 22.802671667407527, 0.0 ], [ 76.062542142965754, 22.795818820631801, 0.0 ], [ 76.065188336690881, 22.792198263049546, 0.0 ], [ 76.056949212314848, 22.789765547383382, 0.0 ], [ 76.049614524654444, 22.789679886413793, 0.0 ], [ 76.049414822447417, 22.798527147090617, 0.0 ], [ 76.051427680562838, 22.806512118163372, 0.0 ], [ 76.053861868366823, 22.803099971017939, 0.0 ], [ 76.06045059690436, 22.80738300099927, 0.0 ], [ 76.06002943200167, 22.804591892444403, 0.0 ], [ 76.063048967839592, 22.802671667407527, 0.0 ] ] ] } },
{ "type": "Feature", "properties": { "Vill_LGD": "476274", "Villl_name": "HARAN KHEDI (SHAKKAR KHEDI)", "Sub_dist": "KANADIYA", "District": "INDORE" }, "geometry": { "type": "Polygon", "coordinates": [ [ [ 76.049081698025262, 22.790565470515435, 0.0 ], [ 76.049596394189493, 22.77540447443079, 0.0 ], [ 76.034572503146407, 22.772778502398896, 0.0 ], [ 76.032436155445609, 22.783733703001918, 0.0 ], [ 76.033415325826027, 22.789580374226389, 0.0 ], [ 76.049081698025262, 22.790565470515435, 0.0 ] ] ] } },
{ "type": "Feature", "properties": { "Vill_LGD": "476275", "Villl_name": "JALOD KEU", "Sub_dist": "KANADIYA", "District": "INDORE" }, "geometry": { "type": "Polygon", "coordinates": [ [ [ 76.068292405745069, 22.789830357554628, 0.0 ], [ 76.068502035080087, 22.781689041949051, 0.0 ], [ 76.071295491443621, 22.778175780387844, 0.0 ], [ 76.056374454007866, 22.773463265333444, 0.0 ], [ 76.056055606323071, 22.774629201383497, 0.0 ], [ 76.049509827976181, 22.775463290529906, 0.0 ], [ 76.049614524654444, 22.789679886413793, 0.0 ], [ 76.056949212314848, 22.789765547383382, 0.0 ], [ 76.065188336690881, 22.792198263049546, 0.0 ], [ 76.068292405745069, 22.789830357554628, 0.0 ] ] ] } },
{ "type": "Feature", "properties": { "Vill_LGD": "476273", "Villl_name": "KHATIPIPLYA", "Sub_dist": "KANADIYA", "District": "INDORE" }, "geometry": { "type": "Polygon", "coordinates": [ [ [ 76.033415326163961, 22.789470918392364, 0.0 ], [ 76.032436155445609, 22.783733703001918, 0.0 ], [ 76.034416787786569, 22.771835713160218, 0.0 ], [ 76.018522357331562, 22.773744714905387, 0.0 ], [ 76.018832626974188, 22.783179199123431, 0.0 ], [ 76.022579261171416, 22.789832597504333, 0.0 ], [ 76.033415326163961, 22.789470918392364, 0.0 ] ] ] } },
{ "type": "Feature", "properties": { "Vill_LGD": "476278", "Villl_name": "BARODA DAULAT", "Sub_dist": "KANADIYA", "District": "INDORE" }, "geometry": { "type": "Polygon", "coordinates": [ [ [ 76.056055606323071, 22.774629201383497, 0.0 ], [ 76.057626992759538, 22.759094541780787, 0.0 ], [ 76.056502696991814, 22.754496233535626, 0.0 ], [ 76.054747845150757, 22.754514080390202, 0.0 ], [ 76.051660493550912, 22.749148394226463, 0.0 ], [ 76.044700571079304, 22.74933280441001, 0.0 ], [ 76.044522111125175, 22.747952716073673, 0.0 ], [ 76.029558276340438, 22.750464236936395, 0.0 ], [ 76.034645215487373, 22.772844605445627, 0.0 ], [ 76.049607266661795, 22.775404904562919, 0.0 ], [ 76.056055606323071, 22.774629201383497, 0.0 ] ] ] } },
{ "type": "Feature", "properties": { "Vill_LGD": "476279", "Villl_name": "SEMALYA CHAU", "Sub_dist": "KANADIYA", "District": "INDORE" }, "geometry": { "type": "Polygon", "coordinates": [ [ [ 76.076596579341711, 22.773768446457137, 0.0 ], [ 76.08287652748335, 22.766464513158017, 0.0 ], [ 76.083029637926003, 22.764124626251629, 0.0 ], [ 76.079590375135012, 22.765483825153606, 0.0 ], [ 76.079009573795972, 22.764470728353594, 0.0 ], [ 76.083021648281246, 22.759708344426649, 0.0 ], [ 76.082943743970887, 22.757746157044149, 0.0 ], [ 76.079405226105592, 22.756169774504016, 0.0 ], [ 76.082240259789998, 22.755198307363251, 0.0 ], [ 76.082269123246334, 22.752430816552728, 0.0 ], [ 76.074418241690836, 22.752022549358703, 0.0 ], [ 76.056458046813376, 22.754465537731789, 0.0 ], [ 76.058037449992227, 22.763127729462315, 0.0 ], [ 76.056223110923753, 22.773406999700654, 0.0 ], [ 76.071295491443621, 22.778175780387844, 0.0 ], [ 76.073039442998407, 22.773365387252063, 0.0 ], [ 76.076596579341711, 22.773768446457137, 0.0 ] ] ] } },
{ "type": "Feature", "properties": { "Vill_LGD": "476277", "Villl_name": "BARODA KARA", "Sub_dist": "KANADIYA", "District": "INDORE" }, "geometry": { "type": "Polygon", "coordinates": [ [ [ 76.034416787786569, 22.771835713160218, 0.0 ], [ 76.029558276281691, 22.750607004857663, 0.0 ], [ 76.020756422667759, 22.750471128684424, 0.0 ], [ 76.018704135723368, 22.765675884285884, 0.0 ], [ 76.019773712399228, 22.773627728657814, 0.0 ], [ 76.034416787786569, 22.771835713160218, 0.0 ] ] ] } },
{ "type": "Feature", "properties": { "Vill_LGD": "476280", "Villl_name": "GARYA", "Sub_dist": "KANADIYA", "District": "INDORE" }, "geometry": { "type": "Polygon", "coordinates": [ [ [ 76.054747845150757, 22.754514080390202, 0.0 ], [ 76.079738463535307, 22.751800295456114, 0.0 ], [ 76.081142562523823, 22.749707363335045, 0.0 ], [ 76.076904198998108, 22.74832402299608, 0.0 ], [ 76.073680780038032, 22.741576403867754, 0.0 ], [ 76.044936938842881, 22.743910415203157, 0.0 ], [ 76.044700571079304, 22.74933280441001, 0.0 ], [ 76.051660493550912, 22.749148394226463, 0.0 ], [ 76.054747845150757, 22.754514080390202, 0.0 ] ] ] } },
{ "type": "Feature", "properties": { "Vill_LGD": "476282", "Villl_name": "KHEMANA", "Sub_dist": "KANADIYA", "District": "INDORE" }, "geometry": { "type": "Polygon", "coordinates": [ [ [ 76.029558276281691, 22.750607004857663, 0.0 ], [ 76.044724364555208, 22.747952716038604, 0.0 ], [ 76.044936938842881, 22.743910415203157, 0.0 ], [ 76.046135480212797, 22.743767706429981, 0.0 ], [ 76.043446801516353, 22.737552494726355, 0.0 ], [ 76.036215618727354, 22.732648425823005, 0.0 ], [ 76.031018875660436, 22.724279861678799, 0.0 ], [ 76.019150284883537, 22.728068502701575, 0.0 ], [ 76.018139013989497, 22.730418219988888, 0.0 ], [ 76.015741708450975, 22.731013086510288, 0.0 ], [ 76.01445679929418, 22.737479270866558, 0.0 ], [ 76.019156234514554, 22.749894108837125, 0.0 ], [ 76.029558276281691, 22.750607004857663, 0.0 ] ] ] } },
{ "type": "Feature", "properties": { "Vill_LGD": "476281", "Villl_name": "BHOKHAKHEDI", "Sub_dist": "KANADIYA", "District": "INDORE" }, "geometry": { "type": "Polygon", "coordinates": [ [ [ 76.073832571645241, 22.741601680761434, 0.0 ], [ 76.071652903947367, 22.731476058616114, 0.0 ], [ 76.066027707801837, 22.732439747284552, 0.0 ], [ 76.053071542316545, 22.739096289031327, 0.0 ], [ 76.043925302112228, 22.739129459778876, 0.0 ], [ 76.045766775935931, 22.743405968459417, 0.0 ], [ 76.048845202766628, 22.744130514726795, 0.0 ], [ 76.073832571645241, 22.741601680761434, 0.0 ] ] ] } },
{ "type": "Feature", "properties": { "Vill_LGD": "476342", "Villl_name": "ANKYA", "Sub_dist": "KANADIYA", "District": "INDORE" }, "geometry": { "type": "Polygon", "coordinates": [ [ [ 76.071474445264244, 22.731482008399301, 0.0 ], [ 76.069493543229228, 22.726497037337744, 0.0 ], [ 76.055372085075177, 22.727479562289869, 0.0 ], [ 76.038509463993748, 22.734242479884866, 0.0 ], [ 76.043925302112228, 22.739129459778876, 0.0 ], [ 76.052369600948978, 22.739191468199103, 0.0 ], [ 76.066027707801837, 22.732439747284552, 0.0 ], [ 76.071474445264244, 22.731482008399301, 0.0 ] ] ] } },
{ "type": "Feature", "properties": { "Vill_LGD": "476271", "Villl_name": "NIGNOTI", "Sub_dist": "KANADIYA", "District": "INDORE" }, "geometry": { "type": "Polygon", "coordinates": [ [ [ 75.990486964741507, 22.802682174879251, 0.0 ], [ 75.999702449817775, 22.802540900740574, 0.0 ], [ 76.000576679705162, 22.792928409023808, 0.0 ], [ 75.998970542253971, 22.785790026181321, 0.0 ], [ 75.988148755081227, 22.782042374444899, 0.0 ], [ 75.984274991612594, 22.781647383971396, 0.0 ], [ 75.984056082632989, 22.783284452868617, 0.0 ], [ 75.980822262629715, 22.78331532992943, 0.0 ], [ 75.981871509049029, 22.793224035245736, 0.0 ], [ 75.986042703565559, 22.800928730390268, 0.0 ], [ 75.990359290249643, 22.800925436685354, 0.0 ], [ 75.990486964741507, 22.802682174879251, 0.0 ] ] ] } },
{ "type": "Feature", "properties": { "Vill_LGD": "476270", "Villl_name": "PANOD", "Sub_dist": "KANADIYA", "District": "INDORE" }, "geometry": { "type": "Polygon", "coordinates": [ [ [ 75.992644967520803, 22.81436682295891, 0.0 ], [ 75.992434458438581, 22.802725797003781, 0.0 ], [ 75.990486964741507, 22.802682174879251, 0.0 ], [ 75.990359290249643, 22.800925436685354, 0.0 ], [ 75.986128364267586, 22.800985837283658, 0.0 ], [ 75.983079084789097, 22.796561229343936, 0.0 ], [ 75.980822262629715, 22.78331532992943, 0.0 ], [ 75.974032404224317, 22.782506765279617, 0.0 ], [ 75.973854935455165, 22.78050682863805, 0.0 ], [ 75.966466709636634, 22.779643084864741, 0.0 ], [ 75.964861058539228, 22.77818327497458, 0.0 ], [ 75.966173014588477, 22.790811708258609, 0.0 ], [ 75.965292313044969, 22.80461805679122, 0.0 ], [ 75.970051510425478, 22.814130422783137, 0.0 ], [ 75.973293525683133, 22.815865049911146, 0.0 ], [ 75.975033470044522, 22.820027148443732, 0.0 ], [ 75.9808323368473, 22.819742244270699, 0.0 ], [ 75.982283130557363, 22.816512263848669, 0.0 ], [ 75.992644967520803, 22.81436682295891, 0.0 ] ] ] } },
{ "type": "Feature", "properties": { "Vill_LGD": "476269", "Villl_name": "BALYA KHEDA", "Sub_dist": "KANADIYA", "District": "INDORE" }, "geometry": { "type": "Polygon", "coordinates": [ [ [ 75.965292313044969, 22.80461805679122, 0.0 ], [ 75.966173014588477, 22.790811708258609, 0.0 ], [ 75.964860573110329, 22.77773713561422, 0.0 ], [ 75.953154599467567, 22.774154497353216, 0.0 ], [ 75.95204987195379, 22.781835458591146, 0.0 ], [ 75.949430086769141, 22.782870524614616, 0.0 ], [ 75.947952441117181, 22.786147042296616, 0.0 ], [ 75.943660907902611, 22.805356954716942, 0.0 ], [ 75.965292313044969, 22.80461805679122, 0.0 ] ] ] } },
{ "type": "Feature", "properties": { "Vill_LGD": "476272", "Villl_name": "JAGMALPIPALYA", "Sub_dist": "KANADIYA", "District": "INDORE" }, "geometry": { "type": "Polygon", "coordinates": [ [ [ 76.02415327388816, 22.799164843489905, 0.0 ], [ 76.023142002941853, 22.791169853971944, 0.0 ], [ 76.019089608520019, 22.783940625940446, 0.0 ], [ 76.018874278758275, 22.779219386933942, 0.0 ], [ 76.005376184573507, 22.776384014627201, 0.0 ], [ 76.004167029139467, 22.77906727040703, 0.0 ], [ 76.001097525067181, 22.779210038995011, 0.0 ], [ 75.998956009643464, 22.785581045849764, 0.0 ], [ 76.000576679705162, 22.792928409023808, 0.0 ], [ 75.999955279534632, 22.800166029368583, 0.0 ], [ 76.02415327388816, 22.799164843489905, 0.0 ] ] ] } },
{ "type": "Feature", "properties": { "Vill_LGD": "476285", "Villl_name": "BISAN KHEDA", "Sub_dist": "KANADIYA", "District": "INDORE" }, "geometry": { "type": "Polygon", "coordinates": [ [ [ 76.004167029139467, 22.77906727040703, 0.0 ], [ 76.006344236105562, 22.77557541188806, 0.0 ], [ 76.00392908353173, 22.770144291485639, 0.0 ], [ 76.003787363144923, 22.764244056339937, 0.0 ], [ 75.987630549238403, 22.758026291923173, 0.0 ], [ 75.984722848297267, 22.7669254772585, 0.0 ], [ 75.984274991612594, 22.781647383971396, 0.0 ], [ 75.998970542253971, 22.785790026181321, 0.0 ], [ 76.001097525067181, 22.779210038995011, 0.0 ], [ 76.004167029139467, 22.77906727040703, 0.0 ] ] ] } },
{ "type": "Feature", "properties": { "Vill_LGD": "476286", "Villl_name": "BURANA KHEDI", "Sub_dist": "KANADIYA", "District": "INDORE" }, "geometry": { "type": "Polygon", "coordinates": [ [ [ 76.019773712399228, 22.773627728657814, 0.0 ], [ 76.018704135723368, 22.765675884285884, 0.0 ], [ 76.020756422667759, 22.750471128684424, 0.0 ], [ 76.019156234514554, 22.749894108837125, 0.0 ], [ 76.017987351386282, 22.756496163547766, 0.0 ], [ 76.013582969554449, 22.756046444385092, 0.0 ], [ 76.0097425189322, 22.758916075540959, 0.0 ], [ 76.008664877451892, 22.762971338886157, 0.0 ], [ 76.003787711628064, 22.764245521763442, 0.0 ], [ 76.003774418369957, 22.768359696914949, 0.0 ], [ 76.006320441929105, 22.775444541939883, 0.0 ], [ 76.005376184573507, 22.776384014627201, 0.0 ], [ 76.006686284745697, 22.777066144868471, 0.0 ], [ 76.018874278758275, 22.779219386933942, 0.0 ], [ 76.018522357331562, 22.773744714905387, 0.0 ], [ 76.019773712399228, 22.773627728657814, 0.0 ] ] ] } },
{ "type": "Feature", "properties": { "Vill_LGD": "476289", "Villl_name": "KHATRI KHEDI", "Sub_dist": "KANADIYA", "District": "INDORE" }, "geometry": { "type": "Polygon", "coordinates": [ [ [ 76.000665735457005, 22.747487311023061, 0.0 ], [ 75.988064206029748, 22.747842317933557, 0.0 ], [ 75.987402120273671, 22.757919217102145, 0.0 ], [ 75.994755534051464, 22.761572737626899, 0.0 ], [ 75.997447050979972, 22.753079654164821, 0.0 ], [ 75.999802716776699, 22.752443147897285, 0.0 ], [ 76.000665735457005, 22.747487311023061, 0.0 ] ] ] } },
{ "type": "Feature", "properties": { "Vill_LGD": "476288", "Villl_name": "CHHITKANA", "Sub_dist": "KANADIYA", "District": "INDORE" }, "geometry": { "type": "Polygon", "coordinates": [ [ [ 76.003787363144923, 22.764244056339937, 0.0 ], [ 76.006188160799454, 22.747654595138602, 0.0 ], [ 76.000665735457005, 22.747487311023061, 0.0 ], [ 75.999802716776699, 22.752443147897285, 0.0 ], [ 75.997447050979972, 22.753079654164821, 0.0 ], [ 75.994755534051464, 22.761572737626899, 0.0 ], [ 76.003787363144923, 22.764244056339937, 0.0 ] ] ] } },
{ "type": "Feature", "properties": { "Vill_LGD": "476287", "Villl_name": "SAHU KHEDI", "Sub_dist": "KANADIYA", "District": "INDORE" }, "geometry": { "type": "Polygon", "coordinates": [ [ [ 76.019156234514554, 22.749894108837125, 0.0 ], [ 76.01802759549399, 22.746639923041666, 0.0 ], [ 76.006188160799454, 22.747654595138602, 0.0 ], [ 76.003787711628064, 22.764245521763442, 0.0 ], [ 76.008664877451892, 22.762971338886157, 0.0 ], [ 76.009606890215707, 22.759044565872234, 0.0 ], [ 76.013582969554449, 22.756046444385092, 0.0 ], [ 76.017987351386282, 22.756496163547766, 0.0 ], [ 76.019156234514554, 22.749894108837125, 0.0 ] ] ] } },
{ "type": "Feature", "properties": { "Vill_LGD": "476292", "Villl_name": "CHAUHAN KHEDI", "Sub_dist": "KANADIYA", "District": "INDORE" }, "geometry": { "type": "Polygon", "coordinates": [ [ [ 76.01802759549399, 22.746639923041666, 0.0 ], [ 76.01446869657353, 22.737592294946303, 0.0 ], [ 76.015461157216166, 22.727915664207707, 0.0 ], [ 76.0000714727, 22.730259037006128, 0.0 ], [ 75.999492593431754, 22.731518168111617, 0.0 ], [ 75.991206603070538, 22.731042317067001, 0.0 ], [ 75.994024086822151, 22.735266429052182, 0.0 ], [ 75.994907462263512, 22.743216802433729, 0.0 ], [ 75.996769389943822, 22.743499364864782, 0.0 ], [ 75.998133906535131, 22.746874353948616, 0.0 ], [ 76.012667653485934, 22.747802343603293, 0.0 ], [ 76.01802759549399, 22.746639923041666, 0.0 ] ] ] } },
{ "type": "Feature", "properties": { "Vill_LGD": "476290", "Villl_name": "BEGAMKHEDI", "Sub_dist": "KANADIYA", "District": "INDORE" }, "geometry": { "type": "Polygon", "coordinates": [ [ [ 75.998133906535131, 22.746874353948616, 0.0 ], [ 75.996769389943822, 22.743499364864782, 0.0 ], [ 75.994907462263512, 22.743216802433729, 0.0 ], [ 75.994024086822151, 22.735266429052182, 0.0 ], [ 75.991299681794047, 22.731340170333112, 0.0 ], [ 75.987025445577302, 22.73189657670029, 0.0 ], [ 75.986638784265921, 22.734115425356951, 0.0 ], [ 75.982577044226389, 22.7343129197853, 0.0 ], [ 75.981780400802222, 22.73966813497287, 0.0 ], [ 75.983204987538556, 22.744810384594388, 0.0 ], [ 75.986856886810202, 22.743895529920014, 0.0 ], [ 75.986776572516263, 22.747669271654104, 0.0 ], [ 75.988034461523156, 22.748145700300459, 0.0 ], [ 75.998133906535131, 22.746874353948616, 0.0 ] ] ] } },
{ "type": "Feature", "properties": { "Vill_LGD": "476284", "Villl_name": "HIGONYA", "Sub_dist": "KANADIYA", "District": "INDORE" }, "geometry": { "type": "Polygon", "coordinates": [ [ [ 75.987178567798097, 22.756209161205224, 0.0 ], [ 75.988105845132722, 22.748657284028024, 0.0 ], [ 75.986776572516263, 22.747669271654104, 0.0 ], [ 75.986856886810202, 22.743895529920014, 0.0 ], [ 75.974853078602436, 22.745643196039076, 0.0 ], [ 75.973443249041082, 22.749902431499873, 0.0 ], [ 75.964301908221003, 22.748691547732445, 0.0 ], [ 75.964047193001008, 22.761444879277061, 0.0 ], [ 75.96132707351444, 22.776473642849229, 0.0 ], [ 75.966466709636634, 22.779643084864741, 0.0 ], [ 75.973895321112906, 22.780533021297874, 0.0 ], [ 75.976684511529328, 22.767376874480004, 0.0 ], [ 75.979161530722564, 22.766420332615645, 0.0 ], [ 75.978461015532858, 22.753968374786261, 0.0 ], [ 75.987178567798097, 22.756209161205224, 0.0 ] ] ] } },
{ "type": "Feature", "properties": { "Vill_LGD": "476291", "Villl_name": "JHALARIA", "Sub_dist": "KANADIYA", "District": "INDORE" }, "geometry": { "type": "Polygon", "coordinates": [ [ [ 75.964301908221003, 22.748691547732445, 0.0 ], [ 75.956210001869749, 22.748195168105788, 0.0 ], [ 75.946307081488044, 22.750618252040628, 0.0 ], [ 75.948732903812356, 22.773459103276011, 0.0 ], [ 75.961218609616139, 22.775806116124162, 0.0 ], [ 75.964047193001008, 22.761444879277061, 0.0 ], [ 75.964301908221003, 22.748691547732445, 0.0 ] ] ] } },
{ "type": "Feature", "properties": { "Vill_LGD": "476283", "Villl_name": "UPADINATHA", "Sub_dist": "KANADIYA", "District": "INDORE" }, "geometry": { "type": "Polygon", "coordinates": [ [ [ 75.983703921912749, 22.783346318972892, 0.0 ], [ 75.984722848297267, 22.7669254772585, 0.0 ], [ 75.987630549238403, 22.758026291923173, 0.0 ], [ 75.987178567798097, 22.756209161205224, 0.0 ], [ 75.978461015532858, 22.753968374786261, 0.0 ], [ 75.979161530722564, 22.766420332615645, 0.0 ], [ 75.976320453486096, 22.768390525583257, 0.0 ], [ 75.973975892120592, 22.78244430498739, 0.0 ], [ 75.983703921912749, 22.783346318972892, 0.0 ] ] ] } },
{ "type": "Feature", "properties": { "Vill_LGD": "476350", "Villl_name": "PHALI", "Sub_dist": "KHUDAIL", "District": "INDORE" }, "geometry": { "type": "Polygon", "coordinates": [ [ [ 76.117559288851425, 22.700218006983583, 0.0 ], [ 76.117362902186841, 22.683684222026052, 0.0 ], [ 76.10217242295208, 22.686235004177981, 0.0 ], [ 76.103880876003203, 22.702010830367573, 0.0 ], [ 76.117559288851425, 22.700218006983583, 0.0 ] ] ] } },
{ "type": "Feature", "properties": { "Vill_LGD": "476351", "Villl_name": "GEHLI", "Sub_dist": "KHUDAIL", "District": "INDORE" }, "geometry": { "type": "Polygon", "coordinates": [ [ [ 76.135276644013317, 22.698593963233794, 0.0 ], [ 76.141879599362795, 22.692641624761627, 0.0 ], [ 76.14194860397437, 22.689436489815293, 0.0 ], [ 76.118097333137669, 22.69234629320696, 0.0 ], [ 76.117559288851425, 22.700218006983583, 0.0 ], [ 76.12014565222529, 22.699890056534159, 0.0 ], [ 76.120604888465024, 22.703688866044981, 0.0 ], [ 76.135276644013317, 22.698593963233794, 0.0 ] ] ] } },
{ "type": "Feature", "properties": { "Vill_LGD": "476360", "Villl_name": "SHIWNI", "Sub_dist": "KHUDAIL", "District": "INDORE" }, "geometry": { "type": "Polygon", "coordinates": [ [ [ 76.183278262067049, 22.693748683712322, 0.0 ], [ 76.192669269192834, 22.689531819025081, 0.0 ], [ 76.197793528722471, 22.68450822633891, 0.0 ], [ 76.198669344479896, 22.681588460214606, 0.0 ], [ 76.200931956538369, 22.681204820465858, 0.0 ], [ 76.202072894039944, 22.67805002966503, 0.0 ], [ 76.204274951165004, 22.678875550454389, 0.0 ], [ 76.205205648545814, 22.676682671612692, 0.0 ], [ 76.195861549677105, 22.668454387643568, 0.0 ], [ 76.19489977215683, 22.663628924154274, 0.0 ], [ 76.191486075524111, 22.667244099314296, 0.0 ], [ 76.185014545359394, 22.668924423796344, 0.0 ], [ 76.181721370737492, 22.67402122897473, 0.0 ], [ 76.176741158973215, 22.676660527079417, 0.0 ], [ 76.173012543794144, 22.681480126250044, 0.0 ], [ 76.162828451147206, 22.678470106367605, 0.0 ], [ 76.160508476373693, 22.674181129539821, 0.0 ], [ 76.159223566887647, 22.674746250205988, 0.0 ], [ 76.159425821550386, 22.672860527761841, 0.0 ], [ 76.162667836283319, 22.670332351351959, 0.0 ], [ 76.168487490929095, 22.657407034813531, 0.0 ], [ 76.169965464489749, 22.648444292767518, 0.0 ], [ 76.158946325025198, 22.644391998515157, 0.0 ], [ 76.15997851057476, 22.634564409116603, 0.0 ], [ 76.157477008432579, 22.634546977898744, 0.0 ], [ 76.15220650182367, 22.638003146076624, 0.0 ], [ 76.151694917562253, 22.642869142682507, 0.0 ], [ 76.137792917238201, 22.644516919473087, 0.0 ], [ 76.133777575796472, 22.648918922678593, 0.0 ], [ 76.128043074799393, 22.651387613999429, 0.0 ], [ 76.127680207270572, 22.653933637188484, 0.0 ], [ 76.12433620339219, 22.655187298311048, 0.0 ], [ 76.122170893903402, 22.661219232098162, 0.0 ], [ 76.116585108827422, 22.665258367429722, 0.0 ], [ 76.118673085782291, 22.677084288285165, 0.0 ], [ 76.117362902186841, 22.683684222026052, 0.0 ], [ 76.118192064702185, 22.692191905244442, 0.0 ], [ 76.14194860397437, 22.689436489815293, 0.0 ], [ 76.14187959955494, 22.692732042905362, 0.0 ], [ 76.14340245359584, 22.692841497831051, 0.0 ], [ 76.16032518152771, 22.689629225531544, 0.0 ], [ 76.172079208816456, 22.690576466334559, 0.0 ], [ 76.17677123697392, 22.694705778440273, 0.0 ], [ 76.183278262067049, 22.693748683712322, 0.0 ] ] ] } },
{ "type": "Feature", "properties": { "Vill_LGD": "476355", "Villl_name": "PEDMI", "Sub_dist": "KHUDAIL", "District": "INDORE" }, "geometry": { "type": "Polygon", "coordinates": [ [ [ 76.095983475935697, 22.634727981775502, 0.0 ], [ 76.11118929402852, 22.634298325090754, 0.0 ], [ 76.125644518840659, 22.622398640200043, 0.0 ], [ 76.131970351944616, 22.6220522096895, 0.0 ], [ 76.132421111226932, 22.620699931402466, 0.0 ], [ 76.133866868341798, 22.603314560783875, 0.0 ], [ 76.130952029005456, 22.60208913914337, 0.0 ], [ 76.129785411411561, 22.603704433299058, 0.0 ], [ 76.128215648162765, 22.603213434174389, 0.0 ], [ 76.124936074570599, 22.600430028345208, 0.0 ], [ 76.126033288757199, 22.597207176426455, 0.0 ], [ 76.124491791899544, 22.596235665399853, 0.0 ], [ 76.123393348962992, 22.598398144240434, 0.0 ], [ 76.120806901055062, 22.598956041687249, 0.0 ], [ 76.119138004457611, 22.603951066930023, 0.0 ], [ 76.116562237350394, 22.602951693737776, 0.0 ], [ 76.115997116067476, 22.599971419368423, 0.0 ], [ 76.113492732900227, 22.601297967598356, 0.0 ], [ 76.112517153375066, 22.599923828711844, 0.0 ], [ 76.108618658653015, 22.599822825863974, 0.0 ], [ 76.120216611687738, 22.593002096919101, 0.0 ], [ 76.119600294284737, 22.589096674756185, 0.0 ], [ 76.11790663437678, 22.5898289664012, 0.0 ], [ 76.117851730046155, 22.588093354069208, 0.0 ], [ 76.115277547313099, 22.587968457427536, 0.0 ], [ 76.114645102982479, 22.58637926319399, 0.0 ], [ 76.11243982145271, 22.586033726280139, 0.0 ], [ 76.11152967873366, 22.589977681242953, 0.0 ], [ 76.108229679438594, 22.589798894323152, 0.0 ], [ 76.107746334333356, 22.59252965326878, 0.0 ], [ 76.105765434104512, 22.590078808767394, 0.0 ], [ 76.107696491088845, 22.586430465791612, 0.0 ], [ 76.099694137053334, 22.586263748960569, 0.0 ], [ 76.100268879561042, 22.588091464688031, 0.0 ], [ 76.097902254467073, 22.589060743703207, 0.0 ], [ 76.099031559264446, 22.595015694972904, 0.0 ], [ 76.097038760786248, 22.596038863893398, 0.0 ], [ 76.093596212565458, 22.591307908106568, 0.0 ], [ 76.091452976466314, 22.593873554087093, 0.0 ], [ 76.091423233066024, 22.596663471942808, 0.0 ], [ 76.088631045704659, 22.599210113943894, 0.0 ], [ 76.092108402137995, 22.60998437584632, 0.0 ], [ 76.096841150328416, 22.611288319505693, 0.0 ], [ 76.09493564239979, 22.613116957919313, 0.0 ], [ 76.095285421646608, 22.6152013666557, 0.0 ], [ 76.090973838976836, 22.614808755065944, 0.0 ], [ 76.092689292127233, 22.624846916743412, 0.0 ], [ 76.095154413677363, 22.624637523912881, 0.0 ], [ 76.095094225604015, 22.633331807899989, 0.0 ], [ 76.095983475935697, 22.634727981775502, 0.0 ] ] ] } },
{ "type": "Feature", "properties": { "Vill_LGD": "476354", "Villl_name": "UNDAL", "Sub_dist": "KHUDAIL", "District": "INDORE" }, "geometry": { "type": "Polygon", "coordinates": [ [ [ 76.070662557201544, 22.643338398855569, 0.0 ], [ 76.079056923621209, 22.642667571823193, 0.0 ], [ 76.078904637791851, 22.641158993672459, 0.0 ], [ 76.081855169376837, 22.639303014982815, 0.0 ], [ 76.086847278994497, 22.638887799223593, 0.0 ], [ 76.095983475935697, 22.634727981775502, 0.0 ], [ 76.094522278927187, 22.63039514137752, 0.0 ], [ 76.095154413677363, 22.624637523912881, 0.0 ], [ 76.092689292127233, 22.624846916743412, 0.0 ], [ 76.091484147780221, 22.621837231892886, 0.0 ], [ 76.08092651751322, 22.618482975512688, 0.0 ], [ 76.071212039160216, 22.620297862702813, 0.0 ], [ 76.069370335415371, 22.630455782183407, 0.0 ], [ 76.070662557201544, 22.643338398855569, 0.0 ] ] ] } },
{ "type": "Feature", "properties": { "Vill_LGD": "476356", "Villl_name": "SEMALYA RAIMAL", "Sub_dist": "KHUDAIL", "District": "INDORE" }, "geometry": { "type": "Polygon", "coordinates": [ [ [ 76.084205243915918, 22.65609433480649, 0.0 ], [ 76.097877626593359, 22.654885568855743, 0.0 ], [ 76.104487769668751, 22.650502602241325, 0.0 ], [ 76.099804038950424, 22.646984806903763, 0.0 ], [ 76.102016938165278, 22.642559009713651, 0.0 ], [ 76.100475046688203, 22.64095287269647, 0.0 ], [ 76.102504131524455, 22.634350165872263, 0.0 ], [ 76.097043269163237, 22.63408604564777, 0.0 ], [ 76.078904637791851, 22.641158993672459, 0.0 ], [ 76.081789932300509, 22.652676014830117, 0.0 ], [ 76.084205243915918, 22.65609433480649, 0.0 ] ] ] } },
{ "type": "Feature", "properties": { "Vill_LGD": "476359", "Villl_name": "BHINGARIA", "Sub_dist": "KHUDAIL", "District": "INDORE" }, "geometry": { "type": "Polygon", "coordinates": [ [ [ 76.070771125444296, 22.660992232606407, 0.0 ], [ 76.080169677823733, 22.659792018259473, 0.0 ], [ 76.084224279823758, 22.656693959325562, 0.0 ], [ 76.079056923621209, 22.642667571823193, 0.0 ], [ 76.070662557201544, 22.643338398855569, 0.0 ], [ 76.070771125444296, 22.660992232606407, 0.0 ] ] ] } },
{ "type": "Feature", "properties": { "Vill_LGD": "476358", "Villl_name": "KHARADIA", "Sub_dist": "KHUDAIL", "District": "INDORE" }, "geometry": { "type": "Polygon", "coordinates": [ [ [ 76.098652441995128, 22.671240484880229, 0.0 ], [ 76.099393681416032, 22.664960339879812, 0.0 ], [ 76.118964570135248, 22.66462781037476, 0.0 ], [ 76.125542148199642, 22.654082519133176, 0.0 ], [ 76.118698872000422, 22.650059874355765, 0.0 ], [ 76.11847044437981, 22.647861251926884, 0.0 ], [ 76.111296368615399, 22.641136895864349, 0.0 ], [ 76.110643533713159, 22.634490407686144, 0.0 ], [ 76.102662961003858, 22.634535467841328, 0.0 ], [ 76.100475046688203, 22.64095287269647, 0.0 ], [ 76.102016938165278, 22.642559009713651, 0.0 ], [ 76.099804038950424, 22.646984806903763, 0.0 ], [ 76.104487769668751, 22.650502602241325, 0.0 ], [ 76.097877626593359, 22.654885568855743, 0.0 ], [ 76.093322686772012, 22.655641218031594, 0.0 ], [ 76.0951933373548, 22.662959213179697, 0.0 ], [ 76.092882757697026, 22.671809700606552, 0.0 ], [ 76.098652441995128, 22.671240484880229, 0.0 ] ] ] } },
{ "type": "Feature", "properties": { "Vill_LGD": "476352", "Villl_name": "DIGWAL", "Sub_dist": "KHUDAIL", "District": "INDORE" }, "geometry": { "type": "Polygon", "coordinates": [ [ [ 76.117362902186841, 22.683684222026052, 0.0 ], [ 76.11870877801482, 22.677815972818596, 0.0 ], [ 76.116811157949911, 22.665418980928774, 0.0 ], [ 76.099393681416032, 22.664960339879812, 0.0 ], [ 76.099512178546561, 22.67735257302305, 0.0 ], [ 76.103374043694402, 22.682156704297427, 0.0 ], [ 76.104090762401967, 22.685706337194244, 0.0 ], [ 76.117362902186841, 22.683684222026052, 0.0 ] ] ] } },
{ "type": "Feature", "properties": { "Vill_LGD": "476353", "Villl_name": "SHAHDADEO", "Sub_dist": "KHUDAIL", "District": "INDORE" }, "geometry": { "type": "Polygon", "coordinates": [ [ [ 76.092859751210867, 22.668306655248877, 0.0 ], [ 76.0951933373548, 22.662959213179697, 0.0 ], [ 76.093322686772012, 22.655641218031594, 0.0 ], [ 76.08600887652382, 22.655532783165473, 0.0 ], [ 76.080169677823733, 22.659792018259473, 0.0 ], [ 76.074378070265922, 22.660862774582295, 0.0 ], [ 76.075258471093761, 22.668524639944071, 0.0 ], [ 76.092859751210867, 22.668306655248877, 0.0 ] ] ] } },
{ "type": "Feature", "properties": { "Vill_LGD": "476345", "Villl_name": "BAWALYA KHURD", "Sub_dist": "KHUDAIL", "District": "INDORE" }, "geometry": { "type": "Polygon", "coordinates": [ [ [ 76.092246026626995, 22.693914877833791, 0.0 ], [ 76.089649193788048, 22.685733033914005, 0.0 ], [ 76.091790849842667, 22.676957207479447, 0.0 ], [ 76.081192870875782, 22.680057327561972, 0.0 ], [ 76.07852812541924, 22.679550993582687, 0.0 ], [ 76.079254973837834, 22.695958279078983, 0.0 ], [ 76.092246026626995, 22.693914877833791, 0.0 ] ] ] } },
{ "type": "Feature", "properties": { "Vill_LGD": "476347", "Villl_name": "KAKU KHEDI", "Sub_dist": "KHUDAIL", "District": "INDORE" }, "geometry": { "type": "Polygon", "coordinates": [ [ [ 76.091790849842667, 22.676957207479447, 0.0 ], [ 76.092859751210867, 22.668306655248877, 0.0 ], [ 76.075258471093761, 22.668524639944071, 0.0 ], [ 76.07852812541924, 22.679550993582687, 0.0 ], [ 76.081192870875782, 22.680057327561972, 0.0 ], [ 76.091790849842667, 22.676957207479447, 0.0 ] ] ] } },
{ "type": "Feature", "properties": { "Vill_LGD": "476346", "Villl_name": "BAWALYA BUZURG", "Sub_dist": "KHUDAIL", "District": "INDORE" }, "geometry": { "type": "Polygon", "coordinates": [ [ [ 76.102367982297906, 22.69231115374, 0.0 ], [ 76.102034414276062, 22.686458673196285, 0.0 ], [ 76.104090762401967, 22.685706337194244, 0.0 ], [ 76.103374043694402, 22.682156704297427, 0.0 ], [ 76.099512178546561, 22.67735257302305, 0.0 ], [ 76.098652441995128, 22.671240484880229, 0.0 ], [ 76.092882757697026, 22.671809700606552, 0.0 ], [ 76.089656332570215, 22.685590267021389, 0.0 ], [ 76.091769294069692, 22.692978493201089, 0.0 ], [ 76.102367982297906, 22.69231115374, 0.0 ] ] ] } },
{ "type": "Feature", "properties": { "Vill_LGD": "476361", "Villl_name": "BADIA HAT", "Sub_dist": "KHUDAIL", "District": "INDORE" }, "geometry": { "type": "Polygon", "coordinates": [ [ [ 76.19489977215683, 22.663628924154274, 0.0 ], [ 76.191988282141253, 22.660111564511983, 0.0 ], [ 76.19092079829754, 22.650278468344982, 0.0 ], [ 76.188781833502887, 22.647510718979209, 0.0 ], [ 76.180129403274194, 22.650476596865609, 0.0 ], [ 76.173958638399228, 22.645940505510154, 0.0 ], [ 76.17007025724908, 22.648123854515422, 0.0 ], [ 76.168487490929095, 22.657407034813531, 0.0 ], [ 76.159223566887647, 22.674746250205988, 0.0 ], [ 76.160508476373693, 22.674181129539821, 0.0 ], [ 76.163387624905837, 22.678916255437041, 0.0 ], [ 76.172905467768004, 22.681521765870936, 0.0 ], [ 76.176741158973215, 22.676660527079417, 0.0 ], [ 76.181721370737492, 22.67402122897473, 0.0 ], [ 76.185014545359394, 22.668924423796344, 0.0 ], [ 76.191486075524111, 22.667244099314296, 0.0 ], [ 76.19489977215683, 22.663628924154274, 0.0 ] ] ] } },
{ "type": "Feature", "properties": { "Vill_LGD": "476318", "Villl_name": "PIPALDA", "Sub_dist": "KHUDAIL", "District": "INDORE" }, "geometry": { "type": "Polygon", "coordinates": [ [ [ 76.035070322920191, 22.613348431842468, 0.0 ], [ 76.039051160056573, 22.608170724619352, 0.0 ], [ 76.050615339144485, 22.607392640829747, 0.0 ], [ 76.057111269045208, 22.601482060405921, 0.0 ], [ 76.056580161257386, 22.585815865235173, 0.0 ], [ 76.051954225510499, 22.584634256926428, 0.0 ], [ 76.049250674185146, 22.579134508189767, 0.0 ], [ 76.044092001809432, 22.578972703426512, 0.0 ], [ 76.040080543296156, 22.574667223361242, 0.0 ], [ 76.031748738936756, 22.578160003412524, 0.0 ], [ 76.028910729486952, 22.589574305266858, 0.0 ], [ 76.026543165361957, 22.590799727204395, 0.0 ], [ 76.025751995697718, 22.59334575092613, 0.0 ], [ 76.021897268297167, 22.594725837790648, 0.0 ], [ 76.022093573813734, 22.596409307482752, 0.0 ], [ 76.019755504612419, 22.596494691901466, 0.0 ], [ 76.015401091450002, 22.602412412153789, 0.0 ], [ 76.013325686636946, 22.613757067681767, 0.0 ], [ 76.014278591655426, 22.615765965185549, 0.0 ], [ 76.018728183425807, 22.615951562958326, 0.0 ], [ 76.024824361391339, 22.613029583253624, 0.0 ], [ 76.035070322920191, 22.613348431842468, 0.0 ] ] ] } },
{ "type": "Feature", "properties": { "Vill_LGD": "476323", "Villl_name": "SAHU KHEDI", "Sub_dist": "KHUDAIL", "District": "INDORE" }, "geometry": { "type": "Polygon", "coordinates": [ [ [ 76.031748738936756, 22.578160003412524, 0.0 ], [ 76.025894767635506, 22.577217506072255, 0.0 ], [ 76.006955194684593, 22.580547545091132, 0.0 ], [ 76.007834406609476, 22.586565201972771, 0.0 ], [ 76.012952626486708, 22.586986365654806, 0.0 ], [ 76.020676357682333, 22.594545913962811, 0.0 ], [ 76.020590695958973, 22.596430447165311, 0.0 ], [ 76.022093573813734, 22.596409307482752, 0.0 ], [ 76.021897268297167, 22.594725837790648, 0.0 ], [ 76.025751995697718, 22.59334575092613, 0.0 ], [ 76.026543165361957, 22.590799727204395, 0.0 ], [ 76.02898806139828, 22.589449384331573, 0.0 ], [ 76.031748738936756, 22.578160003412524, 0.0 ] ] ] } },
{ "type": "Feature", "properties": { "Vill_LGD": "476328", "Villl_name": "KAMPEL", "Sub_dist": "KHUDAIL", "District": "INDORE" }, "geometry": { "type": "Polygon", "coordinates": [ [ [ 76.070771125444296, 22.660992232606407, 0.0 ], [ 76.071285089024784, 22.644255102911757, 0.0 ], [ 76.069734394230025, 22.640428103527238, 0.0 ], [ 76.069370336250259, 22.630512889292653, 0.0 ], [ 76.07044823214234, 22.621475695897985, 0.0 ], [ 76.076938541073702, 22.61856863593929, 0.0 ], [ 76.076260393463031, 22.613254347966905, 0.0 ], [ 76.081093079123505, 22.609042702315591, 0.0 ], [ 76.085044944688107, 22.594537813268442, 0.0 ], [ 76.087297821225022, 22.593146335624116, 0.0 ], [ 76.084915407369053, 22.593724838461537, 0.0 ], [ 76.084974892723238, 22.591482196025161, 0.0 ], [ 76.090519036646413, 22.587115885051425, 0.0 ], [ 76.088151474344983, 22.585545440880818, 0.0 ], [ 76.083553164694038, 22.588067669497999, 0.0 ], [ 76.085226560965467, 22.583974655556013, 0.0 ], [ 76.072400500160498, 22.577828613984469, 0.0 ], [ 76.083301495924843, 22.57894751769506, 0.0 ], [ 76.074304172887025, 22.575923665941488, 0.0 ], [ 76.077631719776107, 22.572811723290148, 0.0 ], [ 76.080693858973419, 22.572801795320519, 0.0 ], [ 76.07954498348073, 22.569356610683446, 0.0 ], [ 76.08461442675295, 22.570605112155924, 0.0 ], [ 76.085222900428064, 22.57170367482961, 0.0 ], [ 76.083053465682752, 22.571864845954501, 0.0 ], [ 76.082960021196271, 22.573318079245219, 0.0 ], [ 76.084470454105229, 22.5740441505863, 0.0 ], [ 76.085525545079335, 22.574110519220955, 0.0 ], [ 76.084682859146483, 22.572898573283574, 0.0 ], [ 76.088512388015673, 22.573405076457604, 0.0 ], [ 76.090382878943643, 22.571863319176078, 0.0 ], [ 76.091341855469551, 22.573761613939592, 0.0 ], [ 76.09588807008025, 22.574908630831924, 0.0 ], [ 76.095974846314661, 22.573218553456798, 0.0 ], [ 76.093448104723834, 22.571221829055546, 0.0 ], [ 76.095012189061279, 22.570964923822086, 0.0 ], [ 76.091658219976637, 22.570053678965383, 0.0 ], [ 76.095309081970754, 22.568901871181637, 0.0 ], [ 76.089348366300982, 22.569381457750506, 0.0 ], [ 76.090898545689214, 22.570171776168035, 0.0 ], [ 76.086327567010997, 22.571358648039958, 0.0 ], [ 76.085629964530639, 22.568319202053978, 0.0 ], [ 76.094280915998695, 22.564202419361568, 0.0 ], [ 76.098308153500156, 22.565326713959916, 0.0 ], [ 76.103139320849792, 22.564195002597877, 0.0 ], [ 76.103466342736965, 22.567409189979475, 0.0 ], [ 76.105646818728857, 22.568331668839257, 0.0 ], [ 76.10919377786847, 22.566772158842401, 0.0 ], [ 76.104417420555833, 22.565844246664014, 0.0 ], [ 76.103900269403184, 22.56460752206479, 0.0 ], [ 76.105914071446293, 22.564870141835218, 0.0 ], [ 76.104435382820014, 22.56257564117665, 0.0 ], [ 76.107495332632624, 22.561249865774979, 0.0 ], [ 76.104249459565025, 22.56127990484714, 0.0 ], [ 76.103505569461362, 22.559565954741352, 0.0 ], [ 76.102169282372301, 22.56365307448268, 0.0 ], [ 76.097117330781586, 22.564913081884033, 0.0 ], [ 76.095861898463255, 22.562182276642197, 0.0 ], [ 76.090999275235262, 22.564353509682498, 0.0 ], [ 76.090451992453154, 22.559607236720893, 0.0 ], [ 76.092705699288658, 22.558291771994682, 0.0 ], [ 76.090516317290408, 22.557603024964386, 0.0 ], [ 76.090160643275141, 22.559726549726751, 0.0 ], [ 76.088007732893942, 22.560106862432001, 0.0 ], [ 76.087366749227527, 22.563789653682996, 0.0 ], [ 76.085857144202492, 22.563427392436523, 0.0 ], [ 76.086314335309979, 22.564620724743818, 0.0 ], [ 76.082513008087446, 22.566345506375104, 0.0 ], [ 76.08117729812767, 22.563431664651024, 0.0 ], [ 76.079716656338334, 22.566382779819918, 0.0 ], [ 76.076681741557806, 22.566131489778563, 0.0 ], [ 76.076475565330696, 22.567786486204209, 0.0 ], [ 76.078941489483185, 22.568003581403978, 0.0 ], [ 76.078834575701109, 22.570011113735433, 0.0 ], [ 76.070354357765154, 22.571026383472798, 0.0 ], [ 76.06803290728368, 22.575557345501604, 0.0 ], [ 76.06259446600501, 22.578980273117356, 0.0 ], [ 76.059961783398734, 22.582893266594766, 0.0 ], [ 76.056690103908949, 22.602931151795374, 0.0 ], [ 76.052835377521149, 22.604101846920301, 0.0 ], [ 76.04886643591874, 22.607935158139842, 0.0 ], [ 76.039051160056573, 22.608170724619352, 0.0 ], [ 76.035940722766711, 22.615109357259875, 0.0 ], [ 76.039614611040818, 22.622518998386646, 0.0 ], [ 76.043450302727607, 22.625983493868969, 0.0 ], [ 76.037225632123167, 22.638123505307728, 0.0 ], [ 76.03565994697874, 22.651077289838817, 0.0 ], [ 76.038291629673395, 22.653090314234419, 0.0 ], [ 76.048570902229983, 22.653485304872326, 0.0 ], [ 76.050788560289831, 22.657135398069688, 0.0 ], [ 76.050761955724084, 22.661395714672246, 0.0 ], [ 76.056095940843392, 22.663714885145168, 0.0 ], [ 76.070771125444296, 22.660992232606407, 0.0 ] ] ] } },
{ "type": "Feature", "properties": { "Vill_LGD": "476329", "Villl_name": "PIWDAY", "Sub_dist": "KHUDAIL", "District": "INDORE" }, "geometry": { "type": "Polygon", "coordinates": [ [ [ 76.050015579191339, 22.660093269830199, 0.0 ], [ 76.050788560289831, 22.657135398069688, 0.0 ], [ 76.048570902229983, 22.653485304872326, 0.0 ], [ 76.038291629673395, 22.653090314234419, 0.0 ], [ 76.035550490714328, 22.650839344622391, 0.0 ], [ 76.037225632123167, 22.638123505307728, 0.0 ], [ 76.043450302727607, 22.625983493868969, 0.0 ], [ 76.036664079261158, 22.617622068436695, 0.0 ], [ 76.037316533300086, 22.61162570201552, 0.0 ], [ 76.035070322920191, 22.613348431842468, 0.0 ], [ 76.024824361391339, 22.613029583253624, 0.0 ], [ 76.018728183425807, 22.615951562958326, 0.0 ], [ 76.014278591655426, 22.615765965185549, 0.0 ], [ 76.013325686636946, 22.613757067681767, 0.0 ], [ 76.000396210532273, 22.614914100365745, 0.0 ], [ 76.002440027799139, 22.618558693625666, 0.0 ], [ 76.005011637527389, 22.637256761410541, 0.0 ], [ 76.025941791916807, 22.636380232335284, 0.0 ], [ 76.026355818286504, 22.653412414247562, 0.0 ], [ 76.028354564803053, 22.65477346588926, 0.0 ], [ 76.026593764437322, 22.659756056768071, 0.0 ], [ 76.026565209777644, 22.667184733554919, 0.0 ], [ 76.03218549679228, 22.667294189239698, 0.0 ], [ 76.032946924697683, 22.669273901582645, 0.0 ], [ 76.041627199713801, 22.668602892499244, 0.0 ], [ 76.040715865471995, 22.6631967572274, 0.0 ], [ 76.043935276476418, 22.662925498577543, 0.0 ], [ 76.043364204797371, 22.661012412624721, 0.0 ], [ 76.050015579191339, 22.660093269830199, 0.0 ] ] ] } },
{ "type": "Feature", "properties": { "Vill_LGD": "476332", "Villl_name": "KHUDEL BUZURG", "Sub_dist": "KHUDAIL", "District": "INDORE" }, "geometry": { "type": "Polygon", "coordinates": [ [ [ 76.019332877534438, 22.707999540660936, 0.0 ], [ 76.034046776363098, 22.703649415909485, 0.0 ], [ 76.044563994068582, 22.702804707665344, 0.0 ], [ 76.052932836826486, 22.699293459486455, 0.0 ], [ 76.051445565380334, 22.692589980368393, 0.0 ], [ 76.047971158864684, 22.688528388565118, 0.0 ], [ 76.046096351456498, 22.683023089383756, 0.0 ], [ 76.032989055872306, 22.68607134593698, 0.0 ], [ 76.024387303940401, 22.690118809561032, 0.0 ], [ 76.007439983911581, 22.687977294141273, 0.0 ], [ 76.010024093391849, 22.701783279502589, 0.0 ], [ 76.015725282221325, 22.701554851673858, 0.0 ], [ 76.019332877534438, 22.707999540660936, 0.0 ] ] ] } },
{ "type": "Feature", "properties": { "Vill_LGD": "476343", "Villl_name": "ARANYA", "Sub_dist": "KHUDAIL", "District": "INDORE" }, "geometry": { "type": "Polygon", "coordinates": [ [ [ 76.103325883452086, 22.708677898236232, 0.0 ], [ 76.102367982297906, 22.69231115374, 0.0 ], [ 76.079254973837834, 22.695958279078983, 0.0 ], [ 76.083125557698864, 22.709081999531374, 0.0 ], [ 76.103325883452086, 22.708677898236232, 0.0 ] ] ] } },
{ "type": "Feature", "properties": { "Vill_LGD": "476340", "Villl_name": "ASAKHEDI", "Sub_dist": "KHUDAIL", "District": "INDORE" }, "geometry": { "type": "Polygon", "coordinates": [ [ [ 76.08810602741805, 22.718629625839743, 0.0 ], [ 76.087069514731297, 22.709217628932013, 0.0 ], [ 76.083125557698864, 22.709081999531374, 0.0 ], [ 76.081912925265144, 22.70588876344636, 0.0 ], [ 76.073561017737333, 22.706679933638195, 0.0 ], [ 76.071682987605669, 22.71196713626713, 0.0 ], [ 76.072744227265545, 22.721128060360552, 0.0 ], [ 76.08810602741805, 22.718629625839743, 0.0 ] ] ] } },
{ "type": "Feature", "properties": { "Vill_LGD": "476341", "Villl_name": "MUNDI", "Sub_dist": "KHUDAIL", "District": "INDORE" }, "geometry": { "type": "Polygon", "coordinates": [ [ [ 76.094818699074168, 22.718946644232894, 0.0 ], [ 76.095383821607925, 22.715710576351153, 0.0 ], [ 76.097305234981008, 22.717994860019676, 0.0 ], [ 76.099397971166638, 22.7163447041086, 0.0 ], [ 76.102181941398456, 22.71672065956426, 0.0 ], [ 76.103325883452086, 22.708677898236232, 0.0 ], [ 76.087069514731297, 22.709217628932013, 0.0 ], [ 76.08810602741805, 22.718629625839743, 0.0 ], [ 76.091018487426027, 22.718558243058649, 0.0 ], [ 76.090894756124285, 22.719876464356187, 0.0 ], [ 76.094818699074168, 22.718946644232894, 0.0 ] ] ] } },
{ "type": "Feature", "properties": { "Vill_LGD": "476348", "Villl_name": "MOROD HAT", "Sub_dist": "KHUDAIL", "District": "INDORE" }, "geometry": { "type": "Polygon", "coordinates": [ [ [ 76.078779081883752, 22.686956777575922, 0.0 ], [ 76.078489778957618, 22.678337536572883, 0.0 ], [ 76.074297169428249, 22.665122010696972, 0.0 ], [ 76.07440834003657, 22.661033770206952, 0.0 ], [ 76.05552864271344, 22.663530085742281, 0.0 ], [ 76.05485051828127, 22.677485225951127, 0.0 ], [ 76.045354145339743, 22.677751660563651, 0.0 ], [ 76.047177823426196, 22.686947224575373, 0.0 ], [ 76.051980007308273, 22.694203582922015, 0.0 ], [ 76.062657082110746, 22.690167579921425, 0.0 ], [ 76.062609493796103, 22.686655496291941, 0.0 ], [ 76.078779081883752, 22.686956777575922, 0.0 ] ] ] } },
{ "type": "Feature", "properties": { "Vill_LGD": "476344", "Villl_name": "DHULET", "Sub_dist": "KHUDAIL", "District": "INDORE" }, "geometry": { "type": "Polygon", "coordinates": [ [ [ 76.071682987605669, 22.71196713626713, 0.0 ], [ 76.073561017737333, 22.706679933638195, 0.0 ], [ 76.081912925265144, 22.70588876344636, 0.0 ], [ 76.078379332623626, 22.692560408137588, 0.0 ], [ 76.078779081883752, 22.686956777575922, 0.0 ], [ 76.062609493796103, 22.686655496291941, 0.0 ], [ 76.062657082110746, 22.690167579921425, 0.0 ], [ 76.051980007308273, 22.694203582922015, 0.0 ], [ 76.052958903415131, 22.699423792022138, 0.0 ], [ 76.060770779116638, 22.708778658039968, 0.0 ], [ 76.071682987605669, 22.71196713626713, 0.0 ] ] ] } },
{ "type": "Feature", "properties": { "Vill_LGD": "476349", "Villl_name": "LASUDIYA ANANT", "Sub_dist": "KHUDAIL", "District": "INDORE" }, "geometry": { "type": "Polygon", "coordinates": [ [ [ 76.05552864271344, 22.663530085742281, 0.0 ], [ 76.050985450262118, 22.661067495260898, 0.0 ], [ 76.050575016573887, 22.662424185397484, 0.0 ], [ 76.044026962562242, 22.662983295103629, 0.0 ], [ 76.044192969221143, 22.6664444621717, 0.0 ], [ 76.042689150151801, 22.666577712363519, 0.0 ], [ 76.042898543263732, 22.668538387479853, 0.0 ], [ 76.045753896497359, 22.669594869081973, 0.0 ], [ 76.045354145339743, 22.677751660563651, 0.0 ], [ 76.05485051828127, 22.677485225951127, 0.0 ], [ 76.05552864271344, 22.663530085742281, 0.0 ] ] ] } },
{ "type": "Feature", "properties": { "Vill_LGD": "476331", "Villl_name": "MUNDAL JETKARAN", "Sub_dist": "KHUDAIL", "District": "INDORE" }, "geometry": { "type": "Polygon", "coordinates": [ [ [ 76.032324401640423, 22.716955913810754, 0.0 ], [ 76.04704604796413, 22.713751730801899, 0.0 ], [ 76.046955628445602, 22.710291995181485, 0.0 ], [ 76.057380548838381, 22.706032760170618, 0.0 ], [ 76.053853580898149, 22.699414273940729, 0.0 ], [ 76.044563994068582, 22.702804707665344, 0.0 ], [ 76.034046776363098, 22.703649415909485, 0.0 ], [ 76.019332877534438, 22.707999540660936, 0.0 ], [ 76.021188525283861, 22.716480021173599, 0.0 ], [ 76.032324401640423, 22.716955913810754, 0.0 ] ] ] } },
{ "type": "Feature", "properties": { "Vill_LGD": "476334", "Villl_name": "KAJIPALASIYA", "Sub_dist": "KHUDAIL", "District": "INDORE" }, "geometry": { "type": "Polygon", "coordinates": [ [ [ 76.046096351456498, 22.683023089383756, 0.0 ], [ 76.044697415076811, 22.674315719236709, 0.0 ], [ 76.04615364474131, 22.673839826986828, 0.0 ], [ 76.045753896497359, 22.669594869081973, 0.0 ], [ 76.042898543263732, 22.668538387479853, 0.0 ], [ 76.042689150151801, 22.666577712363519, 0.0 ], [ 76.044192969221143, 22.6664444621717, 0.0 ], [ 76.044026962562242, 22.662983295103629, 0.0 ], [ 76.050575016573887, 22.662424185397484, 0.0 ], [ 76.049629326081259, 22.659717391366051, 0.0 ], [ 76.043364204797371, 22.661012412624721, 0.0 ], [ 76.043935276476418, 22.662925498577543, 0.0 ], [ 76.040715865471995, 22.6631967572274, 0.0 ], [ 76.041627199713801, 22.668602892499244, 0.0 ], [ 76.032946924697683, 22.669273901582645, 0.0 ], [ 76.031996115814863, 22.674700850017782, 0.0 ], [ 76.029188351199821, 22.676299848071, 0.0 ], [ 76.01873775899162, 22.680535289587791, 0.0 ], [ 76.004096459399932, 22.682816002159605, 0.0 ], [ 75.999902660365152, 22.684864718107089, 0.0 ], [ 76.003248182670319, 22.687262024648952, 0.0 ], [ 76.024387303940401, 22.690118809561032, 0.0 ], [ 76.032989055872306, 22.68607134593698, 0.0 ], [ 76.046096351456498, 22.683023089383756, 0.0 ] ] ] } },
{ "type": "Feature", "properties": { "Vill_LGD": "476313", "Villl_name": "DHAMNAY", "Sub_dist": "KHUDAIL", "District": "INDORE" }, "geometry": { "type": "Polygon", "coordinates": [ [ [ 76.010337085519055, 22.652457049820683, 0.0 ], [ 76.003955634145825, 22.652191498274398, 0.0 ], [ 75.993458641881077, 22.655774965721427, 0.0 ], [ 75.988465580739089, 22.65511038179751, 0.0 ], [ 75.991706942452907, 22.668986292208459, 0.0 ], [ 75.996360097189935, 22.666563857846729, 0.0 ], [ 76.006276500772273, 22.668779731525959, 0.0 ], [ 76.009195999785135, 22.671844973176057, 0.0 ], [ 76.011033539061629, 22.664654836721443, 0.0 ], [ 76.010337085519055, 22.652457049820683, 0.0 ] ] ] } },
{ "type": "Feature", "properties": { "Vill_LGD": "476314", "Villl_name": "UJJAINI", "Sub_dist": "KHUDAIL", "District": "INDORE" }, "geometry": { "type": "Polygon", "coordinates": [ [ [ 76.003955634145825, 22.652191498274398, 0.0 ], [ 76.00171205299678, 22.640051916221289, 0.0 ], [ 76.000510425137989, 22.639926994108254, 0.0 ], [ 75.985638793432983, 22.640194684281809, 0.0 ], [ 75.982046996926798, 22.645403562302427, 0.0 ], [ 75.974292382700256, 22.650359592149478, 0.0 ], [ 75.979076228254527, 22.653616081505238, 0.0 ], [ 75.992848310266098, 22.655824935121075, 0.0 ], [ 76.003955634145825, 22.652191498274398, 0.0 ] ] ] } },
{ "type": "Feature", "properties": { "Vill_LGD": "476315", "Villl_name": "SONWAY", "Sub_dist": "KHUDAIL", "District": "INDORE" }, "geometry": { "type": "Polygon", "coordinates": [ [ [ 76.02629679466186, 22.652092937480408, 0.0 ], [ 76.025884684693693, 22.636299330131642, 0.0 ], [ 76.005011637527389, 22.637256761410541, 0.0 ], [ 76.004371099849436, 22.641628309289658, 0.0 ], [ 76.002051126557234, 22.642086354754408, 0.0 ], [ 76.003955634145825, 22.652191498274398, 0.0 ], [ 76.013525826101159, 22.653162079797969, 0.0 ], [ 76.02629679466186, 22.652092937480408, 0.0 ] ] ] } },
{ "type": "Feature", "properties": { "Vill_LGD": "476311", "Villl_name": "KAPALYA KHEDI", "Sub_dist": "KHUDAIL", "District": "INDORE" }, "geometry": { "type": "Polygon", "coordinates": [ [ [ 76.004278408886918, 22.682776600310177, 0.0 ], [ 76.005762437768453, 22.676338584766732, 0.0 ], [ 76.008910465111114, 22.672184046213733, 0.0 ], [ 76.007540589912082, 22.6694251603328, 0.0 ], [ 75.996360097189935, 22.666563857846729, 0.0 ], [ 75.991706942452907, 22.668986292208459, 0.0 ], [ 75.991583864939514, 22.67354287691062, 0.0 ], [ 75.989152054483398, 22.674504179642049, 0.0 ], [ 75.989894446754519, 22.682318329544202, 0.0 ], [ 75.999902660365152, 22.684864718107089, 0.0 ], [ 76.004278408886918, 22.682776600310177, 0.0 ] ] ] } },
{ "type": "Feature", "properties": { "Vill_LGD": "476172", "Villl_name": "MAGAR KHEDA", "Sub_dist": "MALHARGANJ", "District": "INDORE" }, "geometry": { "type": "Polygon", "coordinates": [ [ [ 75.886871257749306, 22.825030513887608, 0.0 ], [ 75.88962729618585, 22.821562590438027, 0.0 ], [ 75.892715836468057, 22.811678308503453, 0.0 ], [ 75.887370237035427, 22.808277504790777, 0.0 ], [ 75.882168734593805, 22.807991968740648, 0.0 ], [ 75.882435234932217, 22.804042063403426, 0.0 ], [ 75.871936466258546, 22.805495186337872, 0.0 ], [ 75.868688501377974, 22.812502699294267, 0.0 ], [ 75.861413300403527, 22.813502071881654, 0.0 ], [ 75.861135686729497, 22.821047559561812, 0.0 ], [ 75.876393447940913, 22.825307861853908, 0.0 ], [ 75.886871257749306, 22.825030513887608, 0.0 ] ] ] } },
{ "type": "Feature", "properties": { "Vill_LGD": "476240", "Villl_name": "KORDIA BARDA", "Sub_dist": "MALHARGANJ", "District": "INDORE" }, "geometry": { "type": "Polygon", "coordinates": [ [ [ 75.799226001299331, 22.711167072044464, 0.0 ], [ 75.795327354489942, 22.709254777888951, 0.0 ], [ 75.789675373516914, 22.711763179238112, 0.0 ], [ 75.780526778877174, 22.712318744232299, 0.0 ], [ 75.780982963840572, 22.72123375145684, 0.0 ], [ 75.783762175062421, 22.723808327257331, 0.0 ], [ 75.794795622821226, 22.725766729078625, 0.0 ], [ 75.799226001299331, 22.711167072044464, 0.0 ] ] ] } },
{ "type": "Feature", "properties": { "Vill_LGD": "476370", "Villl_name": "SINHASA", "Sub_dist": "MALHARGANJ", "District": "INDORE" }, "geometry": { "type": "Polygon", "coordinates": [ [ [ 75.76834940871953, 22.712214061451757, 0.0 ], [ 75.789675373516914, 22.711763179238112, 0.0 ], [ 75.795641442882555, 22.708759849985526, 0.0 ], [ 75.795893665598712, 22.698985023967097, 0.0 ], [ 75.790216271283356, 22.695996421477631, 0.0 ], [ 75.788367799722835, 22.688611244581935, 0.0 ], [ 75.782134384903912, 22.690419969081958, 0.0 ], [ 75.777565820573628, 22.696606566735024, 0.0 ], [ 75.768876029115688, 22.698909885029376, 0.0 ], [ 75.76834940871953, 22.712214061451757, 0.0 ] ] ] } },
{ "type": "Feature", "properties": { "Vill_LGD": "777425", "Villl_name": "Indore (M Corp. + OG) Part\r\n", "Sub_dist": "MALHARGANJ", "District": "INDORE" }, "geometry": { "type": "Polygon", "coordinates": [ [ [ 75.840349060153812, 22.820907596154093, 0.0 ], [ 75.842056082725534, 22.818123325962699, 0.0 ], [ 75.84087580369426, 22.815947889288765, 0.0 ], [ 75.84411663045735, 22.817109067527571, 0.0 ], [ 75.848161990093928, 22.815227794491065, 0.0 ], [ 75.847291887877745, 22.801762901074909, 0.0 ], [ 75.858553632425952, 22.800883115241131, 0.0 ], [ 75.857987253077411, 22.789963631160688, 0.0 ], [ 75.864047243968002, 22.789291531845173, 0.0 ], [ 75.863946116984181, 22.787762729326705, 0.0 ], [ 75.867622384025623, 22.787399860636061, 0.0 ], [ 75.8693118023251, 22.784627788590566, 0.0 ], [ 75.872593548067115, 22.784233726487912, 0.0 ], [ 75.880386242079808, 22.786796761021737, 0.0 ], [ 75.879541811079108, 22.801781576265842, 0.0 ], [ 75.882492342524458, 22.804089652832989, 0.0 ], [ 75.882168734593805, 22.807991968740648, 0.0 ], [ 75.887370237035427, 22.808277504790777, 0.0 ], [ 75.89087412935055, 22.805188102230233, 0.0 ], [ 75.886739815433884, 22.79985216101112, 0.0 ], [ 75.88955352743632, 22.795128931282523, 0.0 ], [ 75.886329358292159, 22.791024359625819, 0.0 ], [ 75.88603608971448, 22.784472041199635, 0.0 ], [ 75.89843070194766, 22.782351942393749, 0.0 ], [ 75.899166097881732, 22.788171172067294, 0.0 ], [ 75.902259398067216, 22.794593100022883, 0.0 ], [ 75.899545951446072, 22.805738677505513, 0.0 ], [ 75.918926410696585, 22.806344429442724, 0.0 ], [ 75.922156529437814, 22.80192458069136, 0.0 ], [ 75.943640857162947, 22.804521240368565, 0.0 ], [ 75.947952441117181, 22.786147042296616, 0.0 ], [ 75.949430086769141, 22.782870524614616, 0.0 ], [ 75.95204987195379, 22.781835458591146, 0.0 ], [ 75.953149183466508, 22.774368709841184, 0.0 ], [ 75.948732903812356, 22.773459103276011, 0.0 ], [ 75.946307081488044, 22.750618252040628, 0.0 ], [ 75.959368737547052, 22.747903684712906, 0.0 ], [ 75.973443249041082, 22.749902431499873, 0.0 ], [ 75.974853078602436, 22.745643196039076, 0.0 ], [ 75.982401602414512, 22.744134855809051, 0.0 ], [ 75.982577044226389, 22.7343129197853, 0.0 ], [ 75.986638784265921, 22.734115425356951, 0.0 ], [ 75.987025445577302, 22.73189657670029, 0.0 ], [ 75.991299681794047, 22.731340170333112, 0.0 ], [ 75.988711692394688, 22.723345329292265, 0.0 ], [ 75.982934153985866, 22.722166278721449, 0.0 ], [ 75.977294831264373, 22.717228896489136, 0.0 ], [ 75.977326928161219, 22.71550229970974, 0.0 ], [ 75.968171028245038, 22.709391357244055, 0.0 ], [ 75.956933944760422, 22.705611099044269, 0.0 ], [ 75.943365875055733, 22.70467018526697, 0.0 ], [ 75.940577146868108, 22.695426071688239, 0.0 ], [ 75.940740060305245, 22.68663324917717, 0.0 ], [ 75.915662644463936, 22.685777835778222, 0.0 ], [ 75.915064209671556, 22.683283447569313, 0.0 ], [ 75.921842877042749, 22.67992351381347, 0.0 ], [ 75.92173128619784, 22.676320683452747, 0.0 ], [ 75.929259914124017, 22.672988359523391, 0.0 ], [ 75.929746412311104, 22.671475782751198, 0.0 ], [ 75.92951562687611, 22.668273625662192, 0.0 ], [ 75.924280813356006, 22.659172187320078, 0.0 ], [ 75.923823858975354, 22.648395016969715, 0.0 ], [ 75.920087806212564, 22.648771167053301, 0.0 ], [ 75.901174874217531, 22.65862435673316, 0.0 ], [ 75.884863613939359, 22.656335694545593, 0.0 ], [ 75.88700236283411, 22.64161798826667, 0.0 ], [ 75.890733049134298, 22.641715860148015, 0.0 ], [ 75.888333273288126, 22.628579713988966, 0.0 ], [ 75.886719998791008, 22.626476271275514, 0.0 ], [ 75.877720877152754, 22.629112713415928, 0.0 ], [ 75.854744801580949, 22.630545149680128, 0.0 ], [ 75.846815725088973, 22.630126453320148, 0.0 ], [ 75.841350318295298, 22.625780400220759, 0.0 ], [ 75.837607775250632, 22.628066858998015, 0.0 ], [ 75.834512556243297, 22.635148412872251, 0.0 ], [ 75.828277178964029, 22.63667602687331, 0.0 ], [ 75.827293398830037, 22.642862428409327, 0.0 ], [ 75.828891080560084, 22.652282911083923, 0.0 ], [ 75.798654488932172, 22.660829881580877, 0.0 ], [ 75.7862252697374, 22.660528657502397, 0.0 ], [ 75.788620249423687, 22.671111423129123, 0.0 ], [ 75.787191086629562, 22.67564813335235, 0.0 ], [ 75.788025784126205, 22.687744926944831, 0.0 ], [ 75.801856584046632, 22.690172477669126, 0.0 ], [ 75.811886301195642, 22.688563031562538, 0.0 ], [ 75.813544049658333, 22.703746540571565, 0.0 ], [ 75.811259767557885, 22.709971210062079, 0.0 ], [ 75.799111788354992, 22.711274147311379, 0.0 ], [ 75.794821619978066, 22.724722860520021, 0.0 ], [ 75.79401846888598, 22.739922250960973, 0.0 ], [ 75.781418109120906, 22.740854645485815, 0.0 ], [ 75.772970564057715, 22.743384237625627, 0.0 ], [ 75.773948605128112, 22.74916602517429, 0.0 ], [ 75.772266804895509, 22.75942176446372, 0.0 ], [ 75.778546334060735, 22.759758570338647, 0.0 ], [ 75.781679638093721, 22.772926882859917, 0.0 ], [ 75.816693012431003, 22.771138248746254, 0.0 ], [ 75.818108519859351, 22.772267967563231, 0.0 ], [ 75.827301918335522, 22.785480292101468, 0.0 ], [ 75.829693646254697, 22.798372497128799, 0.0 ], [ 75.830022010579938, 22.802905370414255, 0.0 ], [ 75.822526632576754, 22.804091725064485, 0.0 ], [ 75.822461303002058, 22.81075363952468, 0.0 ], [ 75.825640262681958, 22.812209868789278, 0.0 ], [ 75.826650196306304, 22.81687341386348, 0.0 ], [ 75.83124017616268, 22.817458762521465, 0.0 ], [ 75.834767856663518, 22.814827025890725, 0.0 ], [ 75.838118007887218, 22.814675982007689, 0.0 ], [ 75.837945496715889, 22.819851309738571, 0.0 ], [ 75.840349060153812, 22.820907596154093, 0.0 ] ] ] } },
{ "type": "Feature", "properties": { "Vill_LGD": "476366", "Villl_name": "BANK (CT)", "Sub_dist": "MALHARGANJ", "District": "INDORE" }, "geometry": { "type": "Polygon", "coordinates": [ [ [ 75.811886301195642, 22.688563031562538, 0.0 ], [ 75.801856584046632, 22.690172477669126, 0.0 ], [ 75.788025784126205, 22.687744926944831, 0.0 ], [ 75.790216271283356, 22.695996421477631, 0.0 ], [ 75.795893665598712, 22.698985023967097, 0.0 ], [ 75.795327354489942, 22.709254777888951, 0.0 ], [ 75.800704477985818, 22.711475028812419, 0.0 ], [ 75.811259767557885, 22.709971210062079, 0.0 ], [ 75.813572602781221, 22.703384862076206, 0.0 ], [ 75.811886301195642, 22.688563031562538, 0.0 ] ] ] } },
{ "type": "Feature", "properties": { "Vill_LGD": "476108", "Villl_name": "LIMBODAGARI", "Sub_dist": "MALHARGANJ", "District": "INDORE" }, "geometry": { "type": "Polygon", "coordinates": [ [ [ 75.789947608543713, 22.804590576322681, 0.0 ], [ 75.830022010579938, 22.802905370414255, 0.0 ], [ 75.827301918335522, 22.785480292101468, 0.0 ], [ 75.817558659617816, 22.787752752397186, 0.0 ], [ 75.785197710165136, 22.789297898177423, 0.0 ], [ 75.789947608543713, 22.804590576322681, 0.0 ] ] ] } },
{ "type": "Feature", "properties": { "Vill_LGD": "476336", "Villl_name": "DHATURIA", "Sub_dist": "KHUDAIL", "District": "INDORE" }, "geometry": { "type": "Polygon", "coordinates": [ [ [ 76.088247634035483, 22.746429361865719, 0.0 ], [ 76.089813040345561, 22.745325892434142, 0.0 ], [ 76.089927358793219, 22.740721516106692, 0.0 ], [ 76.087518050236056, 22.738829964048751, 0.0 ], [ 76.087443106027138, 22.734109307409721, 0.0 ], [ 76.07196830275754, 22.733136188180858, 0.0 ], [ 76.074063664756892, 22.74354753295966, 0.0 ], [ 76.076904198998108, 22.74832402299608, 0.0 ], [ 76.081100920625616, 22.74963895327598, 0.0 ], [ 76.07971785890183, 22.75159903346232, 0.0 ], [ 76.085470034323961, 22.752472773343015, 0.0 ], [ 76.086557936649584, 22.750840293091194, 0.0 ], [ 76.084247942654216, 22.74665784771727, 0.0 ], [ 76.085739864769536, 22.746493664498644, 0.0 ], [ 76.085582820320028, 22.74855665658249, 0.0 ], [ 76.089159878090925, 22.74694987540737, 0.0 ], [ 76.088247634035483, 22.746429361865719, 0.0 ] ] ] } },
{ "type": "Feature", "properties": { "Vill_LGD": "476338", "Villl_name": "GOGA KHEDI", "Sub_dist": "KHUDAIL", "District": "INDORE" }, "geometry": { "type": "Polygon", "coordinates": [ [ [ 76.089577935396235, 22.730240632036427, 0.0 ], [ 76.09935157154915, 22.726269435534601, 0.0 ], [ 76.095776431713702, 22.718702749683136, 0.0 ], [ 76.068535810023249, 22.721184889903324, 0.0 ], [ 76.07017763872355, 22.729542747111662, 0.0 ], [ 76.089577935396235, 22.730240632036427, 0.0 ] ] ] } },
{ "type": "Feature", "properties": { "Vill_LGD": "476337", "Villl_name": "DANDALA KHEDI", "Sub_dist": "KHUDAIL", "District": "INDORE" }, "geometry": { "type": "Polygon", "coordinates": [ [ [ 76.07196830275754, 22.733136188180858, 0.0 ], [ 76.088836721881378, 22.733925259089357, 0.0 ], [ 76.089577935396235, 22.730240632036427, 0.0 ], [ 76.071328294443759, 22.729941792459183, 0.0 ], [ 76.07196830275754, 22.733136188180858, 0.0 ] ] ] } },
{ "type": "Feature", "properties": { "Vill_LGD": "476330", "Villl_name": "KHUDEL KHURD", "Sub_dist": "KHUDAIL", "District": "INDORE" }, "geometry": { "type": "Polygon", "coordinates": [ [ [ 76.038509463993748, 22.734242479884866, 0.0 ], [ 76.054122868077656, 22.728842994702237, 0.0 ], [ 76.050638544220106, 22.71812064770679, 0.0 ], [ 76.043546732781834, 22.715359057105836, 0.0 ], [ 76.024732898387072, 22.71700888585972, 0.0 ], [ 76.026728869547043, 22.724832436325038, 0.0 ], [ 76.031018875660436, 22.724279861678799, 0.0 ], [ 76.038509463993748, 22.734242479884866, 0.0 ] ] ] } },
{ "type": "Feature", "properties": { "Vill_LGD": "476335", "Villl_name": "RAMU KHEDI", "Sub_dist": "KHUDAIL", "District": "INDORE" }, "geometry": { "type": "Polygon", "coordinates": [ [ [ 76.072426626062438, 22.715128728827949, 0.0 ], [ 76.071682987605669, 22.71196713626713, 0.0 ], [ 76.064982425285208, 22.710958243817434, 0.0 ], [ 76.057225381992907, 22.706032760287634, 0.0 ], [ 76.046955628445602, 22.710291995181485, 0.0 ], [ 76.04704604796413, 22.713751730801899, 0.0 ], [ 76.043546732781834, 22.715359057105836, 0.0 ], [ 76.051868725240766, 22.718185486503366, 0.0 ], [ 76.072426626062438, 22.715128728827949, 0.0 ] ] ] } },
{ "type": "Feature", "properties": { "Vill_LGD": "476295", "Villl_name": "GARIPIPALYA", "Sub_dist": "KHUDAIL", "District": "INDORE" }, "geometry": { "type": "Polygon", "coordinates": [ [ [ 76.02738322013596, 22.725861552232573, 0.0 ], [ 76.024732898387072, 22.71700888585972, 0.0 ], [ 76.021188525283861, 22.716480021173599, 0.0 ], [ 76.019299232373186, 22.707869942024207, 0.0 ], [ 76.015020961338763, 22.701097995933178, 0.0 ], [ 76.003600733257542, 22.704924121749752, 0.0 ], [ 75.997666478907689, 22.709809711583471, 0.0 ], [ 75.998457528495422, 22.716111157811202, 0.0 ], [ 76.001622211272164, 22.719692246340923, 0.0 ], [ 75.999599669472772, 22.723844406071581, 0.0 ], [ 76.001110628193928, 22.725057931111362, 0.0 ], [ 76.0000714727, 22.730259037006128, 0.0 ], [ 76.015461157216166, 22.727915664207707, 0.0 ], [ 76.015741708450975, 22.731013086510288, 0.0 ], [ 76.018139013989497, 22.730418219988888, 0.0 ], [ 76.01987602084634, 22.727693737247535, 0.0 ], [ 76.02738322013596, 22.725861552232573, 0.0 ] ] ] } },
{ "type": "Feature", "properties": { "Vill_LGD": "476293", "Villl_name": "RAMGARH", "Sub_dist": "KHUDAIL", "District": "INDORE" }, "geometry": { "type": "Polygon", "coordinates": [ [ [ 75.999492593431754, 22.731518168111617, 0.0 ], [ 76.001110628193928, 22.725057931111362, 0.0 ], [ 75.999599669472772, 22.723844406071581, 0.0 ], [ 76.001622211272164, 22.719692246340923, 0.0 ], [ 75.998457528495422, 22.716111157811202, 0.0 ], [ 75.997981637000521, 22.710114915613126, 0.0 ], [ 75.994138806874417, 22.706664697901591, 0.0 ], [ 75.989131192759828, 22.706939897250905, 0.0 ], [ 75.985457780324808, 22.723410763625363, 0.0 ], [ 75.988711692394688, 22.723345329292265, 0.0 ], [ 75.991206603070538, 22.731042317067001, 0.0 ], [ 75.999492593431754, 22.731518168111617, 0.0 ] ] ] } },
{ "type": "Feature", "properties": { "Vill_LGD": "476296", "Villl_name": "HASHAKHEDI", "Sub_dist": "KHUDAIL", "District": "INDORE" }, "geometry": { "type": "Polygon", "coordinates": [ [ [ 76.010024093391849, 22.701783279502589, 0.0 ], [ 76.00736226934346, 22.687640358897571, 0.0 ], [ 75.9948716561655, 22.683524298537261, 0.0 ], [ 75.991208579739137, 22.706942539658385, 0.0 ], [ 75.994138806874417, 22.706664697901591, 0.0 ], [ 75.998018517864793, 22.709721115101708, 0.0 ], [ 76.010024093391849, 22.701783279502589, 0.0 ] ] ] } },
{ "type": "Feature", "properties": { "Vill_LGD": "476297", "Villl_name": "ASRAWAD BUZUR", "Sub_dist": "KHUDAIL", "District": "INDORE" }, "geometry": { "type": "Polygon", "coordinates": [ [ [ 75.978994495468456, 22.707734943862423, 0.0 ], [ 75.991206082145965, 22.706987485346367, 0.0 ], [ 75.994408836049772, 22.690853551414971, 0.0 ], [ 75.994386869770779, 22.682475373988538, 0.0 ], [ 75.989894446754519, 22.682318329544202, 0.0 ], [ 75.989333054321079, 22.677364172200711, 0.0 ], [ 75.973157004625293, 22.674666490599478, 0.0 ], [ 75.974946041329531, 22.694275324939607, 0.0 ], [ 75.972724617370957, 22.701875521382597, 0.0 ], [ 75.978923112708358, 22.702726179261429, 0.0 ], [ 75.979970075153474, 22.705730247556069, 0.0 ], [ 75.978994495468456, 22.707734943862423, 0.0 ] ] ] } },
{ "type": "Feature", "properties": { "Vill_LGD": "476294", "Villl_name": "AMBAMOLYA", "Sub_dist": "KHUDAIL", "District": "INDORE" }, "geometry": { "type": "Polygon", "coordinates": [ [ [ 75.985459855503294, 22.72230309787026, 0.0 ], [ 75.989059807450872, 22.707339646534255, 0.0 ], [ 75.978994495468456, 22.707734943862423, 0.0 ], [ 75.979970075153474, 22.705730247556069, 0.0 ], [ 75.978923112708358, 22.702726179261429, 0.0 ], [ 75.972724617370957, 22.701875521382597, 0.0 ], [ 75.969995823650279, 22.710971456348268, 0.0 ], [ 75.977326928161219, 22.71550229970974, 0.0 ], [ 75.977294831264373, 22.717228896489136, 0.0 ], [ 75.982934153985866, 22.722166278721449, 0.0 ], [ 75.985459855503294, 22.72230309787026, 0.0 ] ] ] } },
{ "type": "Feature", "properties": { "Vill_LGD": "476312", "Villl_name": "SONGURADIYA", "Sub_dist": "KHUDAIL", "District": "INDORE" }, "geometry": { "type": "Polygon", "coordinates": [ [ [ 75.989333054321079, 22.677364172200711, 0.0 ], [ 75.989152054483398, 22.674504179642049, 0.0 ], [ 75.991583864939514, 22.67354287691062, 0.0 ], [ 75.991705750840509, 22.668583624095614, 0.0 ], [ 75.988465580739089, 22.65511038179751, 0.0 ], [ 75.978595577459757, 22.653459036402936, 0.0 ], [ 75.974308379291529, 22.65036962146592, 0.0 ], [ 75.975843099878844, 22.655519456557823, 0.0 ], [ 75.975545665919952, 22.664466229889918, 0.0 ], [ 75.973157004625293, 22.674666490599478, 0.0 ], [ 75.989333054321079, 22.677364172200711, 0.0 ] ] ] } },
{ "type": "Feature", "properties": { "Vill_LGD": "476325", "Villl_name": "JAMANYA BUJURG", "Sub_dist": "KHUDAIL", "District": "INDORE" }, "geometry": { "type": "Polygon", "coordinates": [ [ [ 76.031748738936756, 22.578160003412524, 0.0 ], [ 76.040156728662993, 22.574575729343387, 0.0 ], [ 76.037384742591684, 22.572515448534315, 0.0 ], [ 76.03697320416299, 22.569039198039103, 0.0 ], [ 76.033002509885023, 22.56480341974515, 0.0 ], [ 76.027830735659236, 22.566498978408003, 0.0 ], [ 76.023800507701637, 22.569925480909543, 0.0 ], [ 76.025894767635506, 22.577217506072255, 0.0 ], [ 76.031748738936756, 22.578160003412524, 0.0 ] ] ] } },
{ "type": "Feature", "properties": { "Vill_LGD": "476326", "Villl_name": "SAROLIA", "Sub_dist": "KHUDAIL", "District": "INDORE" }, "geometry": { "type": "Polygon", "coordinates": [ [ [ 76.060612237123109, 22.581707443648998, 0.0 ], [ 76.06803290728368, 22.575557345501604, 0.0 ], [ 76.070354357765154, 22.571026383472798, 0.0 ], [ 76.078639139339685, 22.570130407916139, 0.0 ], [ 76.078941489483185, 22.568003581403978, 0.0 ], [ 76.075083352625526, 22.567764013568407, 0.0 ], [ 76.068835436351748, 22.563714289359552, 0.0 ], [ 76.065361391303782, 22.564342232058578, 0.0 ], [ 76.061828784975319, 22.562892355155991, 0.0 ], [ 76.057701030813831, 22.56754586408502, 0.0 ], [ 76.057143229393617, 22.572738996560194, 0.0 ], [ 76.055405495594812, 22.573253431502796, 0.0 ], [ 76.05754249952912, 22.579229971983242, 0.0 ], [ 76.060612237123109, 22.581707443648998, 0.0 ] ] ] } },
{ "type": "Feature", "properties": { "Vill_LGD": "476357", "Villl_name": "KHANDEL", "Sub_dist": "KHUDAIL", "District": "INDORE" }, "geometry": { "type": "Polygon", "coordinates": [ [ [ 76.157477008432579, 22.634546977898744, 0.0 ], [ 76.159658022249261, 22.628752425535311, 0.0 ], [ 76.152131933441666, 22.632691406425614, 0.0 ], [ 76.150612747082434, 22.632103754896196, 0.0 ], [ 76.154130770370003, 22.62668009177888, 0.0 ], [ 76.150261354131487, 22.62376602916752, 0.0 ], [ 76.14280174403892, 22.623391263972781, 0.0 ], [ 76.134098865575154, 22.625146116341554, 0.0 ], [ 76.132689062618653, 22.622068787510287, 0.0 ], [ 76.130698493808879, 22.62194178445883, 0.0 ], [ 76.125644518840659, 22.622398640200043, 0.0 ], [ 76.110618222857795, 22.634819426150496, 0.0 ], [ 76.111296368615399, 22.641136895864349, 0.0 ], [ 76.112774015430304, 22.641243971217147, 0.0 ], [ 76.114672823923698, 22.645498447581357, 0.0 ], [ 76.116585911752239, 22.645926751084435, 0.0 ], [ 76.122225234148331, 22.652900950926306, 0.0 ], [ 76.126014585421757, 22.65411209686247, 0.0 ], [ 76.137792917238201, 22.644516919473087, 0.0 ], [ 76.151694917562253, 22.642869142682507, 0.0 ], [ 76.15220650182367, 22.638003146076624, 0.0 ], [ 76.157477008432579, 22.634546977898744, 0.0 ] ] ] } },
{ "type": "Feature", "properties": { "Vill_LGD": "476363", "Villl_name": "NAHAR JHABUA", "Sub_dist": "KHUDAIL", "District": "INDORE" }, "geometry": { "type": "Polygon", "coordinates": [ [ [ 76.190144835285935, 22.641932652110146, 0.0 ], [ 76.192914552732631, 22.643671412350852, 0.0 ], [ 76.191156227879361, 22.641211840469509, 0.0 ], [ 76.190144835285935, 22.641932652110146, 0.0 ] ] ] } },
{ "type": "Feature", "properties": { "Vill_LGD": "NA", "Villl_name": "RF", "Sub_dist": "KHUDAIL", "District": "INDORE" }, "geometry": { "type": "Polygon", "coordinates": [ [ [ 76.134071818945841, 22.603611086222809, 0.0 ], [ 76.131970351944616, 22.6220522096895, 0.0 ], [ 76.134140308020363, 22.624281920461282, 0.0 ], [ 76.137739440922758, 22.617716249630146, 0.0 ], [ 76.142857402987673, 22.614303906009841, 0.0 ], [ 76.145264485662395, 22.615336788495359, 0.0 ], [ 76.145516036398377, 22.613814184025561, 0.0 ], [ 76.14016649072019, 22.605830840479516, 0.0 ], [ 76.134071818945841, 22.603611086222809, 0.0 ] ] ] } },
{ "type": "Feature", "properties": { "Vill_LGD": "476327", "Villl_name": "NAYAPURA", "Sub_dist": "KHUDAIL", "District": "INDORE" }, "geometry": { "type": "Polygon", "coordinates": [ [ [ 76.047047185603645, 22.574531094688659, 0.0 ], [ 76.045924913679031, 22.568907123122852, 0.0 ], [ 76.047067576732729, 22.566354609323181, 0.0 ], [ 76.042911955013935, 22.565494628550983, 0.0 ], [ 76.037728044387421, 22.569309692744735, 0.0 ], [ 76.042496622178518, 22.575099131180298, 0.0 ], [ 76.047047185603645, 22.574531094688659, 0.0 ] ] ] } },
{ "type": "Feature", "properties": { "Vill_LGD": "NA", "Villl_name": "RF", "Sub_dist": "KHUDAIL", "District": "INDORE" }, "geometry": { "type": "Polygon", "coordinates": [ [ [ 76.060612237123109, 22.581707443648998, 0.0 ], [ 76.05754249952912, 22.579229971983242, 0.0 ], [ 76.055405495594812, 22.573253431502796, 0.0 ], [ 76.057143229393617, 22.572738996560194, 0.0 ], [ 76.057701030813831, 22.56754586408502, 0.0 ], [ 76.061828784975319, 22.562892355155991, 0.0 ], [ 76.065361391303782, 22.564342232058578, 0.0 ], [ 76.068835436351748, 22.563714289359552, 0.0 ], [ 76.076525287886355, 22.567786678295583, 0.0 ], [ 76.076681741557806, 22.566131489778563, 0.0 ], [ 76.081143814255086, 22.565280728418838, 0.0 ], [ 76.08117729812767, 22.563431664651024, 0.0 ], [ 76.082513008087446, 22.566345506375104, 0.0 ], [ 76.086314335309979, 22.564620724743818, 0.0 ], [ 76.085857144202492, 22.563427392436523, 0.0 ], [ 76.087366749227527, 22.563789653682996, 0.0 ], [ 76.088007732893942, 22.560106862432001, 0.0 ], [ 76.090160643275141, 22.559726549726751, 0.0 ], [ 76.090525691192198, 22.557599838542117, 0.0 ], [ 76.092705699288658, 22.558291771994682, 0.0 ], [ 76.090451992453154, 22.559607236720893, 0.0 ], [ 76.090999275235262, 22.564353509682498, 0.0 ], [ 76.095861898463255, 22.562182276642197, 0.0 ], [ 76.097117330781586, 22.564913081884033, 0.0 ], [ 76.102169282372301, 22.56365307448268, 0.0 ], [ 76.103772591707241, 22.558826627809175, 0.0 ], [ 76.09656922941808, 22.554403075580634, 0.0 ], [ 76.090082202220728, 22.556897801648443, 0.0 ], [ 76.085120250162177, 22.544885000051721, 0.0 ], [ 76.087115598396679, 22.540032357936948, 0.0 ], [ 76.080392973385415, 22.53844092074349, 0.0 ], [ 76.081577211661696, 22.536432634712195, 0.0 ], [ 76.080791990303481, 22.533605834458925, 0.0 ], [ 76.076420042008024, 22.525825015805761, 0.0 ], [ 76.069748117601662, 22.530740964857312, 0.0 ], [ 76.060039917614958, 22.533758120846663, 0.0 ], [ 76.052015428944088, 22.530945575914274, 0.0 ], [ 76.042864968190813, 22.534548102515384, 0.0 ], [ 76.040423641546894, 22.529746349282419, 0.0 ], [ 76.031857581108255, 22.528204459205135, 0.0 ], [ 76.028262476109234, 22.531677295083501, 0.0 ], [ 75.996309469533358, 22.543680929331302, 0.0 ], [ 75.983433145076376, 22.552458072527926, 0.0 ], [ 75.997355732356468, 22.558171631383747, 0.0 ], [ 76.000056138067251, 22.560400052969097, 0.0 ], [ 76.000155853987593, 22.564683750373149, 0.0 ], [ 76.007150556583738, 22.568844661385214, 0.0 ], [ 76.018724078154946, 22.568595556932404, 0.0 ], [ 76.021180790114144, 22.570459298589828, 0.0 ], [ 76.033002509885023, 22.56480341974515, 0.0 ], [ 76.03697320416299, 22.569039198039103, 0.0 ], [ 76.037384742591684, 22.572515448534315, 0.0 ], [ 76.044092001809432, 22.578972703426512, 0.0 ], [ 76.049250674185146, 22.579134508189767, 0.0 ], [ 76.051954225510499, 22.584634256926428, 0.0 ], [ 76.056568128988303, 22.585797939332551, 0.0 ], [ 76.056740072337831, 22.600054383579206, 0.0 ], [ 76.060612237123109, 22.581707443648998, 0.0 ] ], [ [ 76.047047185603645, 22.574531094688659, 0.0 ], [ 76.042496622178518, 22.575099131180298, 0.0 ], [ 76.037728044387421, 22.569309692744735, 0.0 ], [ 76.042911955013935, 22.565494628550983, 0.0 ], [ 76.047067576732729, 22.566354609323181, 0.0 ], [ 76.045924913679031, 22.568907123122852, 0.0 ], [ 76.047047185603645, 22.574531094688659, 0.0 ] ] ] } },
{ "type": "Feature", "properties": { "Vill_LGD": "476362", "Villl_name": "PANJARYA", "Sub_dist": "BHICHOLI_HAPSI", "District": "INDORE" }, "geometry": { "type": "Polygon", "coordinates": [ [ [ 76.234331009838343, 22.664677997701336, 0.0 ], [ 76.228265758952077, 22.651201092880541, 0.0 ], [ 76.212483632314104, 22.639793192965879, 0.0 ], [ 76.204224891111096, 22.631712476674522, 0.0 ], [ 76.200491847548406, 22.624938414151103, 0.0 ], [ 76.198772993836783, 22.625200542872452, 0.0 ], [ 76.192086650487724, 22.612509192418443, 0.0 ], [ 76.192955594716196, 22.603623423366589, 0.0 ], [ 76.191660217430538, 22.599831589537324, 0.0 ], [ 76.183789751666879, 22.597222032771644, 0.0 ], [ 76.183086018808226, 22.598954199394029, 0.0 ], [ 76.175430103569298, 22.600155827561832, 0.0 ], [ 76.178431501530767, 22.605162879074683, 0.0 ], [ 76.180679589642367, 22.604242095450896, 0.0 ], [ 76.188514471522765, 22.608194815444399, 0.0 ], [ 76.185630216182574, 22.611276771257909, 0.0 ], [ 76.18174527347665, 22.611699392725356, 0.0 ], [ 76.182505529474923, 22.617414062092067, 0.0 ], [ 76.174412883853975, 22.614735974707038, 0.0 ], [ 76.171802704211473, 22.621526440672501, 0.0 ], [ 76.174972057125487, 22.62443822557751, 0.0 ], [ 76.179612006078273, 22.633706227145549, 0.0 ], [ 76.185483325517382, 22.632504598968378, 0.0 ], [ 76.188106681919152, 22.63691255112246, 0.0 ], [ 76.188953443405225, 22.636091476407469, 0.0 ], [ 76.189315418572363, 22.639341215841814, 0.0 ], [ 76.18734489475996, 22.639490303803857, 0.0 ], [ 76.184240580465513, 22.636592588655695, 0.0 ], [ 76.182575460497915, 22.638927458996207, 0.0 ], [ 76.178391239394614, 22.638406287347966, 0.0 ], [ 76.173085808943313, 22.632479858774825, 0.0 ], [ 76.171486146920955, 22.632617623868427, 0.0 ], [ 76.169479919903736, 22.627685922743574, 0.0 ], [ 76.166798609499494, 22.627870599350114, 0.0 ], [ 76.161254463850142, 22.633147053184096, 0.0 ], [ 76.157477008432579, 22.634546977898744, 0.0 ], [ 76.15997851057476, 22.634564409116603, 0.0 ], [ 76.158946325025198, 22.644391998515157, 0.0 ], [ 76.169965464489749, 22.648444292767518, 0.0 ], [ 76.17399387014801, 22.645944991332893, 0.0 ], [ 76.180129403274194, 22.650476596865609, 0.0 ], [ 76.188781833502887, 22.647510718979209, 0.0 ], [ 76.19092079829754, 22.650278468344982, 0.0 ], [ 76.193342653988026, 22.661732923213798, 0.0 ], [ 76.195623466823193, 22.663122387128002, 0.0 ], [ 76.199665706064764, 22.661269174410425, 0.0 ], [ 76.212738635492386, 22.661880855149565, 0.0 ], [ 76.221946291407733, 22.670436837696535, 0.0 ], [ 76.223506929581092, 22.669702319997317, 0.0 ], [ 76.223159423454035, 22.666004344403412, 0.0 ], [ 76.231991730497271, 22.665658586739934, 0.0 ], [ 76.233167720372805, 22.666848011365765, 0.0 ], [ 76.234331009838343, 22.664677997701336, 0.0 ] ], [ [ 76.192914552732631, 22.643671412350852, 0.0 ], [ 76.190144835285935, 22.641932652110146, 0.0 ], [ 76.191156227879361, 22.641211840469509, 0.0 ], [ 76.192914552732631, 22.643671412350852, 0.0 ] ] ] } },
{ "type": "Feature", "properties": { "Vill_LGD": "929317", "Villl_name": "TELIYAKHEDI", "Sub_dist": "KHUDAIL", "District": "INDORE" }, "geometry": { "type": "Polygon", "coordinates": [ [ [ 76.092108402137995, 22.60998437584632, 0.0 ], [ 76.087134253723548, 22.597424900332765, 0.0 ], [ 76.081936204777151, 22.603038114920484, 0.0 ], [ 76.081093079123505, 22.609042702315591, 0.0 ], [ 76.076260393463031, 22.613254347966905, 0.0 ], [ 76.076938541073702, 22.61856863593929, 0.0 ], [ 76.091496082373581, 22.621838014588072, 0.0 ], [ 76.090973838976836, 22.614808755065944, 0.0 ], [ 76.095285421646608, 22.6152013666557, 0.0 ], [ 76.09493564239979, 22.613116957919313, 0.0 ], [ 76.096841150328416, 22.611288319505693, 0.0 ], [ 76.092108402137995, 22.60998437584632, 0.0 ] ] ] } },
{ "type": "Feature", "properties": { "Vill_LGD": "476333", "Villl_name": "SINDHI BARODA", "Sub_dist": "KHUDAIL", "District": "INDORE" }, "geometry": { "type": "Polygon", "coordinates": [ [ [ 76.031996115814863, 22.674700850017782, 0.0 ], [ 76.03218549679228, 22.667294189239698, 0.0 ], [ 76.026565209777644, 22.667184733554919, 0.0 ], [ 76.026593764437322, 22.659756056768071, 0.0 ], [ 76.028354564803053, 22.65477346588926, 0.0 ], [ 76.02629679466186, 22.652092937480408, 0.0 ], [ 76.010337085519055, 22.652457049820683, 0.0 ], [ 76.011003796129074, 22.665124779899092, 0.0 ], [ 76.004278408886918, 22.682776600310177, 0.0 ], [ 76.017852600122382, 22.680792270812237, 0.0 ], [ 76.029188351199821, 22.676299848071, 0.0 ], [ 76.031996115814863, 22.674700850017782, 0.0 ] ] ] } },
{ "type": "Feature", "properties": { "Vill_LGD": "476170", "Villl_name": "BHANGYA", "Sub_dist": "MALHARGANJ", "District": "INDORE" }, "geometry": { "type": "Polygon", "coordinates": [ [ [ 75.881195473035703, 22.803778463306418, 0.0 ], [ 75.88092665641588, 22.801843442382232, 0.0 ], [ 75.879541811079108, 22.801781576265842, 0.0 ], [ 75.880305340845752, 22.786739654137364, 0.0 ], [ 75.870483685701842, 22.784455278180893, 0.0 ], [ 75.86758074418465, 22.785585521763647, 0.0 ], [ 75.867622384025623, 22.787399860636061, 0.0 ], [ 75.863946116984181, 22.787762729326705, 0.0 ], [ 75.864047243968002, 22.789291531845173, 0.0 ], [ 75.857987253077411, 22.789963631160688, 0.0 ], [ 75.858043049129193, 22.79645034706089, 0.0 ], [ 75.873477663076585, 22.80277714716987, 0.0 ], [ 75.874115358244111, 22.804778897298224, 0.0 ], [ 75.881195473035703, 22.803778463306418, 0.0 ] ] ] } },
{ "type": "Feature", "properties": { "Vill_LGD": "476171", "Villl_name": "JAKHIYA", "Sub_dist": "MALHARGANJ", "District": "INDORE" }, "geometry": { "type": "Polygon", "coordinates": [ [ [ 75.847291887877745, 22.801762901074909, 0.0 ], [ 75.848959200336068, 22.815911276827965, 0.0 ], [ 75.868688501377974, 22.812502699294267, 0.0 ], [ 75.871549804027794, 22.805703389586046, 0.0 ], [ 75.874115358244111, 22.804778897298224, 0.0 ], [ 75.873477663076585, 22.80277714716987, 0.0 ], [ 75.859919493889606, 22.796428745336296, 0.0 ], [ 75.858811578059047, 22.796543157837025, 0.0 ], [ 75.858553632425952, 22.800883115241131, 0.0 ], [ 75.847291887877745, 22.801762901074909, 0.0 ] ] ] } },
{ "type": "Feature", "properties": { "Vill_LGD": "476173", "Villl_name": "BAROLI", "Sub_dist": "MALHARGANJ", "District": "INDORE" }, "geometry": { "type": "Polygon", "coordinates": [ [ [ 75.859242746501451, 22.830772495471976, 0.0 ], [ 75.861515132090631, 22.814687340699162, 0.0 ], [ 75.848037766590167, 22.815229020391204, 0.0 ], [ 75.84411663045735, 22.817109067527571, 0.0 ], [ 75.840804420451576, 22.816033550365688, 0.0 ], [ 75.842056082725534, 22.818123325962699, 0.0 ], [ 75.840567648703313, 22.82208991897657, 0.0 ], [ 75.843642349837197, 22.830011845773896, 0.0 ], [ 75.849150585414435, 22.834114565942755, 0.0 ], [ 75.849207370324947, 22.832860473194344, 0.0 ], [ 75.859242746501451, 22.830772495471976, 0.0 ] ] ] } },
{ "type": "Feature", "properties": { "Vill_LGD": "476110", "Villl_name": "PALAKHEDI", "Sub_dist": "MALHARGANJ", "District": "INDORE" }, "geometry": { "type": "Polygon", "coordinates": [ [ [ 75.827082203853379, 22.785540961552726, 0.0 ], [ 75.825194351715837, 22.781110993301937, 0.0 ], [ 75.816693012431003, 22.771138248746254, 0.0 ], [ 75.781679638093721, 22.772926882859917, 0.0 ], [ 75.781581563868485, 22.778570336801906, 0.0 ], [ 75.784438051568458, 22.78923631917003, 0.0 ], [ 75.817558659617816, 22.787752752397186, 0.0 ], [ 75.827082203853379, 22.785540961552726, 0.0 ] ] ] } },
{ "type": "Feature", "properties": { "Vill_LGD": "476458", "Villl_name": "SEJGARH", "Sub_dist": "Dr. Ambedkar Nagar Mhow", "District": "INDORE" }, "geometry": { "type": "Polygon", "coordinates": [ [ [ 75.599420822215578, 22.389062171785287, 0.0 ], [ 75.607123435319437, 22.389761995092208, 0.0 ], [ 75.611941847137956, 22.379284984425659, 0.0 ], [ 75.610186440304091, 22.372103915056126, 0.0 ], [ 75.606988308795863, 22.371008664335434, 0.0 ], [ 75.602249945973199, 22.365999236158935, 0.0 ], [ 75.5972687487873, 22.366267712577681, 0.0 ], [ 75.593205604788523, 22.36427946457427, 0.0 ], [ 75.59329288247342, 22.37210831808126, 0.0 ], [ 75.592013050645264, 22.373375841558396, 0.0 ], [ 75.587838787982804, 22.374347345130747, 0.0 ], [ 75.579800968826788, 22.373290864178799, 0.0 ], [ 75.575710674523265, 22.379215721765608, 0.0 ], [ 75.556949593674844, 22.376964826970131, 0.0 ], [ 75.5546583555155, 22.379991217564736, 0.0 ], [ 75.556114575322297, 22.38583528364201, 0.0 ], [ 75.566363530785026, 22.388548686057103, 0.0 ], [ 75.571586474613653, 22.393003533306359, 0.0 ], [ 75.576389126541628, 22.390354349403488, 0.0 ], [ 75.593160459547477, 22.390454157680235, 0.0 ], [ 75.599420822215578, 22.389062171785287, 0.0 ] ] ] } },
{ "type": "Feature", "properties": { "Vill_LGD": "476433", "Villl_name": "KHEDI (ISTMURAR)", "Sub_dist": "Dr. Ambedkar Nagar Mhow", "District": "INDORE" }, "geometry": { "type": "Polygon", "coordinates": [ [ [ 75.57722295023278, 22.514206814898703, 0.0 ], [ 75.575862744796979, 22.493599465581369, 0.0 ], [ 75.571608268862178, 22.490239666745943, 0.0 ], [ 75.572307830315694, 22.487903035854178, 0.0 ], [ 75.574291983799299, 22.487701655545109, 0.0 ], [ 75.573873198399241, 22.48584567498483, 0.0 ], [ 75.56317184797301, 22.49166357609656, 0.0 ], [ 75.56124448370872, 22.489646982975195, 0.0 ], [ 75.553130522534545, 22.487737464850504, 0.0 ], [ 75.553698023976267, 22.498032204549141, 0.0 ], [ 75.557559889550006, 22.507274030190338, 0.0 ], [ 75.556896018613443, 22.515661629638878, 0.0 ], [ 75.565312173056398, 22.516596757829216, 0.0 ], [ 75.572022253472937, 22.513841341857557, 0.0 ], [ 75.57722295023278, 22.514206814898703, 0.0 ] ] ] } },
{ "type": "Feature", "properties": { "Vill_LGD": "476435", "Villl_name": "SIHOD", "Sub_dist": "Dr. Ambedkar Nagar Mhow", "District": "INDORE" }, "geometry": { "type": "Polygon", "coordinates": [ [ [ 75.59496529449892, 22.498405190659259, 0.0 ], [ 75.595299508012843, 22.495266235501841, 0.0 ], [ 75.602942446072603, 22.492571596095598, 0.0 ], [ 75.604293179855745, 22.482426626960319, 0.0 ], [ 75.576546284456882, 22.477900893295022, 0.0 ], [ 75.569729129675068, 22.472682734588521, 0.0 ], [ 75.564742257888895, 22.471243370497248, 0.0 ], [ 75.566210319751903, 22.477422502608206, 0.0 ], [ 75.564968340415959, 22.490878353491173, 0.0 ], [ 75.57393030502422, 22.485926577216926, 0.0 ], [ 75.574291983799299, 22.487701655545109, 0.0 ], [ 75.572307830315694, 22.487903035854178, 0.0 ], [ 75.571608268862178, 22.490239666745943, 0.0 ], [ 75.575862744796979, 22.493599465581369, 0.0 ], [ 75.577514393352132, 22.515328685031871, 0.0 ], [ 75.581105308508469, 22.509766017302088, 0.0 ], [ 75.58593085540204, 22.507971903075269, 0.0 ], [ 75.590599359214607, 22.500124441476014, 0.0 ], [ 75.59496529449892, 22.498405190659259, 0.0 ] ] ] } },
{ "type": "Feature", "properties": { "Vill_LGD": "476430", "Villl_name": "CHENPURA", "Sub_dist": "Dr. Ambedkar Nagar Mhow", "District": "INDORE" }, "geometry": { "type": "Polygon", "coordinates": [ [ [ 75.598184657330535, 22.519808546610669, 0.0 ], [ 75.598281401169316, 22.516453146934232, 0.0 ], [ 75.60545785564068, 22.515810693294654, 0.0 ], [ 75.612992326232174, 22.508843082038201, 0.0 ], [ 75.597004868629369, 22.506163512357112, 0.0 ], [ 75.596586082771367, 22.498382674454174, 0.0 ], [ 75.592655212851284, 22.498801460348009, 0.0 ], [ 75.588072371344509, 22.50258004562378, 0.0 ], [ 75.58593085540204, 22.507971903075269, 0.0 ], [ 75.581105308508469, 22.509766017302088, 0.0 ], [ 75.577514393352132, 22.515328685031871, 0.0 ], [ 75.578389690261147, 22.518474152958991, 0.0 ], [ 75.598184657330535, 22.519808546610669, 0.0 ] ] ] } },
{ "type": "Feature", "properties": { "Vill_LGD": "476434", "Villl_name": "JAKHU KHEDI", "Sub_dist": "Dr. Ambedkar Nagar Mhow", "District": "INDORE" }, "geometry": { "type": "Polygon", "coordinates": [ [ [ 75.602942446072603, 22.492571596095598, 0.0 ], [ 75.595222176316355, 22.495361413642907, 0.0 ], [ 75.596933483600282, 22.50612068169367, 0.0 ], [ 75.610810523174592, 22.508610216528048, 0.0 ], [ 75.610367944420545, 22.49968009821837, 0.0 ], [ 75.608661870265692, 22.496567763411623, 0.0 ], [ 75.604600130627063, 22.495432760575127, 0.0 ], [ 75.602942446072603, 22.492571596095598, 0.0 ] ] ] } },
{ "type": "Feature", "properties": { "Vill_LGD": "476422", "Villl_name": "BHICHOLI", "Sub_dist": "Dr. Ambedkar Nagar Mhow", "District": "INDORE" }, "geometry": { "type": "Polygon", "coordinates": [ [ [ 75.685692672616213, 22.491825579316149, 0.0 ], [ 75.668217760557866, 22.491417152453277, 0.0 ], [ 75.667204109909491, 22.490160797613619, 0.0 ], [ 75.658914068433361, 22.491060234048156, 0.0 ], [ 75.653774432041871, 22.488752157153343, 0.0 ], [ 75.649949104188607, 22.491582823723856, 0.0 ], [ 75.650547419305624, 22.497486464582067, 0.0 ], [ 75.655982107708709, 22.498402555826242, 0.0 ], [ 75.656696080811415, 22.5043850957132, 0.0 ], [ 75.668643274251806, 22.503372238246932, 0.0 ], [ 75.679749011756584, 22.506136775158815, 0.0 ], [ 75.685145628653828, 22.503785867023442, 0.0 ], [ 75.685692672616213, 22.491825579316149, 0.0 ] ] ] } },
{ "type": "Feature", "properties": { "Vill_LGD": "476429", "Villl_name": "KHUDALPURA", "Sub_dist": "Dr. Ambedkar Nagar Mhow", "District": "INDORE" }, "geometry": { "type": "Polygon", "coordinates": [ [ [ 75.64154843177586, 22.510470566750151, 0.0 ], [ 75.643999736715799, 22.507332475099265, 0.0 ], [ 75.642191853214158, 22.49658938666348, 0.0 ], [ 75.633207007891201, 22.497503099432535, 0.0 ], [ 75.627220283784794, 22.500810551254805, 0.0 ], [ 75.624669501524124, 22.499687446345838, 0.0 ], [ 75.61410033272773, 22.507206146517891, 0.0 ], [ 75.615637189200427, 22.508772247215514, 0.0 ], [ 75.623685371185999, 22.507622144053073, 0.0 ], [ 75.630742852064202, 22.510820140552632, 0.0 ], [ 75.63180885047737, 22.508407367220819, 0.0 ], [ 75.640042231910073, 22.507957856208503, 0.0 ], [ 75.64154843177586, 22.510470566750151, 0.0 ] ] ] } },
{ "type": "Feature", "properties": { "Vill_LGD": "476414", "Villl_name": "KURADA KHEDI", "Sub_dist": "Dr. Ambedkar Nagar Mhow", "District": "INDORE" }, "geometry": { "type": "Polygon", "coordinates": [ [ [ 75.656696080811415, 22.5043850957132, 0.0 ], [ 75.655982107708709, 22.498402555826242, 0.0 ], [ 75.650547419305624, 22.497486464582067, 0.0 ], [ 75.649949104188607, 22.491582823723856, 0.0 ], [ 75.642331656643179, 22.492346232255382, 0.0 ], [ 75.643999736715799, 22.507332475099265, 0.0 ], [ 75.641196270794765, 22.511604380035706, 0.0 ], [ 75.656696080811415, 22.5043850957132, 0.0 ] ] ] } },
{ "type": "Feature", "properties": { "Vill_LGD": "476418", "Villl_name": "KUWALI", "Sub_dist": "Dr. Ambedkar Nagar Mhow", "District": "INDORE" }, "geometry": { "type": "Polygon", "coordinates": [ [ [ 75.685692672616213, 22.491825579316149, 0.0 ], [ 75.688801827455549, 22.488152220222517, 0.0 ], [ 75.685673975790948, 22.482969667523768, 0.0 ], [ 75.684348664984057, 22.476837043943977, 0.0 ], [ 75.664413847136899, 22.478811066242393, 0.0 ], [ 75.652171272036625, 22.48907041081916, 0.0 ], [ 75.659432791202804, 22.491103063949357, 0.0 ], [ 75.667204109909491, 22.490160797613619, 0.0 ], [ 75.668217760557866, 22.491417152453277, 0.0 ], [ 75.685692672616213, 22.491825579316149, 0.0 ] ] ] } },
{ "type": "Feature", "properties": { "Vill_LGD": "476432", "Villl_name": "KUMTI", "Sub_dist": "Dr. Ambedkar Nagar Mhow", "District": "INDORE" }, "geometry": { "type": "Polygon", "coordinates": [ [ [ 75.614434868320004, 22.508201176041052, 0.0 ], [ 75.614266894899245, 22.507015789702983, 0.0 ], [ 75.623513480122881, 22.501209903966672, 0.0 ], [ 75.623404577448056, 22.497378496075498, 0.0 ], [ 75.621056050379536, 22.497057268645666, 0.0 ], [ 75.620220859252726, 22.49495858444185, 0.0 ], [ 75.620128059754435, 22.493223957027446, 0.0 ], [ 75.622162499784665, 22.492317382746393, 0.0 ], [ 75.621962624982714, 22.488976618946115, 0.0 ], [ 75.620413595761818, 22.486521015434644, 0.0 ], [ 75.603779215974541, 22.485936641365974, 0.0 ], [ 75.603286667919207, 22.49379807175411, 0.0 ], [ 75.608661870265692, 22.496567763411623, 0.0 ], [ 75.610367944420545, 22.49968009821837, 0.0 ], [ 75.610810523174592, 22.508610216528048, 0.0 ], [ 75.614434868320004, 22.508201176041052, 0.0 ] ] ] } },
{ "type": "Feature", "properties": { "Vill_LGD": "476421", "Villl_name": "BADKUWA", "Sub_dist": "Dr. Ambedkar Nagar Mhow", "District": "INDORE" }, "geometry": { "type": "Polygon", "coordinates": [ [ [ 75.684348664984057, 22.476837043943977, 0.0 ], [ 75.686433785515277, 22.472308501896382, 0.0 ], [ 75.684314335420567, 22.465963079574664, 0.0 ], [ 75.687115829211223, 22.463882348790431, 0.0 ], [ 75.687374454403425, 22.460340197780127, 0.0 ], [ 75.682391801935395, 22.453831558541168, 0.0 ], [ 75.672695974586446, 22.453077972200777, 0.0 ], [ 75.663832142789119, 22.458231601930851, 0.0 ], [ 75.661370830861628, 22.465339274366276, 0.0 ], [ 75.654205121511069, 22.467563282654368, 0.0 ], [ 75.654349149895268, 22.470840540130673, 0.0 ], [ 75.657769423452123, 22.475951484386577, 0.0 ], [ 75.660599517464519, 22.474415084512312, 0.0 ], [ 75.662805330687874, 22.479486832549615, 0.0 ], [ 75.675248009131991, 22.47694176088288, 0.0 ], [ 75.684348664984057, 22.476837043943977, 0.0 ] ] ] } },
{ "type": "Feature", "properties": { "Vill_LGD": "476427", "Villl_name": "HASALPUR", "Sub_dist": "Dr. Ambedkar Nagar Mhow", "District": "INDORE" }, "geometry": { "type": "Polygon", "coordinates": [ [ [ 75.642191853214158, 22.49658938666348, 0.0 ], [ 75.642331656643179, 22.492346232255382, 0.0 ], [ 75.649949104188607, 22.491582823723856, 0.0 ], [ 75.652338083034891, 22.487851828760682, 0.0 ], [ 75.640308346963579, 22.485403634221825, 0.0 ], [ 75.641028418592384, 22.476610399139165, 0.0 ], [ 75.637381133467983, 22.476933348526988, 0.0 ], [ 75.637238365169353, 22.478700097977285, 0.0 ], [ 75.623055886645616, 22.480664739493765, 0.0 ], [ 75.61197235715575, 22.477966430568895, 0.0 ], [ 75.604724519200062, 22.479751026977031, 0.0 ], [ 75.604023868611506, 22.486085574073115, 0.0 ], [ 75.620513533540958, 22.486549568610606, 0.0 ], [ 75.62216963836002, 22.492181752554778, 0.0 ], [ 75.620128059754435, 22.493223957027446, 0.0 ], [ 75.620220859252726, 22.49495858444185, 0.0 ], [ 75.621056050379536, 22.497057268645666, 0.0 ], [ 75.623404577448056, 22.497378496075498, 0.0 ], [ 75.623585025158505, 22.500941948593582, 0.0 ], [ 75.62512159922899, 22.49957798970269, 0.0 ], [ 75.627220283784794, 22.500810551254805, 0.0 ], [ 75.633207007891201, 22.497503099432535, 0.0 ], [ 75.642191853214158, 22.49658938666348, 0.0 ] ] ] } },
{ "type": "Feature", "properties": { "Vill_LGD": "476424", "Villl_name": "ANWALIYA", "Sub_dist": "Dr. Ambedkar Nagar Mhow", "District": "INDORE" }, "geometry": { "type": "Polygon", "coordinates": [ [ [ 75.662805330687874, 22.479486832549615, 0.0 ], [ 75.660599517464519, 22.474415084512312, 0.0 ], [ 75.649053184325865, 22.481399992933962, 0.0 ], [ 75.63996156829181, 22.483031862347701, 0.0 ], [ 75.640098954940385, 22.485070510464908, 0.0 ], [ 75.653291938710893, 22.487856973365833, 0.0 ], [ 75.655843029203822, 22.487016637343611, 0.0 ], [ 75.657028000667566, 22.484011377923501, 0.0 ], [ 75.661149227653368, 22.482684828710561, 0.0 ], [ 75.66062098595367, 22.481376125315116, 0.0 ], [ 75.662805330687874, 22.479486832549615, 0.0 ] ] ] } },
{ "type": "Feature", "properties": { "Vill_LGD": "476472", "Villl_name": "RAJPURA KUTI", "Sub_dist": "Dr. Ambedkar Nagar Mhow", "District": "INDORE" }, "geometry": { "type": "Polygon", "coordinates": [ [ [ 75.657769423452123, 22.475951484386577, 0.0 ], [ 75.654349149895268, 22.470840540130673, 0.0 ], [ 75.653602712503556, 22.466510912156398, 0.0 ], [ 75.647344731466433, 22.467992126467045, 0.0 ], [ 75.643900857020441, 22.466205548095079, 0.0 ], [ 75.641093092535797, 22.471697343927008, 0.0 ], [ 75.63988036105539, 22.482899054336169, 0.0 ], [ 75.649053184325865, 22.481399992933962, 0.0 ], [ 75.657769423452123, 22.475951484386577, 0.0 ] ] ] } },
{ "type": "Feature", "properties": { "Vill_LGD": "476439", "Villl_name": "DURJANPURA", "Sub_dist": "Dr. Ambedkar Nagar Mhow", "District": "INDORE" }, "geometry": { "type": "Polygon", "coordinates": [ [ [ 75.604302537046735, 22.48245703765814, 0.0 ], [ 75.603711301901228, 22.474357489103738, 0.0 ], [ 75.595175889294111, 22.472332631404047, 0.0 ], [ 75.594504880328628, 22.470971579904848, 0.0 ], [ 75.583844895858974, 22.470038830444743, 0.0 ], [ 75.583711645131743, 22.462001012270665, 0.0 ], [ 75.587368098921687, 22.458573676486253, 0.0 ], [ 75.584902462745447, 22.457904076953294, 0.0 ], [ 75.579025193597232, 22.451503326790036, 0.0 ], [ 75.574592248207978, 22.453073811158593, 0.0 ], [ 75.564742257888895, 22.471243370497248, 0.0 ], [ 75.569729129675068, 22.472682734588521, 0.0 ], [ 75.576546284456882, 22.477900893295022, 0.0 ], [ 75.604302537046735, 22.48245703765814, 0.0 ] ] ] } },
{ "type": "Feature", "properties": { "Vill_LGD": "476423", "Villl_name": "AMBADA", "Sub_dist": "Dr. Ambedkar Nagar Mhow", "District": "INDORE" }, "geometry": { "type": "Polygon", "coordinates": [ [ [ 75.643101358046451, 22.466757582968448, 0.0 ], [ 75.643371292249029, 22.463583730713566, 0.0 ], [ 75.636865941539583, 22.456979367607829, 0.0 ], [ 75.619914638171366, 22.464196794469665, 0.0 ], [ 75.615124783188847, 22.4675875265795, 0.0 ], [ 75.613476382113603, 22.472200985233027, 0.0 ], [ 75.614958221792392, 22.473605183374119, 0.0 ], [ 75.616590530883684, 22.472091845789873, 0.0 ], [ 75.618889090099785, 22.474095352788002, 0.0 ], [ 75.621197166897815, 22.473443379962504, 0.0 ], [ 75.6227247806858, 22.475189903619842, 0.0 ], [ 75.624133422344713, 22.473319648307566, 0.0 ], [ 75.627155337489882, 22.475442126818585, 0.0 ], [ 75.628525907055788, 22.47196811352924, 0.0 ], [ 75.632670928426904, 22.470150205971976, 0.0 ], [ 75.635059907580882, 22.471720649910928, 0.0 ], [ 75.638624339607503, 22.468332298069011, 0.0 ], [ 75.643101358046451, 22.466757582968448, 0.0 ] ] ] } },
{ "type": "Feature", "properties": { "Vill_LGD": "476425", "Villl_name": "BIRAM", "Sub_dist": "Dr. Ambedkar Nagar Mhow", "District": "INDORE" }, "geometry": { "type": "Polygon", "coordinates": [ [ [ 75.641028418592384, 22.476610399139165, 0.0 ], [ 75.643101358046451, 22.466757582968448, 0.0 ], [ 75.638624339607503, 22.468332298069011, 0.0 ], [ 75.635059907580882, 22.471720649910928, 0.0 ], [ 75.632670928426904, 22.470150205971976, 0.0 ], [ 75.628525907055788, 22.47196811352924, 0.0 ], [ 75.627155337489882, 22.475442126818585, 0.0 ], [ 75.623962100949683, 22.473291093934279, 0.0 ], [ 75.622972244426649, 22.47517086867899, 0.0 ], [ 75.621197166897815, 22.473443379962504, 0.0 ], [ 75.618889090099785, 22.474095352788002, 0.0 ], [ 75.616590530883684, 22.472091845789873, 0.0 ], [ 75.614958221792392, 22.473605183374119, 0.0 ], [ 75.613476382113603, 22.472200985233027, 0.0 ], [ 75.611084458288417, 22.475089967406856, 0.0 ], [ 75.611303186017466, 22.477977966696702, 0.0 ], [ 75.622770351573379, 22.480683775160767, 0.0 ], [ 75.637238365169353, 22.478700097977285, 0.0 ], [ 75.637381133467983, 22.476933348526988, 0.0 ], [ 75.641028418592384, 22.476610399139165, 0.0 ] ] ] } },
{ "type": "Feature", "properties": { "Vill_LGD": "476437", "Villl_name": "JAFRA BAD", "Sub_dist": "Dr. Ambedkar Nagar Mhow", "District": "INDORE" }, "geometry": { "type": "Polygon", "coordinates": [ [ [ 75.615124783188847, 22.4675875265795, 0.0 ], [ 75.620321526700664, 22.463932673740736, 0.0 ], [ 75.62444751159147, 22.463223594926589, 0.0 ], [ 75.625366152773296, 22.461511131704214, 0.0 ], [ 75.617721178322029, 22.457999254945239, 0.0 ], [ 75.598943154382511, 22.458909048307717, 0.0 ], [ 75.598575499973776, 22.466391463325834, 0.0 ], [ 75.601367056879866, 22.466681586136353, 0.0 ], [ 75.600552091256404, 22.469120533869468, 0.0 ], [ 75.602723348677614, 22.469388223319683, 0.0 ], [ 75.605227732650519, 22.466074824044128, 0.0 ], [ 75.615124783188847, 22.4675875265795, 0.0 ] ] ] } },
{ "type": "Feature", "properties": { "Vill_LGD": "476426", "Villl_name": "BHOJ KARADIYA", "Sub_dist": "Dr. Ambedkar Nagar Mhow", "District": "INDORE" }, "geometry": { "type": "Polygon", "coordinates": [ [ [ 75.611303186017466, 22.477977966696702, 0.0 ], [ 75.611120149763693, 22.474990030415963, 0.0 ], [ 75.615124783188847, 22.4675875265795, 0.0 ], [ 75.605227732650519, 22.466074824044128, 0.0 ], [ 75.601848897400956, 22.469614271385407, 0.0 ], [ 75.600379580089694, 22.468787408991574, 0.0 ], [ 75.601367056879866, 22.466681586136353, 0.0 ], [ 75.598575499973776, 22.466391463325834, 0.0 ], [ 75.598821508736521, 22.47298929856159, 0.0 ], [ 75.603711301901228, 22.474357489103738, 0.0 ], [ 75.604724519200062, 22.479751026977031, 0.0 ], [ 75.611303186017466, 22.477977966696702, 0.0 ] ] ] } },
{ "type": "Feature", "properties": { "Vill_LGD": "476440", "Villl_name": "MALIPURA", "Sub_dist": "Dr. Ambedkar Nagar Mhow", "District": "INDORE" }, "geometry": { "type": "Polygon", "coordinates": [ [ [ 75.59872873299409, 22.472513974018824, 0.0 ], [ 75.598943154382511, 22.458909048307717, 0.0 ], [ 75.587368098921687, 22.458573676486253, 0.0 ], [ 75.583849654926922, 22.461701199932161, 0.0 ], [ 75.583863932383778, 22.470057867053008, 0.0 ], [ 75.59872873299409, 22.472513974018824, 0.0 ] ] ] } },
{ "type": "Feature", "properties": { "Vill_LGD": "476471", "Villl_name": "YASHWANTNAGAR", "Sub_dist": "Dr. Ambedkar Nagar Mhow", "District": "INDORE" }, "geometry": { "type": "Polygon", "coordinates": [ [ [ 75.685739989224217, 22.482960045023123, 0.0 ], [ 75.711039549025372, 22.479527384807888, 0.0 ], [ 75.720383951808472, 22.476235238286321, 0.0 ], [ 75.714254343941207, 22.471593845605501, 0.0 ], [ 75.708932743167608, 22.460527744308333, 0.0 ], [ 75.713400891587781, 22.456562623109388, 0.0 ], [ 75.713810231389488, 22.452584265565992, 0.0 ], [ 75.708546863069529, 22.448805680794251, 0.0 ], [ 75.712874259674834, 22.443402372536493, 0.0 ], [ 75.712186853443896, 22.440166645049928, 0.0 ], [ 75.700643150034793, 22.431170250778912, 0.0 ], [ 75.693061538143311, 22.434780262915584, 0.0 ], [ 75.68554095783692, 22.432059858587273, 0.0 ], [ 75.681061504042674, 22.438229981421244, 0.0 ], [ 75.669289957414662, 22.439054286735104, 0.0 ], [ 75.657736702516146, 22.443772297271394, 0.0 ], [ 75.651478006170493, 22.444054628376151, 0.0 ], [ 75.644830646960656, 22.446972417672594, 0.0 ], [ 75.645237380748796, 22.450231725011214, 0.0 ], [ 75.636865941539583, 22.456979367607829, 0.0 ], [ 75.643371292249029, 22.463583730713566, 0.0 ], [ 75.644174099441855, 22.467290186094964, 0.0 ], [ 75.653406406865031, 22.466457375343328, 0.0 ], [ 75.654697265203083, 22.468247919026123, 0.0 ], [ 75.661370830861628, 22.465339274366276, 0.0 ], [ 75.662814307526645, 22.459591898375869, 0.0 ], [ 75.666850068033938, 22.456100155819517, 0.0 ], [ 75.672917391257016, 22.453039011229478, 0.0 ], [ 75.682391801935395, 22.453831558541168, 0.0 ], [ 75.687374454403425, 22.460340197780127, 0.0 ], [ 75.687115829211223, 22.463882348790431, 0.0 ], [ 75.684314335420567, 22.465963079574664, 0.0 ], [ 75.686433785515277, 22.472308501896382, 0.0 ], [ 75.684348664984057, 22.476837043943977, 0.0 ], [ 75.685739989224217, 22.482960045023123, 0.0 ] ] ] } },
{ "type": "Feature", "properties": { "Vill_LGD": "476469", "Villl_name": "GOLKHEDA", "Sub_dist": "Dr. Ambedkar Nagar Mhow", "District": "INDORE" }, "geometry": { "type": "Polygon", "coordinates": [ [ [ 75.681061504042674, 22.438229981421244, 0.0 ], [ 75.68554095783692, 22.432059858587273, 0.0 ], [ 75.683912978267301, 22.424325821427644, 0.0 ], [ 75.680089869744293, 22.422082350180514, 0.0 ], [ 75.674369314195815, 22.411937349590382, 0.0 ], [ 75.662878898408451, 22.422282081632908, 0.0 ], [ 75.658739156702765, 22.429919087341432, 0.0 ], [ 75.659127957733219, 22.433545808868693, 0.0 ], [ 75.651703671011191, 22.437959102148319, 0.0 ], [ 75.65323336246135, 22.443632318348726, 0.0 ], [ 75.656175775345503, 22.444053075333869, 0.0 ], [ 75.669289957414662, 22.439054286735104, 0.0 ], [ 75.681061504042674, 22.438229981421244, 0.0 ] ] ] } },
{ "type": "Feature", "properties": { "Vill_LGD": "476441", "Villl_name": "SHERPUR", "Sub_dist": "Dr. Ambedkar Nagar Mhow", "District": "INDORE" }, "geometry": { "type": "Polygon", "coordinates": [ [ [ 75.584902462745447, 22.457904076953294, 0.0 ], [ 75.601481993878139, 22.458141639298873, 0.0 ], [ 75.600138719858535, 22.450451933330498, 0.0 ], [ 75.603541349122082, 22.44923840843807, 0.0 ], [ 75.60459987350535, 22.44426246208792, 0.0 ], [ 75.602092714932368, 22.43826894650315, 0.0 ], [ 75.592604613754503, 22.435996561798717, 0.0 ], [ 75.586013507482946, 22.436984039012092, 0.0 ], [ 75.585668484680525, 22.43891735067297, 0.0 ], [ 75.580191973451932, 22.440611491730238, 0.0 ], [ 75.582016408041497, 22.446656255806939, 0.0 ], [ 75.580601587088182, 22.452580033001659, 0.0 ], [ 75.584902462745447, 22.457904076953294, 0.0 ] ] ] } },
{ "type": "Feature", "properties": { "Vill_LGD": "476470", "Villl_name": "BADGAON", "Sub_dist": "Dr. Ambedkar Nagar Mhow", "District": "INDORE" }, "geometry": { "type": "Polygon", "coordinates": [ [ [ 75.674369314195815, 22.411937349590382, 0.0 ], [ 75.674063827174848, 22.40708257061986, 0.0 ], [ 75.666575924513936, 22.400942666363605, 0.0 ], [ 75.660515624190865, 22.402604598541657, 0.0 ], [ 75.65463186601292, 22.400939493689396, 0.0 ], [ 75.647978457505857, 22.405024404492739, 0.0 ], [ 75.651999691378535, 22.41969179579668, 0.0 ], [ 75.651021231694841, 22.422652186826198, 0.0 ], [ 75.64464533807309, 22.426357873424696, 0.0 ], [ 75.651747609425556, 22.437950696428128, 0.0 ], [ 75.659127957733219, 22.433545808868693, 0.0 ], [ 75.658739156702765, 22.429919087341432, 0.0 ], [ 75.662878898408451, 22.422282081632908, 0.0 ], [ 75.674369314195815, 22.411937349590382, 0.0 ] ] ] } },
{ "type": "Feature", "properties": { "Vill_LGD": "476449", "Villl_name": "KANKRIYA", "Sub_dist": "Dr. Ambedkar Nagar Mhow", "District": "INDORE" }, "geometry": { "type": "Polygon", "coordinates": [ [ [ 75.626813240573682, 22.460692268689275, 0.0 ], [ 75.630217649925285, 22.460609612640678, 0.0 ], [ 75.639513673064968, 22.456103829745842, 0.0 ], [ 75.645237380748796, 22.450231725011214, 0.0 ], [ 75.644830646960656, 22.446972417672594, 0.0 ], [ 75.653229614724978, 22.44364498250356, 0.0 ], [ 75.650528352114549, 22.43611526486653, 0.0 ], [ 75.646854607279792, 22.435669212685564, 0.0 ], [ 75.626079549571003, 22.440698647150125, 0.0 ], [ 75.623921381706367, 22.438466621818538, 0.0 ], [ 75.621715017544872, 22.439250688900813, 0.0 ], [ 75.62475988356978, 22.45861530673384, 0.0 ], [ 75.626813240573682, 22.460692268689275, 0.0 ] ] ] } },
{ "type": "Feature", "properties": { "Vill_LGD": "476450", "Villl_name": "UNDAWA", "Sub_dist": "Dr. Ambedkar Nagar Mhow", "District": "INDORE" }, "geometry": { "type": "Polygon", "coordinates": [ [ [ 75.626079549571003, 22.440698647150125, 0.0 ], [ 75.649201430059264, 22.435309669078752, 0.0 ], [ 75.649376841776203, 22.433981975448816, 0.0 ], [ 75.642891488529088, 22.425108535398184, 0.0 ], [ 75.636472652442478, 22.422708673503859, 0.0 ], [ 75.632117916627266, 22.422884567820461, 0.0 ], [ 75.628253699016184, 22.432485667172013, 0.0 ], [ 75.628914812682069, 22.434911772429285, 0.0 ], [ 75.623921381706367, 22.438466621818538, 0.0 ], [ 75.626079549571003, 22.440698647150125, 0.0 ] ] ] } },
{ "type": "Feature", "properties": { "Vill_LGD": "476438", "Villl_name": "JULWANIYA", "Sub_dist": "Dr. Ambedkar Nagar Mhow", "District": "INDORE" }, "geometry": { "type": "Polygon", "coordinates": [ [ [ 75.580601587088182, 22.452580033001659, 0.0 ], [ 75.582016408041497, 22.446656255806939, 0.0 ], [ 75.580191973451932, 22.440611491730238, 0.0 ], [ 75.574544504921832, 22.437852541453033, 0.0 ], [ 75.566401064485632, 22.437694523109879, 0.0 ], [ 75.565636507472234, 22.443473954235632, 0.0 ], [ 75.568774268695449, 22.44808981884286, 0.0 ], [ 75.570253046082655, 22.447757427191, 0.0 ], [ 75.574572749009207, 22.453111375102353, 0.0 ], [ 75.579025193597232, 22.451503326790036, 0.0 ], [ 75.580601587088182, 22.452580033001659, 0.0 ] ] ] } },
{ "type": "Feature", "properties": { "Vill_LGD": "476436", "Villl_name": "KODIYA", "Sub_dist": "Dr. Ambedkar Nagar Mhow", "District": "INDORE" }, "geometry": { "type": "Polygon", "coordinates": [ [ [ 75.625361504551677, 22.461519300218907, 0.0 ], [ 75.621636046975425, 22.440392458620458, 0.0 ], [ 75.603993447204942, 22.444336718332995, 0.0 ], [ 75.603541349122082, 22.44923840843807, 0.0 ], [ 75.600138719858535, 22.450451933330498, 0.0 ], [ 75.601481993878139, 22.458141639298873, 0.0 ], [ 75.617721178322029, 22.457999254945239, 0.0 ], [ 75.625361504551677, 22.461519300218907, 0.0 ] ] ] } },
{ "type": "Feature", "properties": { "Vill_LGD": "476445", "Villl_name": "KOLANI", "Sub_dist": "Dr. Ambedkar Nagar Mhow", "District": "INDORE" }, "geometry": { "type": "Polygon", "coordinates": [ [ [ 75.596750442591556, 22.436611118816295, 0.0 ], [ 75.594529649909219, 22.428723967345906, 0.0 ], [ 75.590948560893167, 22.428022026082441, 0.0 ], [ 75.588651039251062, 22.419384451225739, 0.0 ], [ 75.57975357859489, 22.411953363936242, 0.0 ], [ 75.57182056713448, 22.415557519335209, 0.0 ], [ 75.572279315426627, 22.417437776066723, 0.0 ], [ 75.565007411861615, 22.41961267133598, 0.0 ], [ 75.577856975262293, 22.42985080948862, 0.0 ], [ 75.582078138951147, 22.435766149125303, 0.0 ], [ 75.588821270705793, 22.437352855019203, 0.0 ], [ 75.593282759540259, 22.435925177893331, 0.0 ], [ 75.596750442591556, 22.436611118816295, 0.0 ] ] ] } },
{ "type": "Feature", "properties": { "Vill_LGD": "476443", "Villl_name": "OLANI", "Sub_dist": "Dr. Ambedkar Nagar Mhow", "District": "INDORE" }, "geometry": { "type": "Polygon", "coordinates": [ [ [ 75.580191973451932, 22.440611491730238, 0.0 ], [ 75.585668484680525, 22.43891735067297, 0.0 ], [ 75.586013507482946, 22.436984039012092, 0.0 ], [ 75.582078138951147, 22.435766149125303, 0.0 ], [ 75.569931907569696, 22.422460608354125, 0.0 ], [ 75.566790062878979, 22.42022989660498, 0.0 ], [ 75.561499379558825, 22.424849756089696, 0.0 ], [ 75.564383281968333, 22.428097863200122, 0.0 ], [ 75.566401064485632, 22.437694523109879, 0.0 ], [ 75.574544504921832, 22.437852541453033, 0.0 ], [ 75.580191973451932, 22.440611491730238, 0.0 ] ] ] } },
{ "type": "Feature", "properties": { "Vill_LGD": "476444", "Villl_name": "KALIKIRAI", "Sub_dist": "Dr. Ambedkar Nagar Mhow", "District": "INDORE" }, "geometry": { "type": "Polygon", "coordinates": [ [ [ 75.566790062878979, 22.42022989660498, 0.0 ], [ 75.565007411861615, 22.41961267133598, 0.0 ], [ 75.567316849943936, 22.417336906192169, 0.0 ], [ 75.561382326726601, 22.414110174140131, 0.0 ], [ 75.564193180331557, 22.403638693583591, 0.0 ], [ 75.561471672292697, 22.402284308207832, 0.0 ], [ 75.570254319732314, 22.398584567186905, 0.0 ], [ 75.573529905491398, 22.394198879396722, 0.0 ], [ 75.566363530785026, 22.388548686057103, 0.0 ], [ 75.556719769184667, 22.386196708977376, 0.0 ], [ 75.550855482301557, 22.389111949572058, 0.0 ], [ 75.547655314242263, 22.39312793857313, 0.0 ], [ 75.546091371878433, 22.40678113749459, 0.0 ], [ 75.541961908664049, 22.4098825964676, 0.0 ], [ 75.561499379558825, 22.424849756089696, 0.0 ], [ 75.566790062878979, 22.42022989660498, 0.0 ] ] ] } },
{ "type": "Feature", "properties": { "Vill_LGD": "476446", "Villl_name": "GADAGHAT", "Sub_dist": "Dr. Ambedkar Nagar Mhow", "District": "INDORE" }, "geometry": { "type": "Polygon", "coordinates": [ [ [ 75.579579029525334, 22.412003530928086, 0.0 ], [ 75.578372921811294, 22.404323912105575, 0.0 ], [ 75.575977992362226, 22.403569589767173, 0.0 ], [ 75.576100542989892, 22.402088681738313, 0.0 ], [ 75.572170691126701, 22.401437402731059, 0.0 ], [ 75.56419368628768, 22.403610594173298, 0.0 ], [ 75.561382326726601, 22.414110174140131, 0.0 ], [ 75.567232947111549, 22.417269018007687, 0.0 ], [ 75.566884788625842, 22.418428656223465, 0.0 ], [ 75.572279315426627, 22.417437776066723, 0.0 ], [ 75.57182056713448, 22.415557519335209, 0.0 ], [ 75.579579029525334, 22.412003530928086, 0.0 ] ] ] } },
{ "type": "Feature", "properties": { "Vill_LGD": "476448", "Villl_name": "RAMPURIYA KHURD", "Sub_dist": "Dr. Ambedkar Nagar Mhow", "District": "INDORE" }, "geometry": { "type": "Polygon", "coordinates": [ [ [ 75.607123814640758, 22.418823345032386, 0.0 ], [ 75.602352326178959, 22.418038005869626, 0.0 ], [ 75.60022984712036, 22.415910768278472, 0.0 ], [ 75.600948443973166, 22.426220178966737, 0.0 ], [ 75.596326985217146, 22.433095964461057, 0.0 ], [ 75.596798413989234, 22.437685979619545, 0.0 ], [ 75.602092714932368, 22.43826894650315, 0.0 ], [ 75.603726214965704, 22.442622170370242, 0.0 ], [ 75.604918271454167, 22.441766066924917, 0.0 ], [ 75.604225849199011, 22.433364190749149, 0.0 ], [ 75.607737933617713, 22.432543277216283, 0.0 ], [ 75.610200674525373, 22.428174586440448, 0.0 ], [ 75.60665765768627, 22.422007023113277, 0.0 ], [ 75.607123814640758, 22.418823345032386, 0.0 ] ] ] } },
{ "type": "Feature", "properties": { "Vill_LGD": "476451", "Villl_name": "RAMPURIYA BUJURG", "Sub_dist": "Dr. Ambedkar Nagar Mhow", "District": "INDORE" }, "geometry": { "type": "Polygon", "coordinates": [ [ [ 75.617528165862524, 22.402844852462028, 0.0 ], [ 75.610753180738257, 22.403156241552452, 0.0 ], [ 75.605038547203549, 22.405473921247136, 0.0 ], [ 75.598084376304811, 22.403652904440776, 0.0 ], [ 75.596549625168279, 22.410493854138114, 0.0 ], [ 75.593698174181156, 22.410886414491412, 0.0 ], [ 75.596718754003007, 22.413727413626187, 0.0 ], [ 75.601115005709275, 22.413812083306031, 0.0 ], [ 75.599858651430367, 22.415649026774112, 0.0 ], [ 75.602352326178959, 22.418038005869626, 0.0 ], [ 75.606806677162766, 22.418885093777678, 0.0 ], [ 75.609618154497724, 22.417742260455956, 0.0 ], [ 75.612606756936941, 22.419311514778538, 0.0 ], [ 75.616394858706556, 22.418264551828258, 0.0 ], [ 75.617528165862524, 22.402844852462028, 0.0 ] ] ] } },
{ "type": "Feature", "properties": { "Vill_LGD": "476442", "Villl_name": "ANWALIPURA", "Sub_dist": "Dr. Ambedkar Nagar Mhow", "District": "INDORE" }, "geometry": { "type": "Polygon", "coordinates": [ [ [ 75.600858025002239, 22.426558063204073, 0.0 ], [ 75.601219703309255, 22.41391202101191, 0.0 ], [ 75.597707618494738, 22.413369503979442, 0.0 ], [ 75.595386256331437, 22.418861101378571, 0.0 ], [ 75.588634535622944, 22.419390531528581, 0.0 ], [ 75.590948560893167, 22.428022026082441, 0.0 ], [ 75.594529649909219, 22.428723967345906, 0.0 ], [ 75.595142360360157, 22.433030792172485, 0.0 ], [ 75.598197786276657, 22.431221805988997, 0.0 ], [ 75.600858025002239, 22.426558063204073, 0.0 ] ] ] } },
{ "type": "Feature", "properties": { "Vill_LGD": "476447", "Villl_name": "PHUT TALAB", "Sub_dist": "Dr. Ambedkar Nagar Mhow", "District": "INDORE" }, "geometry": { "type": "Polygon", "coordinates": [ [ [ 75.596950750856479, 22.413727413717087, 0.0 ], [ 75.593087508806462, 22.410691349901942, 0.0 ], [ 75.591345743033656, 22.405447018078689, 0.0 ], [ 75.585635036878685, 22.404914018018768, 0.0 ], [ 75.585749251335969, 22.400783273696728, 0.0 ], [ 75.583588700266986, 22.400278828248524, 0.0 ], [ 75.578308130251244, 22.404411900776513, 0.0 ], [ 75.579579029525334, 22.412003530928086, 0.0 ], [ 75.588651039251062, 22.419384451225739, 0.0 ], [ 75.595386256331437, 22.418861101378571, 0.0 ], [ 75.59725413381355, 22.41645189761066, 0.0 ], [ 75.596950750856479, 22.413727413717087, 0.0 ] ] ] } },
{ "type": "Feature", "properties": { "Vill_LGD": "476466", "Villl_name": "BARKHEDA", "Sub_dist": "Dr. Ambedkar Nagar Mhow", "District": "INDORE" }, "geometry": { "type": "Polygon", "coordinates": [ [ [ 75.681206202974678, 22.390875523391241, 0.0 ], [ 75.693515307596073, 22.384658383552608, 0.0 ], [ 75.691824656828103, 22.368444277181446, 0.0 ], [ 75.679100638878921, 22.369327719337829, 0.0 ], [ 75.672497524644783, 22.371684737390581, 0.0 ], [ 75.673595698209425, 22.373807102189538, 0.0 ], [ 75.669251322511883, 22.379852597725822, 0.0 ], [ 75.669607576656318, 22.382161579689857, 0.0 ], [ 75.681206202974678, 22.390875523391241, 0.0 ] ] ] } },
{ "type": "Feature", "properties": { "Vill_LGD": "476461", "Villl_name": "KAPAR KHEDA", "Sub_dist": "Dr. Ambedkar Nagar Mhow", "District": "INDORE" }, "geometry": { "type": "Polygon", "coordinates": [ [ [ 75.651559792303161, 22.364270860543517, 0.0 ], [ 75.6522946419108, 22.356574252955248, 0.0 ], [ 75.649972177333183, 22.351396890655856, 0.0 ], [ 75.649011700904211, 22.333508596144167, 0.0 ], [ 75.645078035866149, 22.334565211300582, 0.0 ], [ 75.646023086666418, 22.340707579096833, 0.0 ], [ 75.641929662266861, 22.343805072180785, 0.0 ], [ 75.646267717755549, 22.348134462025289, 0.0 ], [ 75.642787674501193, 22.357531781205118, 0.0 ], [ 75.642312102289324, 22.368400806898602, 0.0 ], [ 75.645715223465757, 22.369507821623891, 0.0 ], [ 75.647966504688114, 22.364407115936174, 0.0 ], [ 75.651559792303161, 22.364270860543517, 0.0 ] ] ] } },
{ "type": "Feature", "properties": { "Vill_LGD": "476460", "Villl_name": "AMBAPURA", "Sub_dist": "Dr. Ambedkar Nagar Mhow", "District": "INDORE" }, "geometry": { "type": "Polygon", "coordinates": [ [ [ 75.651559792303161, 22.364270860543517, 0.0 ], [ 75.647966504688114, 22.364407115936174, 0.0 ], [ 75.645827458205517, 22.369632475057838, 0.0 ], [ 75.650724388388625, 22.369813314427748, 0.0 ], [ 75.651559792303161, 22.364270860543517, 0.0 ] ] ] } },
{ "type": "Feature", "properties": { "Vill_LGD": "476452", "Villl_name": "KANERIYA", "Sub_dist": "Dr. Ambedkar Nagar Mhow", "District": "INDORE" }, "geometry": { "type": "Polygon", "coordinates": [ [ [ 75.627994587602714, 22.378909993690836, 0.0 ], [ 75.637090077591708, 22.370094090556684, 0.0 ], [ 75.642464623132966, 22.368561389230109, 0.0 ], [ 75.642787674501193, 22.357531781205118, 0.0 ], [ 75.646267717755549, 22.348134462025289, 0.0 ], [ 75.644023360688479, 22.345333974065124, 0.0 ], [ 75.642125221991961, 22.344001307033324, 0.0 ], [ 75.641871471660934, 22.3543106012999, 0.0 ], [ 75.63849200065026, 22.355377531252437, 0.0 ], [ 75.633901735695645, 22.354679688268408, 0.0 ], [ 75.634433930096876, 22.350962365287483, 0.0 ], [ 75.627615298283246, 22.341915165096754, 0.0 ], [ 75.624443655636128, 22.342296674032472, 0.0 ], [ 75.615557533054513, 22.337874531340599, 0.0 ], [ 75.600574106909775, 22.340902188020163, 0.0 ], [ 75.598874217680915, 22.347276722610257, 0.0 ], [ 75.601855743051374, 22.344278874330779, 0.0 ], [ 75.604271448834922, 22.34580304032723, 0.0 ], [ 75.607232157490699, 22.344452271836904, 0.0 ], [ 75.610257834098945, 22.345454338393537, 0.0 ], [ 75.611750244193459, 22.347865100699973, 0.0 ], [ 75.604824108777166, 22.350255331720742, 0.0 ], [ 75.607424092227959, 22.3534735680858, 0.0 ], [ 75.606338672096186, 22.354818006221819, 0.0 ], [ 75.609941389890949, 22.356004978776433, 0.0 ], [ 75.614560026286583, 22.364314719736036, 0.0 ], [ 75.608279007105494, 22.367163028805226, 0.0 ], [ 75.602249945973199, 22.365999236158935, 0.0 ], [ 75.606988308795863, 22.371008664335434, 0.0 ], [ 75.610186440304091, 22.372103915056126, 0.0 ], [ 75.611857088707438, 22.37921003155417, 0.0 ], [ 75.625670334280855, 22.384964032360266, 0.0 ], [ 75.627994587602714, 22.378909993690836, 0.0 ] ] ] } },
{ "type": "Feature", "properties": { "Vill_LGD": "476455", "Villl_name": "CHASYA", "Sub_dist": "Dr. Ambedkar Nagar Mhow", "District": "INDORE" }, "geometry": { "type": "Polygon", "coordinates": [ [ [ 75.615185203437989, 22.402897390430528, 0.0 ], [ 75.619434285649035, 22.401262275258549, 0.0 ], [ 75.619683042123725, 22.402710934802489, 0.0 ], [ 75.621858765662623, 22.402396868579579, 0.0 ], [ 75.622329802365471, 22.400840459258507, 0.0 ], [ 75.630751830372844, 22.401878381974942, 0.0 ], [ 75.631120983574178, 22.399973880851366, 0.0 ], [ 75.625670334280855, 22.384964032360266, 0.0 ], [ 75.611941847137956, 22.379284984425659, 0.0 ], [ 75.609204074149886, 22.385742447319259, 0.0 ], [ 75.616656446678078, 22.395928899449686, 0.0 ], [ 75.616689759768093, 22.401547996819392, 0.0 ], [ 75.615185203437989, 22.402897390430528, 0.0 ] ] ] } },
{ "type": "Feature", "properties": { "Vill_LGD": "476459", "Villl_name": "SHERKUND", "Sub_dist": "Dr. Ambedkar Nagar Mhow", "District": "INDORE" }, "geometry": { "type": "Polygon", "coordinates": [ [ [ 75.605038547203549, 22.405473921247136, 0.0 ], [ 75.616689759768093, 22.401547996819392, 0.0 ], [ 75.616656446678078, 22.395928899449686, 0.0 ], [ 75.609204074149886, 22.385742447319259, 0.0 ], [ 75.607123435319437, 22.389761995092208, 0.0 ], [ 75.604558694323828, 22.39099696713129, 0.0 ], [ 75.602145820044555, 22.402172695788767, 0.0 ], [ 75.599445017890432, 22.403305304242846, 0.0 ], [ 75.605038547203549, 22.405473921247136, 0.0 ] ] ] } },
{ "type": "Feature", "properties": { "Vill_LGD": "476454", "Villl_name": "GOKLYA KUND", "Sub_dist": "Dr. Ambedkar Nagar Mhow", "District": "INDORE" }, "geometry": { "type": "Polygon", "coordinates": [ [ [ 75.597251565791822, 22.404247768950864, 0.0 ], [ 75.602649835918214, 22.401203610386535, 0.0 ], [ 75.605607109814585, 22.390187173409615, 0.0 ], [ 75.599420822215578, 22.389062171785287, 0.0 ], [ 75.593160459547477, 22.390454157680235, 0.0 ], [ 75.576389126541628, 22.390354349403488, 0.0 ], [ 75.571586474613653, 22.393003533306359, 0.0 ], [ 75.573529905491398, 22.394198879396722, 0.0 ], [ 75.571805486360446, 22.397401001090188, 0.0 ], [ 75.561471672292697, 22.402284308207832, 0.0 ], [ 75.564193180331557, 22.403638693583591, 0.0 ], [ 75.572170691126701, 22.401437402731059, 0.0 ], [ 75.576100542989892, 22.402088681738313, 0.0 ], [ 75.575977992362226, 22.403569589767173, 0.0 ], [ 75.578372921811294, 22.404323912105575, 0.0 ], [ 75.584521448668255, 22.400269310813314, 0.0 ], [ 75.585911054116181, 22.401183023632377, 0.0 ], [ 75.585635036878685, 22.404914018018768, 0.0 ], [ 75.591345743033656, 22.405447018078689, 0.0 ], [ 75.593934597616894, 22.410900741942331, 0.0 ], [ 75.596549625168279, 22.410493854138114, 0.0 ], [ 75.597251565791822, 22.404247768950864, 0.0 ] ] ] } },
{ "type": "Feature", "properties": { "Vill_LGD": "476456", "Villl_name": "NAHAR KHEDI", "Sub_dist": "Dr. Ambedkar Nagar Mhow", "District": "INDORE" }, "geometry": { "type": "Polygon", "coordinates": [ [ [ 75.631125499049716, 22.401900984620859, 0.0 ], [ 75.634541071005643, 22.398239752566905, 0.0 ], [ 75.634460169980443, 22.396145827264341, 0.0 ], [ 75.64936251485905, 22.380287762811214, 0.0 ], [ 75.641854487116632, 22.381580836930357, 0.0 ], [ 75.638970581723228, 22.380338759296816, 0.0 ], [ 75.638256742010299, 22.377818908734209, 0.0 ], [ 75.634544782892789, 22.377347775812272, 0.0 ], [ 75.635215791355279, 22.375344269833086, 0.0 ], [ 75.633864256840738, 22.374306825637174, 0.0 ], [ 75.627994587602714, 22.378909993690836, 0.0 ], [ 75.625366768086494, 22.385594639997851, 0.0 ], [ 75.631125499049716, 22.401900984620859, 0.0 ] ] ] } },
{ "type": "Feature", "properties": { "Vill_LGD": "476453", "Villl_name": "KHURDA", "Sub_dist": "Dr. Ambedkar Nagar Mhow", "District": "INDORE" }, "geometry": { "type": "Polygon", "coordinates": [ [ [ 75.64936251485905, 22.380287762811214, 0.0 ], [ 75.65248591827644, 22.37588619250452, 0.0 ], [ 75.648835096901749, 22.36951826074532, 0.0 ], [ 75.642924516401436, 22.368071548542343, 0.0 ], [ 75.637090077591708, 22.370094090556684, 0.0 ], [ 75.633505419165786, 22.37388457200046, 0.0 ], [ 75.635130131085972, 22.374992109737466, 0.0 ], [ 75.63438773920663, 22.377190731504282, 0.0 ], [ 75.638256742010299, 22.377818908734209, 0.0 ], [ 75.639284669358219, 22.380581463266715, 0.0 ], [ 75.642703954676165, 22.381745020017053, 0.0 ], [ 75.64936251485905, 22.380287762811214, 0.0 ] ] ] } },
{ "type": "Feature", "properties": { "Vill_LGD": "476457", "Villl_name": "NAHAR KHODRA", "Sub_dist": "Dr. Ambedkar Nagar Mhow", "District": "INDORE" }, "geometry": { "type": "Polygon", "coordinates": [ [ [ 75.65463186601292, 22.400939493689396, 0.0 ], [ 75.650960563486507, 22.394031984246158, 0.0 ], [ 75.645170040482299, 22.387604963520594, 0.0 ], [ 75.645318130376324, 22.385644075667464, 0.0 ], [ 75.634460169980443, 22.396145827264341, 0.0 ], [ 75.634541071005643, 22.398239752566905, 0.0 ], [ 75.631125499049716, 22.401900984620859, 0.0 ], [ 75.648196122191933, 22.405059267183329, 0.0 ], [ 75.65463186601292, 22.400939493689396, 0.0 ] ] ] } },
{ "type": "Feature", "properties": { "Vill_LGD": "476462", "Villl_name": "KHURDI", "Sub_dist": "Dr. Ambedkar Nagar Mhow", "District": "INDORE" }, "geometry": { "type": "Polygon", "coordinates": [ [ [ 75.664402630731558, 22.371655538312531, 0.0 ], [ 75.665578323867393, 22.367053546697822, 0.0 ], [ 75.664584724857434, 22.363127145148475, 0.0 ], [ 75.675563649612627, 22.347857977597386, 0.0 ], [ 75.675463559620141, 22.343310458342291, 0.0 ], [ 75.663701517926739, 22.344487040903044, 0.0 ], [ 75.654061907715672, 22.342427965613759, 0.0 ], [ 75.651438902969176, 22.33974028349661, 0.0 ], [ 75.653938674369769, 22.331757676003519, 0.0 ], [ 75.652307911683096, 22.331875575786295, 0.0 ], [ 75.649515324196869, 22.334554181271447, 0.0 ], [ 75.649972177333183, 22.351396890655856, 0.0 ], [ 75.652178837786039, 22.355601934106577, 0.0 ], [ 75.652361458238559, 22.363169858735546, 0.0 ], [ 75.650724388388625, 22.369813314427748, 0.0 ], [ 75.64926634053225, 22.369844067194293, 0.0 ], [ 75.65248591827644, 22.37588619250452, 0.0 ], [ 75.649788549822162, 22.37998905237453, 0.0 ], [ 75.656153181396505, 22.381537699484706, 0.0 ], [ 75.664402630731558, 22.371655538312531, 0.0 ] ] ] } },
{ "type": "Feature", "properties": { "Vill_LGD": "476463", "Villl_name": "GODKUWA", "Sub_dist": "Dr. Ambedkar Nagar Mhow", "District": "INDORE" }, "geometry": { "type": "Polygon", "coordinates": [ [ [ 75.672497524644783, 22.371684737390581, 0.0 ], [ 75.679100638878921, 22.369327719337829, 0.0 ], [ 75.692041423800234, 22.368369911134383, 0.0 ], [ 75.69157916402294, 22.359608400974807, 0.0 ], [ 75.687436790093983, 22.353909320623995, 0.0 ], [ 75.675563649612627, 22.347857977597386, 0.0 ], [ 75.664584724857434, 22.363127145148475, 0.0 ], [ 75.665578323867393, 22.367053546697822, 0.0 ], [ 75.664402630731558, 22.371655538312531, 0.0 ], [ 75.672497524644783, 22.371684737390581, 0.0 ] ] ] } },
{ "type": "Feature", "properties": { "Vill_LGD": "476468", "Villl_name": "RAIKUNDA", "Sub_dist": "Dr. Ambedkar Nagar Mhow", "District": "INDORE" }, "geometry": { "type": "Polygon", "coordinates": [ [ [ 75.666575924513936, 22.400942666363605, 0.0 ], [ 75.664913803613828, 22.3874672070076, 0.0 ], [ 75.662948369642535, 22.383840909151214, 0.0 ], [ 75.660349998206812, 22.381456689677599, 0.0 ], [ 75.649383101891914, 22.380235847434463, 0.0 ], [ 75.645170040482299, 22.387604963520594, 0.0 ], [ 75.650960563486507, 22.394031984246158, 0.0 ], [ 75.65463186601292, 22.400939493689396, 0.0 ], [ 75.660515624190865, 22.402604598541657, 0.0 ], [ 75.666575924513936, 22.400942666363605, 0.0 ] ] ] } },
{ "type": "Feature", "properties": { "Vill_LGD": "476467", "Villl_name": "BHILANI", "Sub_dist": "Dr. Ambedkar Nagar Mhow", "District": "INDORE" }, "geometry": { "type": "Polygon", "coordinates": [ [ [ 75.669607576656318, 22.382161579689857, 0.0 ], [ 75.669251322511883, 22.379852597725822, 0.0 ], [ 75.673595698209425, 22.373807102189538, 0.0 ], [ 75.672497524644783, 22.371684737390581, 0.0 ], [ 75.664402630731558, 22.371655538312531, 0.0 ], [ 75.656153181396505, 22.381537699484706, 0.0 ], [ 75.660349998206812, 22.381456689677599, 0.0 ], [ 75.662872227034725, 22.383764766022001, 0.0 ], [ 75.669607576656318, 22.382161579689857, 0.0 ] ] ] } },
{ "type": "Feature", "properties": { "Vill_LGD": "476464", "Villl_name": "CHHAPARIYA", "Sub_dist": "Dr. Ambedkar Nagar Mhow", "District": "INDORE" }, "geometry": { "type": "Polygon", "coordinates": [ [ [ 75.686769037738301, 22.405130478170442, 0.0 ], [ 75.692598008236999, 22.400397882254932, 0.0 ], [ 75.69565101987952, 22.392760212152822, 0.0 ], [ 75.692088755164406, 22.389462703257443, 0.0 ], [ 75.689781509924686, 22.389744064617691, 0.0 ], [ 75.688912074136738, 22.387097433211174, 0.0 ], [ 75.681103077207922, 22.391235374611981, 0.0 ], [ 75.673901734537196, 22.387923565022824, 0.0 ], [ 75.668143161726817, 22.401633026755036, 0.0 ], [ 75.674063827174848, 22.40708257061986, 0.0 ], [ 75.674369296206052, 22.411589692701281, 0.0 ], [ 75.685747684392894, 22.403978796690165, 0.0 ], [ 75.686769037738301, 22.405130478170442, 0.0 ] ] ] } },
{ "type": "Feature", "properties": { "Vill_LGD": "476465", "Villl_name": "NANDGAON", "Sub_dist": "Dr. Ambedkar Nagar Mhow", "District": "INDORE" }, "geometry": { "type": "Polygon", "coordinates": [ [ [ 75.681331124685869, 22.390893369985662, 0.0 ], [ 75.669607576656318, 22.382161579689857, 0.0 ], [ 75.662872227034725, 22.383764766022001, 0.0 ], [ 75.664913803613828, 22.3874672070076, 0.0 ], [ 75.666575924513936, 22.400942666363605, 0.0 ], [ 75.668143161726817, 22.401633026755036, 0.0 ], [ 75.673901734537196, 22.387923565022824, 0.0 ], [ 75.681331124685869, 22.390893369985662, 0.0 ] ] ] } },
{ "type": "Feature", "properties": { "Vill_LGD": "476497", "Villl_name": "BHAGORA", "Sub_dist": "Dr. Ambedkar Nagar Mhow", "District": "INDORE" }, "geometry": { "type": "Polygon", "coordinates": [ [ [ 75.804817940059309, 22.542744107669311, 0.0 ], [ 75.81719506377037, 22.541592885113275, 0.0 ], [ 75.817754236639985, 22.537821440561554, 0.0 ], [ 75.823357868136526, 22.538368716494183, 0.0 ], [ 75.827301823914567, 22.530950745508544, 0.0 ], [ 75.832411717807986, 22.527072224472899, 0.0 ], [ 75.832263001265005, 22.524252562452599, 0.0 ], [ 75.837997501551115, 22.524097897891622, 0.0 ], [ 75.840626805940346, 22.519487693143798, 0.0 ], [ 75.846492176747518, 22.521010548438479, 0.0 ], [ 75.859887055754044, 22.515997023179153, 0.0 ], [ 75.865350298744687, 22.516891700806728, 0.0 ], [ 75.865445477487611, 22.514978614700535, 0.0 ], [ 75.867861263744118, 22.513400237432613, 0.0 ], [ 75.867461515598237, 22.509852462014834, 0.0 ], [ 75.868953436260497, 22.510130859657188, 0.0 ], [ 75.869410292622263, 22.507611009594115, 0.0 ], [ 75.870873661950029, 22.507518211290961, 0.0 ], [ 75.8703168677457, 22.505655092779104, 0.0 ], [ 75.872520360023188, 22.504104903635827, 0.0 ], [ 75.869201011423144, 22.503105529985298, 0.0 ], [ 75.869350265295168, 22.501749796677512, 0.0 ], [ 75.873143190627189, 22.499841043748106, 0.0 ], [ 75.873885324838611, 22.494464629140193, 0.0 ], [ 75.879371132553914, 22.491524292855228, 0.0 ], [ 75.882287156311946, 22.492038062753775, 0.0 ], [ 75.885882166337197, 22.488538846578351, 0.0 ], [ 75.887395336904234, 22.485411133919445, 0.0 ], [ 75.885401515295669, 22.482333213283599, 0.0 ], [ 75.882970717605176, 22.483199339856657, 0.0 ], [ 75.87848344857143, 22.481591169103574, 0.0 ], [ 75.876074732604849, 22.48471811951396, 0.0 ], [ 75.845746988223226, 22.489976626172869, 0.0 ], [ 75.843752937503481, 22.496352702595416, 0.0 ], [ 75.840897584758054, 22.49800047808737, 0.0 ], [ 75.837480088133773, 22.497529352239194, 0.0 ], [ 75.836229122085086, 22.495216861988574, 0.0 ], [ 75.831748330631257, 22.492874441854124, 0.0 ], [ 75.827465525689149, 22.494925025333032, 0.0 ], [ 75.826031901027207, 22.497488894251283, 0.0 ], [ 75.820642875256439, 22.49384197035258, 0.0 ], [ 75.813877467339125, 22.496148434562951, 0.0 ], [ 75.81170635620613, 22.495274805390711, 0.0 ], [ 75.811368472184824, 22.503341179741287, 0.0 ], [ 75.801461809495493, 22.505717246190958, 0.0 ], [ 75.798527835143588, 22.508118191879081, 0.0 ], [ 75.799936475962042, 22.510302536821214, 0.0 ], [ 75.806227062828725, 22.51062732508823, 0.0 ], [ 75.806453286890346, 22.53629945671759, 0.0 ], [ 75.80466186366985, 22.539244420970125, 0.0 ], [ 75.804817940059309, 22.542744107669311, 0.0 ] ] ] } },
{ "type": "Feature", "properties": { "Vill_LGD": "476419", "Villl_name": "JAMLI", "Sub_dist": "Dr. Ambedkar Nagar Mhow", "District": "INDORE" }, "geometry": { "type": "Polygon", "coordinates": [ [ [ 75.700230780719835, 22.530849657735846, 0.0 ], [ 75.701256564409562, 22.527257251860135, 0.0 ], [ 75.700005405292558, 22.527223736153477, 0.0 ], [ 75.69989832872001, 22.518550601083948, 0.0 ], [ 75.702028517559071, 22.517836763233213, 0.0 ], [ 75.700696020118372, 22.51386782232083, 0.0 ], [ 75.698893013819699, 22.512894415235198, 0.0 ], [ 75.680448643693026, 22.511390850917348, 0.0 ], [ 75.675512572477743, 22.521386994576641, 0.0 ], [ 75.672598376824993, 22.523695866078562, 0.0 ], [ 75.673297061785235, 22.527595008267618, 0.0 ], [ 75.687293130131792, 22.535647725382393, 0.0 ], [ 75.690007965975269, 22.531473141466755, 0.0 ], [ 75.700230780719835, 22.530849657735846, 0.0 ] ] ] } },
{ "type": "Feature", "properties": { "Vill_LGD": "476412", "Villl_name": "AWLAY", "Sub_dist": "Dr. Ambedkar Nagar Mhow", "District": "INDORE" }, "geometry": { "type": "Polygon", "coordinates": [ [ [ 75.672020878676719, 22.552981987323165, 0.0 ], [ 75.67483605156869, 22.550483863683692, 0.0 ], [ 75.674337760026816, 22.531414431336092, 0.0 ], [ 75.669200278845111, 22.530644711475396, 0.0 ], [ 75.649605104764603, 22.538542309473097, 0.0 ], [ 75.649092738265239, 22.540257531508512, 0.0 ], [ 75.648165112835827, 22.539490100228186, 0.0 ], [ 75.64710604661586, 22.541495812745534, 0.0 ], [ 75.649155612856902, 22.545184839100216, 0.0 ], [ 75.643766026900863, 22.551543533373419, 0.0 ], [ 75.650810946065661, 22.553765750436767, 0.0 ], [ 75.652909632724885, 22.552038260809173, 0.0 ], [ 75.659001051805888, 22.554094115196968, 0.0 ], [ 75.672020878676719, 22.552981987323165, 0.0 ] ] ] } },
{ "type": "Feature", "properties": { "Vill_LGD": "476428", "Villl_name": "KAMADPUR", "Sub_dist": "Dr. Ambedkar Nagar Mhow", "District": "INDORE" }, "geometry": { "type": "Polygon", "coordinates": [ [ [ 75.597633102390532, 22.541826902100201, 0.0 ], [ 75.605265931426786, 22.539669048450037, 0.0 ], [ 75.607041009615401, 22.536442500208615, 0.0 ], [ 75.629506182857483, 22.533516532961798, 0.0 ], [ 75.630639670582283, 22.522512144714504, 0.0 ], [ 75.637673357719009, 22.521626984535029, 0.0 ], [ 75.640597714867681, 22.518831177792382, 0.0 ], [ 75.642463212932839, 22.51389141665755, 0.0 ], [ 75.641202097957247, 22.513301311614168, 0.0 ], [ 75.64064661562432, 22.508057793282578, 0.0 ], [ 75.632803464673032, 22.508107554634464, 0.0 ], [ 75.630742852064202, 22.510820140552632, 0.0 ], [ 75.623537843365796, 22.507598349272069, 0.0 ], [ 75.614061985485222, 22.508177381990429, 0.0 ], [ 75.60545785564068, 22.515810693294654, 0.0 ], [ 75.598281401169316, 22.516453146934232, 0.0 ], [ 75.599431974952367, 22.524687644335941, 0.0 ], [ 75.597283321125843, 22.526729221767326, 0.0 ], [ 75.596990647752804, 22.53960686480854, 0.0 ], [ 75.597633102390532, 22.541826902100201, 0.0 ] ] ] } },
{ "type": "Feature", "properties": { "Vill_LGD": "476416", "Villl_name": "NANDED", "Sub_dist": "Dr. Ambedkar Nagar Mhow", "District": "INDORE" }, "geometry": { "type": "Polygon", "coordinates": [ [ [ 75.673245363847911, 22.528865130537064, 0.0 ], [ 75.672598376824993, 22.523695866078562, 0.0 ], [ 75.675512572477743, 22.521386994576641, 0.0 ], [ 75.676956164940364, 22.517303530245268, 0.0 ], [ 75.668317741854423, 22.516723966980031, 0.0 ], [ 75.666604529816311, 22.514406371771962, 0.0 ], [ 75.66354454314137, 22.515177317232457, 0.0 ], [ 75.65823834503351, 22.512778821481874, 0.0 ], [ 75.641682749610737, 22.514614773383709, 0.0 ], [ 75.640597714867681, 22.518831177792382, 0.0 ], [ 75.637585317745646, 22.520872755929837, 0.0 ], [ 75.640878492317057, 22.522961922038874, 0.0 ], [ 75.64060008398738, 22.524503575695306, 0.0 ], [ 75.655925429759037, 22.524068135049678, 0.0 ], [ 75.668828182020263, 22.530372573476392, 0.0 ], [ 75.673245363847911, 22.528865130537064, 0.0 ] ] ] } },
{ "type": "Feature", "properties": { "Vill_LGD": "476413", "Villl_name": "AHILYAPUR", "Sub_dist": "Dr. Ambedkar Nagar Mhow", "District": "INDORE" }, "geometry": { "type": "Polygon", "coordinates": [ [ [ 75.680624029860667, 22.511408875256127, 0.0 ], [ 75.679749011756584, 22.506136775158815, 0.0 ], [ 75.668119793620164, 22.503348442754103, 0.0 ], [ 75.656696080811415, 22.5043850957132, 0.0 ], [ 75.64089752763357, 22.512268625206463, 0.0 ], [ 75.641906418862717, 22.514686156842593, 0.0 ], [ 75.656168214115809, 22.512617016861626, 0.0 ], [ 75.66354454314137, 22.515177317232457, 0.0 ], [ 75.666604529816311, 22.514406371771962, 0.0 ], [ 75.668317741854423, 22.516723966980031, 0.0 ], [ 75.676956164940364, 22.517303530245268, 0.0 ], [ 75.680624029860667, 22.511408875256127, 0.0 ] ] ] } },
{ "type": "Feature", "properties": { "Vill_LGD": "476409", "Villl_name": "PHAFUND", "Sub_dist": "Dr. Ambedkar Nagar Mhow", "District": "INDORE" }, "geometry": { "type": "Polygon", "coordinates": [ [ [ 75.619963451105193, 22.560707330319296, 0.0 ], [ 75.632824082896931, 22.558718833613, 0.0 ], [ 75.633369814082812, 22.545987852304176, 0.0 ], [ 75.631138834393298, 22.543012285931074, 0.0 ], [ 75.617915202534007, 22.544740674625295, 0.0 ], [ 75.617983651774722, 22.557477944374362, 0.0 ], [ 75.619963451105193, 22.560707330319296, 0.0 ] ] ] } },
{ "type": "Feature", "properties": { "Vill_LGD": "476410", "Villl_name": "LALPURA", "Sub_dist": "Dr. Ambedkar Nagar Mhow", "District": "INDORE" }, "geometry": { "type": "Polygon", "coordinates": [ [ [ 75.643844489050807, 22.552507641710427, 0.0 ], [ 75.647894185178629, 22.545557179252647, 0.0 ], [ 75.639332884336667, 22.547041961204506, 0.0 ], [ 75.633369814082812, 22.545987852304176, 0.0 ], [ 75.632824082896931, 22.558718833613, 0.0 ], [ 75.630796000618631, 22.559722368349121, 0.0 ], [ 75.634495646932351, 22.561118484080403, 0.0 ], [ 75.638788194934975, 22.553604146607984, 0.0 ], [ 75.643844489050807, 22.552507641710427, 0.0 ] ] ] } },
{ "type": "Feature", "properties": { "Vill_LGD": "476411", "Villl_name": "SILOTIYA", "Sub_dist": "Dr. Ambedkar Nagar Mhow", "District": "INDORE" }, "geometry": { "type": "Polygon", "coordinates": [ [ [ 75.614323738434592, 22.559907404540276, 0.0 ], [ 75.612481643980047, 22.559535484841529, 0.0 ], [ 75.611867743599959, 22.5539818232402, 0.0 ], [ 75.609188469809624, 22.554424402689687, 0.0 ], [ 75.60845083677755, 22.552696914343898, 0.0 ], [ 75.606547268723972, 22.553705805049979, 0.0 ], [ 75.601150651015274, 22.550698167431946, 0.0 ], [ 75.596477389648584, 22.551730852789674, 0.0 ], [ 75.595177769189704, 22.550429720530829, 0.0 ], [ 75.595747358714874, 22.566650325334656, 0.0 ], [ 75.6096725186502, 22.568108741990407, 0.0 ], [ 75.614323738434592, 22.559907404540276, 0.0 ] ] ] } },
{ "type": "Feature", "properties": { "Vill_LGD": "476406", "Villl_name": "KARADIYA", "Sub_dist": "Dr. Ambedkar Nagar Mhow", "District": "INDORE" }, "geometry": { "type": "Polygon", "coordinates": [ [ [ 75.618310588899206, 22.558381226299392, 0.0 ], [ 75.617915202534007, 22.544740674625295, 0.0 ], [ 75.609657059552418, 22.545912849551115, 0.0 ], [ 75.597882944876773, 22.543982692439144, 0.0 ], [ 75.595805676514289, 22.546859462405695, 0.0 ], [ 75.594977624144633, 22.550171671062007, 0.0 ], [ 75.596101435926485, 22.551569048556185, 0.0 ], [ 75.601150651015274, 22.550698167431946, 0.0 ], [ 75.606547268723972, 22.553705805049979, 0.0 ], [ 75.60845083677755, 22.552696914343898, 0.0 ], [ 75.609188469809624, 22.554424402689687, 0.0 ], [ 75.611867743599959, 22.5539818232402, 0.0 ], [ 75.612605376488503, 22.559573556026095, 0.0 ], [ 75.618310588899206, 22.558381226299392, 0.0 ] ] ] } },
{ "type": "Feature", "properties": { "Vill_LGD": "476431", "Villl_name": "MATLABPURA", "Sub_dist": "Dr. Ambedkar Nagar Mhow", "District": "INDORE" }, "geometry": { "type": "Polygon", "coordinates": [ [ [ 75.609657059552418, 22.545912849551115, 0.0 ], [ 75.631138834393298, 22.543012285931074, 0.0 ], [ 75.628901474968046, 22.539167220674514, 0.0 ], [ 75.630469539796621, 22.534615312468734, 0.0 ], [ 75.629502170253389, 22.533511956360382, 0.0 ], [ 75.607041009615401, 22.536442500208615, 0.0 ], [ 75.605265931426786, 22.539669048450037, 0.0 ], [ 75.601763164199454, 22.540492063729669, 0.0 ], [ 75.598747885418376, 22.544464716617444, 0.0 ], [ 75.609657059552418, 22.545912849551115, 0.0 ] ] ] } },
{ "type": "Feature", "properties": { "Vill_LGD": "476417", "Villl_name": "SITAPAT", "Sub_dist": "Dr. Ambedkar Nagar Mhow", "District": "INDORE" }, "geometry": { "type": "Polygon", "coordinates": [ [ [ 75.648039084412915, 22.54566410624119, 0.0 ], [ 75.649049275788585, 22.543551357106224, 0.0 ], [ 75.647104271749811, 22.541310094794849, 0.0 ], [ 75.649700641005055, 22.53822216827956, 0.0 ], [ 75.643752108013899, 22.538417474173134, 0.0 ], [ 75.642186421738629, 22.533544338518457, 0.0 ], [ 75.64322386756497, 22.532635383404017, 0.0 ], [ 75.6402162282116, 22.529056675284078, 0.0 ], [ 75.640878492317057, 22.522961922038874, 0.0 ], [ 75.638741736388525, 22.521391478777563, 0.0 ], [ 75.630639670582283, 22.522512144714504, 0.0 ], [ 75.630469539796621, 22.534615312468734, 0.0 ], [ 75.628901474968046, 22.539167220674514, 0.0 ], [ 75.631523493730072, 22.544181850055864, 0.0 ], [ 75.632998758962842, 22.54596644656921, 0.0 ], [ 75.639332884336667, 22.547041961204506, 0.0 ], [ 75.648039084412915, 22.54566410624119, 0.0 ] ] ] } },
{ "type": "Feature", "properties": { "Vill_LGD": "476415", "Villl_name": "THAWLAY", "Sub_dist": "Dr. Ambedkar Nagar Mhow", "District": "INDORE" }, "geometry": { "type": "Polygon", "coordinates": [ [ [ 75.669200278845111, 22.530644711475396, 0.0 ], [ 75.655925429759037, 22.524068135049678, 0.0 ], [ 75.640185294916421, 22.525210276324646, 0.0 ], [ 75.643752108013899, 22.538417474173134, 0.0 ], [ 75.653226010936564, 22.53768596768052, 0.0 ], [ 75.669200278845111, 22.530644711475396, 0.0 ] ] ] } },
{ "type": "Feature", "properties": { "Vill_LGD": "476408", "Villl_name": "PANJARIYA", "Sub_dist": "Dr. Ambedkar Nagar Mhow", "District": "INDORE" }, "geometry": { "type": "Polygon", "coordinates": [ [ [ 75.656316361277305, 22.567930679679964, 0.0 ], [ 75.650295943012438, 22.564525572282349, 0.0 ], [ 75.650255194339593, 22.556979657162376, 0.0 ], [ 75.647392999924762, 22.552188067789466, 0.0 ], [ 75.638788194934975, 22.553604146607984, 0.0 ], [ 75.634249086160509, 22.561056092487089, 0.0 ], [ 75.635062916712812, 22.565503133776435, 0.0 ], [ 75.650090427292255, 22.568246160579115, 0.0 ], [ 75.656316361277305, 22.567930679679964, 0.0 ] ] ] } },
{ "type": "Feature", "properties": { "Vill_LGD": "476474", "Villl_name": "JAMANYA", "Sub_dist": "Dr. Ambedkar Nagar Mhow", "District": "INDORE" }, "geometry": { "type": "Polygon", "coordinates": [ [ [ 75.673425532607254, 22.557305159923107, 0.0 ], [ 75.671774952549143, 22.552693869320997, 0.0 ], [ 75.659814827191639, 22.554108391729049, 0.0 ], [ 75.654337307450405, 22.55200019052522, 0.0 ], [ 75.650810946065661, 22.553765750436767, 0.0 ], [ 75.648184201750936, 22.55290501885386, 0.0 ], [ 75.650403909639365, 22.55764590534211, 0.0 ], [ 75.650295943012438, 22.564525572282349, 0.0 ], [ 75.65762268774651, 22.568038070485166, 0.0 ], [ 75.66403142129009, 22.563486999169868, 0.0 ], [ 75.670570179754435, 22.564200838313756, 0.0 ], [ 75.673425532607254, 22.557305159923107, 0.0 ] ] ] } },
{ "type": "Feature", "properties": { "Vill_LGD": "476420", "Villl_name": "NANDLAI", "Sub_dist": "Dr. Ambedkar Nagar Mhow", "District": "INDORE" }, "geometry": { "type": "Polygon", "coordinates": [ [ [ 75.700134794324981, 22.500254878249216, 0.0 ], [ 75.697690585920896, 22.498473438984149, 0.0 ], [ 75.694820956483923, 22.489750335152589, 0.0 ], [ 75.688526180683851, 22.488254128711244, 0.0 ], [ 75.685692672616213, 22.491825579316149, 0.0 ], [ 75.685145628653828, 22.503785867023442, 0.0 ], [ 75.679749011756584, 22.506136775158815, 0.0 ], [ 75.680624029860667, 22.511408875256127, 0.0 ], [ 75.700696020118372, 22.51386782232083, 0.0 ], [ 75.702190321246704, 22.507589613872707, 0.0 ], [ 75.700134794324981, 22.500254878249216, 0.0 ] ] ] } },
{ "type": "Feature", "properties": { "Vill_LGD": "476403", "Villl_name": "BHARDALA", "Sub_dist": "Dr. Ambedkar Nagar Mhow", "District": "INDORE" }, "geometry": { "type": "Polygon", "coordinates": [ [ [ 75.664396325479302, 22.576092321385929, 0.0 ], [ 75.680814726010325, 22.580789239991063, 0.0 ], [ 75.683388878701393, 22.583519128344594, 0.0 ], [ 75.686860311644182, 22.583242910193135, 0.0 ], [ 75.69213795456173, 22.582176911650745, 0.0 ], [ 75.692529309931444, 22.576124626951888, 0.0 ], [ 75.705918804109231, 22.576254169503105, 0.0 ], [ 75.709407791481951, 22.568341685285294, 0.0 ], [ 75.685178347609366, 22.560626863762629, 0.0 ], [ 75.68199556125893, 22.557479201734196, 0.0 ], [ 75.673425532607254, 22.557305159923107, 0.0 ], [ 75.670570179754435, 22.564200838313756, 0.0 ], [ 75.66403142129009, 22.563486999169868, 0.0 ], [ 75.656316361277305, 22.567930679679964, 0.0 ], [ 75.663356638976751, 22.571855382846952, 0.0 ], [ 75.664396325479302, 22.576092321385929, 0.0 ] ] ] } },
{ "type": "Feature", "properties": { "Vill_LGD": "476400", "Villl_name": "KULAMBA", "Sub_dist": "Dr. Ambedkar Nagar Mhow", "District": "INDORE" }, "geometry": { "type": "Polygon", "coordinates": [ [ [ 75.692137514910513, 22.562815145765764, 0.0 ], [ 75.692791936455734, 22.560440253140687, 0.0 ], [ 75.691071707048138, 22.559048002877621, 0.0 ], [ 75.689703453011347, 22.552265265478027, 0.0 ], [ 75.693605626491731, 22.543674884725071, 0.0 ], [ 75.684351877992043, 22.541366363579851, 0.0 ], [ 75.683875985453938, 22.542538249197314, 0.0 ], [ 75.675034048739903, 22.542685751142528, 0.0 ], [ 75.674510567133481, 22.551672976521068, 0.0 ], [ 75.672020878676719, 22.552981987323165, 0.0 ], [ 75.673425532607254, 22.557305159923107, 0.0 ], [ 75.68199556125893, 22.557479201734196, 0.0 ], [ 75.685178347609366, 22.560626863762629, 0.0 ], [ 75.692137514910513, 22.562815145765764, 0.0 ] ] ] } },
{ "type": "Feature", "properties": { "Vill_LGD": "476399", "Villl_name": "AKAWI", "Sub_dist": "Dr. Ambedkar Nagar Mhow", "District": "INDORE" }, "geometry": { "type": "Polygon", "coordinates": [ [ [ 75.720549672047781, 22.543072850025482, 0.0 ], [ 75.719550297679163, 22.535113552498615, 0.0 ], [ 75.700285226045125, 22.531205714714506, 0.0 ], [ 75.699499739043645, 22.542934531697352, 0.0 ], [ 75.698068427735706, 22.54355840715138, 0.0 ], [ 75.700719805639721, 22.548723315991868, 0.0 ], [ 75.707927571326991, 22.551936219970521, 0.0 ], [ 75.715871143874764, 22.552589143436258, 0.0 ], [ 75.720549672047781, 22.543072850025482, 0.0 ] ] ] } },
{ "type": "Feature", "properties": { "Vill_LGD": "476402", "Villl_name": "PIPAL KHUT", "Sub_dist": "Dr. Ambedkar Nagar Mhow", "District": "INDORE" }, "geometry": { "type": "Polygon", "coordinates": [ [ [ 75.683875985453938, 22.542538249197314, 0.0 ], [ 75.686636399218472, 22.535140901222054, 0.0 ], [ 75.673297061785235, 22.527595008267618, 0.0 ], [ 75.673245363847911, 22.528865130537064, 0.0 ], [ 75.668828182020263, 22.530372573476392, 0.0 ], [ 75.674337760026816, 22.531414431336092, 0.0 ], [ 75.675034048739903, 22.542685751142528, 0.0 ], [ 75.683875985453938, 22.542538249197314, 0.0 ] ] ] } },
{ "type": "Feature", "properties": { "Vill_LGD": "476401", "Villl_name": "KESAR BARDI", "Sub_dist": "Dr. Ambedkar Nagar Mhow", "District": "INDORE" }, "geometry": { "type": "Polygon", "coordinates": [ [ [ 75.693721516499693, 22.54381211592775, 0.0 ], [ 75.699499739043645, 22.542934531697352, 0.0 ], [ 75.700230780719835, 22.530849657735846, 0.0 ], [ 75.690007965975269, 22.531473141466755, 0.0 ], [ 75.683654487733165, 22.540586000095153, 0.0 ], [ 75.693721516499693, 22.54381211592775, 0.0 ] ] ] } },
{ "type": "Feature", "properties": { "Vill_LGD": "476404", "Villl_name": "MAHUDIYA BUZURG", "Sub_dist": "Dr. Ambedkar Nagar Mhow", "District": "INDORE" }, "geometry": { "type": "Polygon", "coordinates": [ [ [ 75.709407791481951, 22.568341685285294, 0.0 ], [ 75.715871143874764, 22.552589143436258, 0.0 ], [ 75.707927571326991, 22.551936219970521, 0.0 ], [ 75.702187761180213, 22.549328838118395, 0.0 ], [ 75.695807901983372, 22.55572891931547, 0.0 ], [ 75.696069643305677, 22.55821545682327, 0.0 ], [ 75.692655116689579, 22.560035744406285, 0.0 ], [ 75.691994816499616, 22.562498486358905, 0.0 ], [ 75.709407791481951, 22.568341685285294, 0.0 ] ] ] } },
{ "type": "Feature", "properties": { "Vill_LGD": "476405", "Villl_name": "MAHUDIYAPURA", "Sub_dist": "Dr. Ambedkar Nagar Mhow", "District": "INDORE" }, "geometry": { "type": "Polygon", "coordinates": [ [ [ 75.702187761180213, 22.549328838118395, 0.0 ], [ 75.698068427735706, 22.54355840715138, 0.0 ], [ 75.693660812282516, 22.543740232666906, 0.0 ], [ 75.689703453011347, 22.552265265478027, 0.0 ], [ 75.691119617059329, 22.559157395065746, 0.0 ], [ 75.692655724809697, 22.560035136248395, 0.0 ], [ 75.696069643305677, 22.55821545682327, 0.0 ], [ 75.695807901983372, 22.55572891931547, 0.0 ], [ 75.702187761180213, 22.549328838118395, 0.0 ] ] ] } },
{ "type": "Feature", "properties": { "Vill_LGD": "476396", "Villl_name": "GOPALPURA", "Sub_dist": "Dr. Ambedkar Nagar Mhow", "District": "INDORE" }, "geometry": { "type": "Polygon", "coordinates": [ [ [ 75.708901506876373, 22.582489692623994, 0.0 ], [ 75.710732596261295, 22.577339501917749, 0.0 ], [ 75.696161506388719, 22.57543042623605, 0.0 ], [ 75.691833384298562, 22.577303776423765, 0.0 ], [ 75.692076648954739, 22.582873454937513, 0.0 ], [ 75.696464184911648, 22.587940737815522, 0.0 ], [ 75.700348628479546, 22.588047077271664, 0.0 ], [ 75.708901506876373, 22.582489692623994, 0.0 ] ] ] } },
{ "type": "Feature", "properties": { "Vill_LGD": "476392", "Villl_name": "BANJARI", "Sub_dist": "Dr. Ambedkar Nagar Mhow", "District": "INDORE" }, "geometry": { "type": "Polygon", "coordinates": [ [ [ 75.69635879260062, 22.594989453340709, 0.0 ], [ 75.696464184911648, 22.587940737815522, 0.0 ], [ 75.69213795456173, 22.582176911650745, 0.0 ], [ 75.683388878701393, 22.583519128344594, 0.0 ], [ 75.683896244269732, 22.585075590213016, 0.0 ], [ 75.682223559792774, 22.585127241970824, 0.0 ], [ 75.686557429362793, 22.595464685664428, 0.0 ], [ 75.69635879260062, 22.594989453340709, 0.0 ] ] ] } },
{ "type": "Feature", "properties": { "Vill_LGD": "476386", "Villl_name": "KAWTI", "Sub_dist": "Dr. Ambedkar Nagar Mhow", "District": "INDORE" }, "geometry": { "type": "Polygon", "coordinates": [ [ [ 75.770740621745972, 22.610671626255563, 0.0 ], [ 75.767623340950905, 22.595984354247488, 0.0 ], [ 75.761877193561816, 22.600557519758837, 0.0 ], [ 75.751981499960209, 22.599479894331139, 0.0 ], [ 75.749823078923754, 22.609905503552536, 0.0 ], [ 75.755963233259877, 22.61170484186481, 0.0 ], [ 75.770740621745972, 22.610671626255563, 0.0 ] ] ] } },
{ "type": "Feature", "properties": { "Vill_LGD": "476381", "Villl_name": "UMARIYA", "Sub_dist": "Dr. Ambedkar Nagar Mhow", "District": "INDORE" }, "geometry": { "type": "Polygon", "coordinates": [ [ [ 75.798686455118968, 22.607583614519854, 0.0 ], [ 75.797425329860246, 22.592251495127087, 0.0 ], [ 75.782139984807458, 22.594909245337067, 0.0 ], [ 75.783531668296277, 22.6109743472249, 0.0 ], [ 75.788342937968878, 22.611352681176236, 0.0 ], [ 75.798686455118968, 22.607583614519854, 0.0 ] ] ] } },
{ "type": "Feature", "properties": { "Vill_LGD": "476387", "Villl_name": "PIPLYA MALHAR", "Sub_dist": "RAU", "District": "INDORE" }, "geometry": { "type": "Polygon", "coordinates": [ [ [ 75.783495976553354, 22.610881548161217, 0.0 ], [ 75.782139984807458, 22.594909245337067, 0.0 ], [ 75.768141303026525, 22.596446485554175, 0.0 ], [ 75.770740621745972, 22.610671626255563, 0.0 ], [ 75.783495976553354, 22.610881548161217, 0.0 ] ] ] } },
{ "type": "Feature", "properties": { "Vill_LGD": "476388", "Villl_name": "BARADIYA", "Sub_dist": "Dr. Ambedkar Nagar Mhow", "District": "INDORE" }, "geometry": { "type": "Polygon", "coordinates": [ [ [ 75.767623340950905, 22.595984354247488, 0.0 ], [ 75.765985510914817, 22.59122118897665, 0.0 ], [ 75.762030846507372, 22.591416304153004, 0.0 ], [ 75.757757334556644, 22.594614299914067, 0.0 ], [ 75.757186264434907, 22.593139033968605, 0.0 ], [ 75.751681778311706, 22.592220800078252, 0.0 ], [ 75.752154716085926, 22.599536731100287, 0.0 ], [ 75.761877193561816, 22.600557519758837, 0.0 ], [ 75.767623340950905, 22.595984354247488, 0.0 ] ] ] } },
{ "type": "Feature", "properties": { "Vill_LGD": "476393", "Villl_name": "BHATKHEDI", "Sub_dist": "Dr. Ambedkar Nagar Mhow", "District": "INDORE" }, "geometry": { "type": "Polygon", "coordinates": [ [ [ 75.696465346744773, 22.587932861189476, 0.0 ], [ 75.698843618238186, 22.610459449895639, 0.0 ], [ 75.706287505430737, 22.61521945315981, 0.0 ], [ 75.70969386941708, 22.615212404123206, 0.0 ], [ 75.711071295590401, 22.618292328044543, 0.0 ], [ 75.713353397395224, 22.618983984785068, 0.0 ], [ 75.715778528116303, 22.617939608349843, 0.0 ], [ 75.714078307415136, 22.607174715384932, 0.0 ], [ 75.724728775280781, 22.606280039043284, 0.0 ], [ 75.728964214922414, 22.603681667343494, 0.0 ], [ 75.727913921488806, 22.602213539590878, 0.0 ], [ 75.729779418744045, 22.599329632681314, 0.0 ], [ 75.729371171507339, 22.592937215271292, 0.0 ], [ 75.725399521491056, 22.592817539730333, 0.0 ], [ 75.722626476947923, 22.590943025343101, 0.0 ], [ 75.722212097183245, 22.589813044997172, 0.0 ], [ 75.725583428849689, 22.587702753730017, 0.0 ], [ 75.721767630569929, 22.583692394605649, 0.0 ], [ 75.708901506876373, 22.582489692623994, 0.0 ], [ 75.70509803180893, 22.584001993455534, 0.0 ], [ 75.700348628479546, 22.588047077271664, 0.0 ], [ 75.696465346744773, 22.587932861189476, 0.0 ] ] ] } },
{ "type": "Feature", "properties": { "Vill_LGD": "476391", "Villl_name": "TIHI", "Sub_dist": "Dr. Ambedkar Nagar Mhow", "District": "INDORE" }, "geometry": { "type": "Polygon", "coordinates": [ [ [ 75.749823078923754, 22.609905503552536, 0.0 ], [ 75.751793358972037, 22.601593953703741, 0.0 ], [ 75.736843736469737, 22.600248990189932, 0.0 ], [ 75.736409484636695, 22.598416804770014, 0.0 ], [ 75.733857512356167, 22.598071783977051, 0.0 ], [ 75.729702386543948, 22.598412672660409, 0.0 ], [ 75.727913921488806, 22.602213539590878, 0.0 ], [ 75.728964214922414, 22.603681667343494, 0.0 ], [ 75.724728775280781, 22.606280039043284, 0.0 ], [ 75.714078307415136, 22.607174715384932, 0.0 ], [ 75.713968852007881, 22.611452986985679, 0.0 ], [ 75.715778528116303, 22.617939608349843, 0.0 ], [ 75.740900099806737, 22.618581017603095, 0.0 ], [ 75.743408051448483, 22.617976634551855, 0.0 ], [ 75.743070168165914, 22.615549585189157, 0.0 ], [ 75.746015940870137, 22.611385527213606, 0.0 ], [ 75.745192648108684, 22.610238627947862, 0.0 ], [ 75.749823078923754, 22.609905503552536, 0.0 ] ] ] } },
{ "type": "Feature", "properties": { "Vill_LGD": "476398", "Villl_name": "SHRIKHANDI", "Sub_dist": "Dr. Ambedkar Nagar Mhow", "District": "INDORE" }, "geometry": { "type": "Polygon", "coordinates": [ [ [ 75.740028240975747, 22.588083240154642, 0.0 ], [ 75.736452144202246, 22.591921993796699, 0.0 ], [ 75.729371171507339, 22.592937215271292, 0.0 ], [ 75.729702386543948, 22.598412672660409, 0.0 ], [ 75.73624887237257, 22.598351370259369, 0.0 ], [ 75.736843736469737, 22.600248990189932, 0.0 ], [ 75.746236658870373, 22.601944355499811, 0.0 ], [ 75.751793358972037, 22.601593953703741, 0.0 ], [ 75.750781291460939, 22.587031711278566, 0.0 ], [ 75.740028240975747, 22.588083240154642, 0.0 ] ] ] } },
{ "type": "Feature", "properties": { "Vill_LGD": "476490", "Villl_name": "GAWALI PALASYA", "Sub_dist": "Dr. Ambedkar Nagar Mhow", "District": "INDORE" }, "geometry": { "type": "Polygon", "coordinates": [ [ [ 75.737840831817721, 22.535157910141869, 0.0 ], [ 75.738423811767447, 22.529555207491924, 0.0 ], [ 75.736018176042606, 22.524672553384288, 0.0 ], [ 75.740672402259392, 22.522630975543471, 0.0 ], [ 75.749709594783354, 22.522609560150222, 0.0 ], [ 75.752036707448383, 22.517776874671998, 0.0 ], [ 75.755655867764261, 22.516820332566986, 0.0 ], [ 75.752758134632344, 22.504851979785794, 0.0 ], [ 75.743402093609689, 22.502662875516016, 0.0 ], [ 75.742469345619952, 22.500997253967288, 0.0 ], [ 75.72716547857847, 22.501574898497005, 0.0 ], [ 75.729345676810112, 22.504897236259978, 0.0 ], [ 75.726647368325501, 22.506757976711633, 0.0 ], [ 75.727385000630605, 22.512449646691682, 0.0 ], [ 75.725373463896531, 22.518969667532012, 0.0 ], [ 75.717821055066437, 22.521115941361522, 0.0 ], [ 75.709564378425213, 22.520639302650167, 0.0 ], [ 75.702028517559071, 22.517836763233213, 0.0 ], [ 75.69989832872001, 22.518550601083948, 0.0 ], [ 75.700005405292558, 22.527223736153477, 0.0 ], [ 75.701256564409562, 22.527257251860135, 0.0 ], [ 75.700285226045125, 22.531205714714506, 0.0 ], [ 75.719550297679163, 22.535113552498615, 0.0 ], [ 75.720242721297907, 22.54263027013921, 0.0 ], [ 75.722169712660317, 22.544217445378337, 0.0 ], [ 75.726217175954616, 22.5445743651992, 0.0 ], [ 75.734519115638648, 22.539434728532168, 0.0 ], [ 75.737840831817721, 22.535157910141869, 0.0 ] ] ] } },
{ "type": "Feature", "properties": { "Vill_LGD": "476508", "Villl_name": "CHIKHLI", "Sub_dist": "Dr. Ambedkar Nagar Mhow", "District": "INDORE" }, "geometry": { "type": "Polygon", "coordinates": [ [ [ 75.979698511094895, 22.554790223630974, 0.0 ], [ 75.981906921384962, 22.549696912705336, 0.0 ], [ 75.981817968488599, 22.544741984211942, 0.0 ], [ 75.984581593499968, 22.543783009092696, 0.0 ], [ 75.983919807624218, 22.534286669177714, 0.0 ], [ 75.97459566805199, 22.528381282642258, 0.0 ], [ 75.956958037445489, 22.533718709117061, 0.0 ], [ 75.955637925539378, 22.538646059899911, 0.0 ], [ 75.958720183425555, 22.541736650243241, 0.0 ], [ 75.955890064251065, 22.54577618108825, 0.0 ], [ 75.955950614142949, 22.549270790470025, 0.0 ], [ 75.959805341098374, 22.556385378439959, 0.0 ], [ 75.962323687210926, 22.557693167104311, 0.0 ], [ 75.976795568532879, 22.555775321501958, 0.0 ], [ 75.979698511094895, 22.554790223630974, 0.0 ] ] ] } },
{ "type": "Feature", "properties": { "Vill_LGD": "476510", "Villl_name": "PATHAN PIPALYA", "Sub_dist": "Dr. Ambedkar Nagar Mhow", "District": "INDORE" }, "geometry": { "type": "Polygon", "coordinates": [ [ [ 75.961357625660924, 22.570637434644073, 0.0 ], [ 75.962323687210926, 22.557693167104311, 0.0 ], [ 75.956985680076713, 22.552245115680741, 0.0 ], [ 75.955890064251065, 22.54577618108825, 0.0 ], [ 75.95272541039391, 22.548190371850922, 0.0 ], [ 75.94403671872935, 22.545239105671957, 0.0 ], [ 75.939327929361099, 22.550409109935487, 0.0 ], [ 75.939085871319321, 22.554538002246382, 0.0 ], [ 75.944891754501299, 22.559149396343873, 0.0 ], [ 75.947956501145654, 22.559753779659964, 0.0 ], [ 75.948827384126204, 22.564936246574344, 0.0 ], [ 75.951254434119775, 22.566111699600839, 0.0 ], [ 75.950102775315216, 22.568662481753591, 0.0 ], [ 75.961357625660924, 22.570637434644073, 0.0 ] ] ] } },
{ "type": "Feature", "properties": { "Vill_LGD": "476546", "Villl_name": "BORKHEDI", "Sub_dist": "Dr. Ambedkar Nagar Mhow", "District": "INDORE" }, "geometry": { "type": "Polygon", "coordinates": [ [ [ 75.795667554629944, 22.585319627668728, 0.0 ], [ 75.800384693157241, 22.579333292520605, 0.0 ], [ 75.798114686538881, 22.572230600955095, 0.0 ], [ 75.799212774352725, 22.55983428873974, 0.0 ], [ 75.787177575893324, 22.561486578145427, 0.0 ], [ 75.786329069266131, 22.565960591872336, 0.0 ], [ 75.786725079869555, 22.584955023292725, 0.0 ], [ 75.795667554629944, 22.585319627668728, 0.0 ] ] ] } },
{ "type": "Feature", "properties": { "Vill_LGD": "476385", "Villl_name": "HARNYA KHEDI", "Sub_dist": "Dr. Ambedkar Nagar Mhow", "District": "INDORE" }, "geometry": { "type": "Polygon", "coordinates": [ [ [ 75.767984259214245, 22.59662732378747, 0.0 ], [ 75.792593834536561, 22.592158696271472, 0.0 ], [ 75.797628230572954, 22.592519876716757, 0.0 ], [ 75.795667554629944, 22.585319627668728, 0.0 ], [ 75.772663645893246, 22.583800481991567, 0.0 ], [ 75.771378737623635, 22.589969234910324, 0.0 ], [ 75.768826765077151, 22.590926968058717, 0.0 ], [ 75.769237222181133, 22.592378438676242, 0.0 ], [ 75.765657146661965, 22.592648865498973, 0.0 ], [ 75.767984259214245, 22.59662732378747, 0.0 ] ] ] } },
{ "type": "Feature", "properties": { "Vill_LGD": "476397", "Villl_name": "SHAHDA", "Sub_dist": "Dr. Ambedkar Nagar Mhow", "District": "INDORE" }, "geometry": { "type": "Polygon", "coordinates": [ [ [ 75.762030846507372, 22.591416304153004, 0.0 ], [ 75.769374040750009, 22.592277312007486, 0.0 ], [ 75.768826765077151, 22.590926968058717, 0.0 ], [ 75.771378737623635, 22.589969234910324, 0.0 ], [ 75.772431648433638, 22.586542811457861, 0.0 ], [ 75.772387628442175, 22.582239556370968, 0.0 ], [ 75.770550683958135, 22.58217293142344, 0.0 ], [ 75.768637598214241, 22.579108184551817, 0.0 ], [ 75.753410880633794, 22.583000982789816, 0.0 ], [ 75.754662478345637, 22.592190462040975, 0.0 ], [ 75.757757334556644, 22.594614299914067, 0.0 ], [ 75.762030846507372, 22.591416304153004, 0.0 ] ] ] } },
{ "type": "Feature", "properties": { "Vill_LGD": "476554", "Villl_name": "SANTER (CT)", "Sub_dist": "Dr. Ambedkar Nagar Mhow", "District": "INDORE" }, "geometry": { "type": "Polygon", "coordinates": [ [ [ 75.787177575893324, 22.561486578145427, 0.0 ], [ 75.784238067404104, 22.56080902007, 0.0 ], [ 75.778075263428946, 22.564601879972415, 0.0 ], [ 75.776257355218164, 22.569570194870785, 0.0 ], [ 75.773768438987773, 22.570574328231555, 0.0 ], [ 75.773716091166818, 22.574904946707228, 0.0 ], [ 75.768491983390959, 22.578935753273676, 0.0 ], [ 75.772663645893246, 22.583800481991567, 0.0 ], [ 75.786725079869555, 22.584955023292725, 0.0 ], [ 75.785829382319179, 22.571963972429277, 0.0 ], [ 75.787177575893324, 22.561486578145427, 0.0 ] ] ] } },
{ "type": "Feature", "properties": { "Vill_LGD": "476486", "Villl_name": "KELOD", "Sub_dist": "Dr. Ambedkar Nagar Mhow", "District": "INDORE" }, "geometry": { "type": "Polygon", "coordinates": [ [ [ 75.72716547857847, 22.501574898497005, 0.0 ], [ 75.713647728346373, 22.50285640617917, 0.0 ], [ 75.710906588890481, 22.500010569404289, 0.0 ], [ 75.700134794324981, 22.500254878249216, 0.0 ], [ 75.702190321246704, 22.507589613872707, 0.0 ], [ 75.700986314447903, 22.516351978792208, 0.0 ], [ 75.709564378425213, 22.520639302650167, 0.0 ], [ 75.718653866377124, 22.521101664119229, 0.0 ], [ 75.725373463896531, 22.518969667532012, 0.0 ], [ 75.727385000630605, 22.512449646691682, 0.0 ], [ 75.726647368325501, 22.506757976711633, 0.0 ], [ 75.729345676810112, 22.504897236259978, 0.0 ], [ 75.72716547857847, 22.501574898497005, 0.0 ] ] ] } },
{ "type": "Feature", "properties": { "Vill_LGD": "476395", "Villl_name": "RICHHABARDI", "Sub_dist": "Dr. Ambedkar Nagar Mhow", "District": "INDORE" }, "geometry": { "type": "Polygon", "coordinates": [ [ [ 75.724710901803149, 22.556576874994143, 0.0 ], [ 75.724033477185728, 22.555450703413168, 0.0 ], [ 75.726416146250315, 22.555584122397995, 0.0 ], [ 75.72815346696342, 22.55274311504229, 0.0 ], [ 75.72577434791522, 22.544529367970281, 0.0 ], [ 75.720549672047781, 22.543072850025482, 0.0 ], [ 75.713448294691801, 22.558828870441733, 0.0 ], [ 75.724710901803149, 22.556576874994143, 0.0 ] ] ] } },
{ "type": "Feature", "properties": { "Vill_LGD": "476394", "Villl_name": "DONGARGAON", "Sub_dist": "Dr. Ambedkar Nagar Mhow", "District": "INDORE" }, "geometry": { "type": "Polygon", "coordinates": [ [ [ 75.749850123620902, 22.55638369050201, 0.0 ], [ 75.751307542621717, 22.554462275670467, 0.0 ], [ 75.750742420719604, 22.550125707942815, 0.0 ], [ 75.746596210162636, 22.548935977016907, 0.0 ], [ 75.741367344942276, 22.536289141860511, 0.0 ], [ 75.737840831817721, 22.535157910141869, 0.0 ], [ 75.734519115638648, 22.539434728532168, 0.0 ], [ 75.72577434791522, 22.544529367970281, 0.0 ], [ 75.728182019344999, 22.552357642159791, 0.0 ], [ 75.726620927704843, 22.555687904433576, 0.0 ], [ 75.72859794169247, 22.553740145172977, 0.0 ], [ 75.733423722604854, 22.555176484438551, 0.0 ], [ 75.733899800723634, 22.553731094467224, 0.0 ], [ 75.738253344205461, 22.552622980493052, 0.0 ], [ 75.749850123620902, 22.55638369050201, 0.0 ] ] ] } },
{ "type": "Feature", "properties": { "Vill_LGD": "476492", "Villl_name": "KODRIYA", "Sub_dist": "Dr. Ambedkar Nagar Mhow", "District": "INDORE" }, "geometry": { "type": "Polygon", "coordinates": [ [ [ 75.784974548070537, 22.527041640444136, 0.0 ], [ 75.783079566111269, 22.521938659939465, 0.0 ], [ 75.783641120080759, 22.517936406856116, 0.0 ], [ 75.774475371007881, 22.514632929876761, 0.0 ], [ 75.774223148525621, 22.512586593419563, 0.0 ], [ 75.77286685623254, 22.512543763229541, 0.0 ], [ 75.772559632170513, 22.505719240946227, 0.0 ], [ 75.753281616184296, 22.505898942887509, 0.0 ], [ 75.759676877842395, 22.532281793174388, 0.0 ], [ 75.766548961181215, 22.530040703501264, 0.0 ], [ 75.770851027817073, 22.536864998337983, 0.0 ], [ 75.780111617175777, 22.541903441128945, 0.0 ], [ 75.78099159014954, 22.539572845492085, 0.0 ], [ 75.779634107868844, 22.537928637195108, 0.0 ], [ 75.783883825262663, 22.532603404920398, 0.0 ], [ 75.784974548070537, 22.527041640444136, 0.0 ] ] ] } },
{ "type": "Feature", "properties": { "Vill_LGD": "476494", "Villl_name": "SUTAR KHEDI", "Sub_dist": "Dr. Ambedkar Nagar Mhow", "District": "INDORE" }, "geometry": { "type": "Polygon", "coordinates": [ [ [ 75.799212774352725, 22.55983428873974, 0.0 ], [ 75.798929750701816, 22.551129642081072, 0.0 ], [ 75.789757574525012, 22.553555402631922, 0.0 ], [ 75.789364963347452, 22.550000487080514, 0.0 ], [ 75.787651751727736, 22.548772685758294, 0.0 ], [ 75.780544724280219, 22.54783622122255, 0.0 ], [ 75.782574854211404, 22.55240150714571, 0.0 ], [ 75.780871159411063, 22.55322004276168, 0.0 ], [ 75.781832462262926, 22.555675645573871, 0.0 ], [ 75.791638221079495, 22.558228806440614, 0.0 ], [ 75.791822203059269, 22.560431795452455, 0.0 ], [ 75.799212774352725, 22.55983428873974, 0.0 ] ] ] } },
{ "type": "Feature", "properties": { "Vill_LGD": "802275", "Villl_name": "MHOW CANT CHHAWANI", "Sub_dist": "Dr. Ambedkar Nagar Mhow", "District": "INDORE" }, "geometry": { "type": "Polygon", "coordinates": [ [ [ 75.7534366915813, 22.582946725004149, 0.0 ], [ 75.768068360473762, 22.579479381395664, 0.0 ], [ 75.773716091166818, 22.574904946707228, 0.0 ], [ 75.773768438987773, 22.570574328231555, 0.0 ], [ 75.776257355218164, 22.569570194870785, 0.0 ], [ 75.776128865166825, 22.56731446530523, 0.0 ], [ 75.780726991039032, 22.562908581232591, 0.0 ], [ 75.779803760157264, 22.558475645137982, 0.0 ], [ 75.775749159161592, 22.555646466293307, 0.0 ], [ 75.780111617175777, 22.541903441128945, 0.0 ], [ 75.770851027817073, 22.536864998337983, 0.0 ], [ 75.766548961181215, 22.530040703501264, 0.0 ], [ 75.750977768701759, 22.533981092228821, 0.0 ], [ 75.750187788203334, 22.536960176384593, 0.0 ], [ 75.743859829979101, 22.540631657545049, 0.0 ], [ 75.746596210162636, 22.548935977016907, 0.0 ], [ 75.750795959069791, 22.550286321074378, 0.0 ], [ 75.751307542621717, 22.554462275670467, 0.0 ], [ 75.749081175665083, 22.557395823184784, 0.0 ], [ 75.74904650479499, 22.562122048354713, 0.0 ], [ 75.752009411185767, 22.563734847534423, 0.0 ], [ 75.752462764174453, 22.568419513067429, 0.0 ], [ 75.751407613704686, 22.569459757532385, 0.0 ], [ 75.749259385526202, 22.568426586721799, 0.0 ], [ 75.750591032956308, 22.572916128518493, 0.0 ], [ 75.749378496726933, 22.574274574801489, 0.0 ], [ 75.751249409227356, 22.581376343297958, 0.0 ], [ 75.7534366915813, 22.582946725004149, 0.0 ] ] ] } },
{ "type": "Feature", "properties": { "Vill_LGD": "476491", "Villl_name": "GANGALIYA KHEDI", "Sub_dist": "Dr. Ambedkar Nagar Mhow", "District": "INDORE" }, "geometry": { "type": "Polygon", "coordinates": [ [ [ 75.759676877842395, 22.532281793174388, 0.0 ], [ 75.755644885964514, 22.516832228506743, 0.0 ], [ 75.752036707448383, 22.517776874671998, 0.0 ], [ 75.749709594783354, 22.522609560150222, 0.0 ], [ 75.740672402259392, 22.522630975543471, 0.0 ], [ 75.736018176042606, 22.524672553384288, 0.0 ], [ 75.738423811767447, 22.529555207491924, 0.0 ], [ 75.737840831817721, 22.535157910141869, 0.0 ], [ 75.741563650403691, 22.536396218189918, 0.0 ], [ 75.741748058902942, 22.538995779547683, 0.0 ], [ 75.744524671322395, 22.540881529497007, 0.0 ], [ 75.750187788203334, 22.536960176384593, 0.0 ], [ 75.750977768701759, 22.533981092228821, 0.0 ], [ 75.759676877842395, 22.532281793174388, 0.0 ] ] ] } },
{ "type": "Feature", "properties": { "Vill_LGD": "476484", "Villl_name": "BORKHEDI", "Sub_dist": "Dr. Ambedkar Nagar Mhow", "District": "INDORE" }, "geometry": { "type": "Polygon", "coordinates": [ [ [ 75.78630942697454, 22.504980967160815, 0.0 ], [ 75.772559632170513, 22.505719240946227, 0.0 ], [ 75.77286685623254, 22.512543763229541, 0.0 ], [ 75.778111188098606, 22.51691721189253, 0.0 ], [ 75.783641120080759, 22.517936406856116, 0.0 ], [ 75.788809309375225, 22.511145425007303, 0.0 ], [ 75.78630942697454, 22.504980967160815, 0.0 ] ] ] } },
{ "type": "Feature", "properties": { "Vill_LGD": "476506", "Villl_name": "GOKANYA", "Sub_dist": "Dr. Ambedkar Nagar Mhow", "District": "INDORE" }, "geometry": { "type": "Polygon", "coordinates": [ [ [ 75.90215556745089, 22.591686691634759, 0.0 ], [ 75.9126446945927, 22.587686135738458, 0.0 ], [ 75.913991469592474, 22.582884383451926, 0.0 ], [ 75.917351267701051, 22.580833286606911, 0.0 ], [ 75.92414821092197, 22.586550626224156, 0.0 ], [ 75.921525480605837, 22.571384535415437, 0.0 ], [ 75.923368936109469, 22.565088531821242, 0.0 ], [ 75.917020534833043, 22.558863862326636, 0.0 ], [ 75.90488603803577, 22.562013266647561, 0.0 ], [ 75.904407766421869, 22.570672125640492, 0.0 ], [ 75.899281370283745, 22.590465172210646, 0.0 ], [ 75.90215556745089, 22.591686691634759, 0.0 ] ] ] } },
{ "type": "Feature", "properties": { "Vill_LGD": "476511", "Villl_name": "PIPALYA LOHAR", "Sub_dist": "Dr. Ambedkar Nagar Mhow", "District": "INDORE" }, "geometry": { "type": "Polygon", "coordinates": [ [ [ 75.938746512298536, 22.607333479421261, 0.0 ], [ 75.934781744549667, 22.606211120522808, 0.0 ], [ 75.916660053380554, 22.606542289328441, 0.0 ], [ 75.918763496863377, 22.608569590000727, 0.0 ], [ 75.919039514672164, 22.615498580627655, 0.0 ], [ 75.925575145392415, 22.621089592170954, 0.0 ], [ 75.926180276438501, 22.615953057936579, 0.0 ], [ 75.938610582292768, 22.614506345117537, 0.0 ], [ 75.940461801975346, 22.610085307124319, 0.0 ], [ 75.938746512298536, 22.607333479421261, 0.0 ] ] ] } },
{ "type": "Feature", "properties": { "Vill_LGD": "476512", "Villl_name": "BARDARI", "Sub_dist": "Dr. Ambedkar Nagar Mhow", "District": "INDORE" }, "geometry": { "type": "Polygon", "coordinates": [ [ [ 75.91343943505484, 22.58826493890481, 0.0 ], [ 75.903965678660839, 22.590593820466697, 0.0 ], [ 75.905805976960636, 22.592836942453289, 0.0 ], [ 75.900052440510791, 22.599685030931681, 0.0 ], [ 75.900280868625273, 22.601664742124381, 0.0 ], [ 75.9025461163031, 22.601331617984879, 0.0 ], [ 75.903645110123364, 22.604483434572447, 0.0 ], [ 75.906124507236257, 22.604659514609239, 0.0 ], [ 75.910317117832747, 22.601499589276671, 0.0 ], [ 75.909474789016443, 22.599419940805884, 0.0 ], [ 75.911444983619532, 22.596964337194958, 0.0 ], [ 75.911135653065372, 22.593614056417252, 0.0 ], [ 75.916746421798635, 22.591068033583852, 0.0 ], [ 75.91343943505484, 22.58826493890481, 0.0 ] ] ] } },
{ "type": "Feature", "properties": { "Vill_LGD": "476509", "Villl_name": "JOSHI GURADIYA", "Sub_dist": "Dr. Ambedkar Nagar Mhow", "District": "INDORE" }, "geometry": { "type": "Polygon", "coordinates": [ [ [ 75.938654936897876, 22.589263984517448, 0.0 ], [ 75.944209206925407, 22.582142843006071, 0.0 ], [ 75.944380527839414, 22.576632011788643, 0.0 ], [ 75.948515079904496, 22.575158411320817, 0.0 ], [ 75.948772060488864, 22.57232209275136, 0.0 ], [ 75.944717460278028, 22.571808129600075, 0.0 ], [ 75.937769433672088, 22.565545387252232, 0.0 ], [ 75.922674133011427, 22.565916583410317, 0.0 ], [ 75.921567120543699, 22.572193553394651, 0.0 ], [ 75.924762111918866, 22.588054444118875, 0.0 ], [ 75.925775762307268, 22.589425015027889, 0.0 ], [ 75.930796424832991, 22.588406604322191, 0.0 ], [ 75.93204326262105, 22.590914556814727, 0.0 ], [ 75.934993794828699, 22.59132858349599, 0.0 ], [ 75.938654936897876, 22.589263984517448, 0.0 ] ] ] } },
{ "type": "Feature", "properties": { "Vill_LGD": "476502", "Villl_name": "DATODA", "Sub_dist": "Dr. Ambedkar Nagar Mhow", "District": "INDORE" }, "geometry": { "type": "Polygon", "coordinates": [ [ [ 75.880219797472492, 22.600777649333338, 0.0 ], [ 75.883616478248598, 22.598005576097773, 0.0 ], [ 75.896305702237669, 22.596670116705479, 0.0 ], [ 75.900410272499528, 22.588068365115799, 0.0 ], [ 75.90488603803577, 22.562013266647561, 0.0 ], [ 75.909148963371337, 22.56109575425036, 0.0 ], [ 75.899363014622381, 22.548608119989485, 0.0 ], [ 75.896489816023447, 22.548179816941481, 0.0 ], [ 75.896287561788938, 22.550404613063542, 0.0 ], [ 75.894610042407251, 22.550618765026101, 0.0 ], [ 75.888316367574404, 22.547840744094703, 0.0 ], [ 75.889197958331479, 22.546198915998737, 0.0 ], [ 75.886856568369069, 22.544300105863108, 0.0 ], [ 75.878710087091278, 22.546299979171422, 0.0 ], [ 75.878447155450345, 22.542422092649382, 0.0 ], [ 75.880060430295046, 22.542512511349756, 0.0 ], [ 75.880271805306194, 22.538845069493536, 0.0 ], [ 75.86986761285479, 22.535382953161864, 0.0 ], [ 75.866583957062446, 22.536572683584147, 0.0 ], [ 75.865941502116641, 22.538922400917624, 0.0 ], [ 75.864002242311798, 22.538862915282493, 0.0 ], [ 75.864186650370996, 22.540552332045699, 0.0 ], [ 75.861966612855056, 22.541573121528788, 0.0 ], [ 75.860316453844831, 22.548566640899001, 0.0 ], [ 75.856787874196939, 22.549454094702487, 0.0 ], [ 75.852456471002611, 22.553735581161824, 0.0 ], [ 75.850002714468474, 22.5624208002776, 0.0 ], [ 75.852710540940279, 22.563039460417787, 0.0 ], [ 75.85277716679974, 22.56728441934758, 0.0 ], [ 75.849288875744179, 22.576940270713891, 0.0 ], [ 75.848003967328822, 22.576930752372665, 0.0 ], [ 75.848299020216501, 22.581646845321057, 0.0 ], [ 75.850773660506221, 22.584759180299372, 0.0 ], [ 75.851416895316561, 22.594746805285347, 0.0 ], [ 75.852816706998667, 22.596799389362797, 0.0 ], [ 75.862338148116947, 22.595445276064456, 0.0 ], [ 75.864862756721166, 22.599721167697542, 0.0 ], [ 75.866923369517863, 22.600344586924933, 0.0 ], [ 75.867760940261221, 22.599059677318024, 0.0 ], [ 75.869445599046415, 22.601201192725345, 0.0 ], [ 75.880219797472492, 22.600777649333338, 0.0 ] ] ] } },
{ "type": "Feature", "properties": { "Vill_LGD": "476383", "Villl_name": "PANDA", "Sub_dist": "RAU", "District": "INDORE" }, "geometry": { "type": "Polygon", "coordinates": [ [ [ 75.808494593503312, 22.618091315296336, 0.0 ], [ 75.821214816877827, 22.610168844340397, 0.0 ], [ 75.818521653352548, 22.59574818783916, 0.0 ], [ 75.797819337627729, 22.593835328026763, 0.0 ], [ 75.798686455118968, 22.607583614519854, 0.0 ], [ 75.802127155971107, 22.607790628416783, 0.0 ], [ 75.803233604348819, 22.611024315942689, 0.0 ], [ 75.806924149436938, 22.613594133869444, 0.0 ], [ 75.808494593503312, 22.618091315296336, 0.0 ] ] ] } },
{ "type": "Feature", "properties": { "Vill_LGD": "476382", "Villl_name": "NAVDA", "Sub_dist": "Dr. Ambedkar Nagar Mhow", "District": "INDORE" }, "geometry": { "type": "Polygon", "coordinates": [ [ [ 75.795806925783793, 22.585780441633908, 0.0 ], [ 75.797819337627729, 22.593835328026763, 0.0 ], [ 75.818521653352548, 22.59574818783916, 0.0 ], [ 75.819146097086843, 22.599008158773088, 0.0 ], [ 75.826642356733984, 22.598930321101829, 0.0 ], [ 75.826180741558403, 22.594533076843682, 0.0 ], [ 75.821160078780309, 22.592501017535714, 0.0 ], [ 75.819727643390124, 22.586795069959305, 0.0 ], [ 75.818190510844246, 22.586709408799347, 0.0 ], [ 75.817153065433914, 22.583692253740836, 0.0 ], [ 75.805569849775026, 22.582202710184081, 0.0 ], [ 75.795806925783793, 22.585780441633908, 0.0 ] ] ] } },
{ "type": "Feature", "properties": { "Vill_LGD": "476493", "Villl_name": "CHORDIYA", "Sub_dist": "Dr. Ambedkar Nagar Mhow", "District": "INDORE" }, "geometry": { "type": "Polygon", "coordinates": [ [ [ 75.805663838991421, 22.527264595954282, 0.0 ], [ 75.806227062828725, 22.51062732508823, 0.0 ], [ 75.799936475962042, 22.510302536821214, 0.0 ], [ 75.797438041174601, 22.507727959456972, 0.0 ], [ 75.800688676338055, 22.501257324325476, 0.0 ], [ 75.786994711588036, 22.501754417930968, 0.0 ], [ 75.7867707061868, 22.507862959052808, 0.0 ], [ 75.788809309375225, 22.511145425007303, 0.0 ], [ 75.783284201433588, 22.519130895387939, 0.0 ], [ 75.784974548070537, 22.527041640444136, 0.0 ], [ 75.805663838991421, 22.527264595954282, 0.0 ] ] ] } },
{ "type": "Feature", "properties": { "Vill_LGD": "476499", "Villl_name": "NEU GURADIYA", "Sub_dist": "Dr. Ambedkar Nagar Mhow", "District": "INDORE" }, "geometry": { "type": "Polygon", "coordinates": [ [ [ 75.798929750701816, 22.551129642081072, 0.0 ], [ 75.796058925882832, 22.542431109768504, 0.0 ], [ 75.794940579967204, 22.527825978772452, 0.0 ], [ 75.784974548070537, 22.527041640444136, 0.0 ], [ 75.783883825262663, 22.532603404920398, 0.0 ], [ 75.779634107868844, 22.537928637195108, 0.0 ], [ 75.780973743604761, 22.539870279269696, 0.0 ], [ 75.777196350280093, 22.549007408900778, 0.0 ], [ 75.783995709121939, 22.547625785536713, 0.0 ], [ 75.787244863332234, 22.548601363570985, 0.0 ], [ 75.789364963347452, 22.550000487080514, 0.0 ], [ 75.789757574525012, 22.553555402631922, 0.0 ], [ 75.798929750701816, 22.551129642081072, 0.0 ] ] ] } },
{ "type": "Feature", "properties": { "Vill_LGD": "476496", "Villl_name": "BADODA SINDH", "Sub_dist": "Dr. Ambedkar Nagar Mhow", "District": "INDORE" }, "geometry": { "type": "Polygon", "coordinates": [ [ [ 75.80513754507713, 22.543517438030236, 0.0 ], [ 75.804446745202995, 22.540416995455505, 0.0 ], [ 75.806453286890346, 22.53629945671759, 0.0 ], [ 75.805663838991421, 22.527264595954282, 0.0 ], [ 75.794940579967204, 22.527825978772452, 0.0 ], [ 75.796058925882832, 22.542431109768504, 0.0 ], [ 75.799654315713184, 22.550930751250682, 0.0 ], [ 75.803147558969101, 22.549963392785536, 0.0 ], [ 75.803704352857892, 22.544278860673927, 0.0 ], [ 75.80513754507713, 22.543517438030236, 0.0 ] ] ] } },
{ "type": "Feature", "properties": { "Vill_LGD": "476504", "Villl_name": "SIMROL", "Sub_dist": "Dr. Ambedkar Nagar Mhow", "District": "INDORE" }, "geometry": { "type": "Polygon", "coordinates": [ [ [ 75.909148963371337, 22.56109575425036, 0.0 ], [ 75.931175947415809, 22.556407067538387, 0.0 ], [ 75.933859979461417, 22.554470187229189, 0.0 ], [ 75.943595976987325, 22.544118126588469, 0.0 ], [ 75.946361433861256, 22.538708338328519, 0.0 ], [ 75.946374429127602, 22.534957273578545, 0.0 ], [ 75.942076740974684, 22.536544365441539, 0.0 ], [ 75.940923324851269, 22.53567557262939, 0.0 ], [ 75.946191562069913, 22.530771444496121, 0.0 ], [ 75.941606224113102, 22.527332678574556, 0.0 ], [ 75.939630162176272, 22.528365687888726, 0.0 ], [ 75.936251002549653, 22.52404244226652, 0.0 ], [ 75.924084468583686, 22.520369327619772, 0.0 ], [ 75.926264056203266, 22.515372459960378, 0.0 ], [ 75.922437882485127, 22.512907339265048, 0.0 ], [ 75.907409630771696, 22.511816940416114, 0.0 ], [ 75.902393726811397, 22.522153319739893, 0.0 ], [ 75.900252211594804, 22.536339665967017, 0.0 ], [ 75.897168431248289, 22.54379689764513, 0.0 ], [ 75.90375312148808, 22.555294406010333, 0.0 ], [ 75.909148963371337, 22.56109575425036, 0.0 ] ] ] } },
{ "type": "Feature", "properties": { "Vill_LGD": "476503", "Villl_name": "MEMDI", "Sub_dist": "Dr. Ambedkar Nagar Mhow", "District": "INDORE" }, "geometry": { "type": "Polygon", "coordinates": [ [ [ 75.899363014622381, 22.548608119989485, 0.0 ], [ 75.897553903994577, 22.541840979483432, 0.0 ], [ 75.900252211594804, 22.536339665967017, 0.0 ], [ 75.902393726811397, 22.522153319739893, 0.0 ], [ 75.90555840916349, 22.51378237599646, 0.0 ], [ 75.907932688000969, 22.511898447447141, 0.0 ], [ 75.901213448487496, 22.507503660922822, 0.0 ], [ 75.894916331991823, 22.510848173972693, 0.0 ], [ 75.890290847901738, 22.510825818182528, 0.0 ], [ 75.888231552399787, 22.512795469980876, 0.0 ], [ 75.889678704477987, 22.513571046814857, 0.0 ], [ 75.890037462283317, 22.518397639281567, 0.0 ], [ 75.884315524030484, 22.524211039842918, 0.0 ], [ 75.874190791512547, 22.526283335403534, 0.0 ], [ 75.870960539415293, 22.524441336778214, 0.0 ], [ 75.869250396981485, 22.532899583506143, 0.0 ], [ 75.869903304877468, 22.535561413344528, 0.0 ], [ 75.872294662472825, 22.53525803080711, 0.0 ], [ 75.880271805306194, 22.538845069493536, 0.0 ], [ 75.880060430295046, 22.542512511349756, 0.0 ], [ 75.878447155450345, 22.542422092649382, 0.0 ], [ 75.878710087091278, 22.546299979171422, 0.0 ], [ 75.886856568369069, 22.544300105863108, 0.0 ], [ 75.889197958331479, 22.546198915998737, 0.0 ], [ 75.888316367574404, 22.547840744094703, 0.0 ], [ 75.894610042407251, 22.550618765026101, 0.0 ], [ 75.896287561788938, 22.550404613063542, 0.0 ], [ 75.896489816023447, 22.548179816941481, 0.0 ], [ 75.899363014622381, 22.548608119989485, 0.0 ] ] ] } },
{ "type": "Feature", "properties": { "Vill_LGD": "476500", "Villl_name": "HARSOLA", "Sub_dist": "Dr. Ambedkar Nagar Mhow", "District": "INDORE" }, "geometry": { "type": "Polygon", "coordinates": [ [ [ 75.818293543267799, 22.612327015369353, 0.0 ], [ 75.838194675918331, 22.612140360050429, 0.0 ], [ 75.838197763005127, 22.606229389720689, 0.0 ], [ 75.850004649373972, 22.602860073397739, 0.0 ], [ 75.851719217617813, 22.600609169228086, 0.0 ], [ 75.852816706998667, 22.596799389362797, 0.0 ], [ 75.851416895316561, 22.594746805285347, 0.0 ], [ 75.850773660506221, 22.584759180299372, 0.0 ], [ 75.848870090939627, 22.583074521640253, 0.0 ], [ 75.847965895803213, 22.578325118028019, 0.0 ], [ 75.85277716679974, 22.56728441934758, 0.0 ], [ 75.852710540940279, 22.563039460417787, 0.0 ], [ 75.850002714468474, 22.5624208002776, 0.0 ], [ 75.852456471002611, 22.553735581161824, 0.0 ], [ 75.847249560144007, 22.555790237382585, 0.0 ], [ 75.825729714599561, 22.549241960077882, 0.0 ], [ 75.819038670133111, 22.548137889457958, 0.0 ], [ 75.814422516005536, 22.54943231724177, 0.0 ], [ 75.812406616691533, 22.542491322881475, 0.0 ], [ 75.80614172535681, 22.543037637154658, 0.0 ], [ 75.803704352857892, 22.544278860673927, 0.0 ], [ 75.803147558969101, 22.549963392785536, 0.0 ], [ 75.798929750701816, 22.551129642081072, 0.0 ], [ 75.798114686538881, 22.572230600955095, 0.0 ], [ 75.800384693157241, 22.579333292520605, 0.0 ], [ 75.795667554629944, 22.585319627668728, 0.0 ], [ 75.805569849775026, 22.582202710184081, 0.0 ], [ 75.817153065433914, 22.583692253740836, 0.0 ], [ 75.818190510844246, 22.586709408799347, 0.0 ], [ 75.819727643390124, 22.586795069959305, 0.0 ], [ 75.821160078780309, 22.592501017535714, 0.0 ], [ 75.82621405384036, 22.594623495593353, 0.0 ], [ 75.826642356733984, 22.598930321101829, 0.0 ], [ 75.819146097086843, 22.599008158773088, 0.0 ], [ 75.821214816877827, 22.610168844340397, 0.0 ], [ 75.818293543267799, 22.612327015369353, 0.0 ] ] ] } },
{ "type": "Feature", "properties": { "Vill_LGD": "476498", "Villl_name": "AMBA CHANDAN", "Sub_dist": "Dr. Ambedkar Nagar Mhow", "District": "INDORE" }, "geometry": { "type": "Polygon", "coordinates": [ [ [ 75.852456471002611, 22.553735581161824, 0.0 ], [ 75.856787874196939, 22.549454094702487, 0.0 ], [ 75.860316453844831, 22.548566640899001, 0.0 ], [ 75.861966612855056, 22.541573121528788, 0.0 ], [ 75.864186650370996, 22.540552332045699, 0.0 ], [ 75.864002242311798, 22.538862915282493, 0.0 ], [ 75.865941502116641, 22.538922400917624, 0.0 ], [ 75.866583957062446, 22.536572683584147, 0.0 ], [ 75.86986761285479, 22.535382953161864, 0.0 ], [ 75.87166430459294, 22.505062798090989, 0.0 ], [ 75.868953436260497, 22.510130859657188, 0.0 ], [ 75.867461515598237, 22.509852462014834, 0.0 ], [ 75.867861263744118, 22.513400237432613, 0.0 ], [ 75.865445477487611, 22.514978614700535, 0.0 ], [ 75.865350298744687, 22.516891700806728, 0.0 ], [ 75.859887055754044, 22.515997023179153, 0.0 ], [ 75.846492176747518, 22.521010548438479, 0.0 ], [ 75.840626805940346, 22.519487693143798, 0.0 ], [ 75.837997501551115, 22.524097897891622, 0.0 ], [ 75.832263001265005, 22.524252562452599, 0.0 ], [ 75.832411717807986, 22.527072224472899, 0.0 ], [ 75.827301823914567, 22.530950745508544, 0.0 ], [ 75.823357868136526, 22.538368716494183, 0.0 ], [ 75.817754236639985, 22.537821440561554, 0.0 ], [ 75.81719506377037, 22.541592885113275, 0.0 ], [ 75.812424244716027, 22.541955753392717, 0.0 ], [ 75.814422516005536, 22.54943231724177, 0.0 ], [ 75.819038670133111, 22.548137889457958, 0.0 ], [ 75.825729714599561, 22.549241960077882, 0.0 ], [ 75.847249560144007, 22.555790237382585, 0.0 ], [ 75.852456471002611, 22.553735581161824, 0.0 ] ] ] } },
{ "type": "Feature", "properties": { "Vill_LGD": "476495", "Villl_name": "PATAL PANI", "Sub_dist": "Dr. Ambedkar Nagar Mhow", "District": "INDORE" }, "geometry": { "type": "Polygon", "coordinates": [ [ [ 75.797438041174601, 22.507727959456972, 0.0 ], [ 75.801461809495493, 22.505717246190958, 0.0 ], [ 75.811368472184824, 22.503341179741287, 0.0 ], [ 75.811753944748673, 22.496174242146758, 0.0 ], [ 75.808555219054597, 22.492792202338496, 0.0 ], [ 75.804386397516041, 22.494898452034668, 0.0 ], [ 75.80288105652663, 22.499874354223682, 0.0 ], [ 75.801146430101909, 22.499403220563011, 0.0 ], [ 75.800095105231151, 22.503434028024813, 0.0 ], [ 75.798126101595372, 22.504903344679285, 0.0 ], [ 75.797438041174601, 22.507727959456972, 0.0 ] ] ] } },
{ "type": "Feature", "properties": { "Vill_LGD": "476480", "Villl_name": "ASHAPUR", "Sub_dist": "Dr. Ambedkar Nagar Mhow", "District": "INDORE" }, "geometry": { "type": "Polygon", "coordinates": [ [ [ 75.760216538779261, 22.506048597123623, 0.0 ], [ 75.760433643919441, 22.498914040964451, 0.0 ], [ 75.757226130211421, 22.489358126422502, 0.0 ], [ 75.739142821237209, 22.49023793206257, 0.0 ], [ 75.743402093609689, 22.502662875516016, 0.0 ], [ 75.753658464741108, 22.505986685793406, 0.0 ], [ 75.760216538779261, 22.506048597123623, 0.0 ] ] ] } },
{ "type": "Feature", "properties": { "Vill_LGD": "476487", "Villl_name": "KHEDLI", "Sub_dist": "Dr. Ambedkar Nagar Mhow", "District": "INDORE" }, "geometry": { "type": "Polygon", "coordinates": [ [ [ 75.742469345619952, 22.500997253967288, 0.0 ], [ 75.739011582646967, 22.490019803559331, 0.0 ], [ 75.72221582532211, 22.486063559546931, 0.0 ], [ 75.720990707378178, 22.487931441165973, 0.0 ], [ 75.721817568982871, 22.498627118895449, 0.0 ], [ 75.720235364526062, 22.501669655498638, 0.0 ], [ 75.742469345619952, 22.500997253967288, 0.0 ] ] ] } },
{ "type": "Feature", "properties": { "Vill_LGD": "476485", "Villl_name": "MALENDI", "Sub_dist": "Dr. Ambedkar Nagar Mhow", "District": "INDORE" }, "geometry": { "type": "Polygon", "coordinates": [ [ [ 75.78630942697454, 22.504980967160815, 0.0 ], [ 75.787992749244637, 22.496016747324632, 0.0 ], [ 75.787675488123654, 22.48505139837615, 0.0 ], [ 75.7916896379989, 22.477084962447652, 0.0 ], [ 75.787877742258786, 22.476628105440689, 0.0 ], [ 75.783551882788302, 22.466941320253277, 0.0 ], [ 75.777491394095279, 22.465292353398716, 0.0 ], [ 75.77718444386305, 22.469625351870054, 0.0 ], [ 75.775028652637801, 22.465877701117247, 0.0 ], [ 75.772573049123849, 22.465249522528293, 0.0 ], [ 75.772915691344309, 22.468518903027725, 0.0 ], [ 75.761860804455949, 22.477121105349692, 0.0 ], [ 75.760585413821815, 22.48333625670422, 0.0 ], [ 75.758158363622883, 22.482946024821324, 0.0 ], [ 75.757178025113703, 22.486163057250458, 0.0 ], [ 75.760433643919441, 22.498914040964451, 0.0 ], [ 75.760216538779261, 22.506048597123623, 0.0 ], [ 75.78630942697454, 22.504980967160815, 0.0 ] ] ] } },
{ "type": "Feature", "properties": { "Vill_LGD": "476477", "Villl_name": "MEND", "Sub_dist": "Dr. Ambedkar Nagar Mhow", "District": "INDORE" }, "geometry": { "type": "Polygon", "coordinates": [ [ [ 75.724106520463124, 22.428465408472317, 0.0 ], [ 75.726017757798147, 22.410516121243251, 0.0 ], [ 75.715037683636325, 22.40762558894329, 0.0 ], [ 75.716193432848101, 22.40454890950992, 0.0 ], [ 75.718350286687397, 22.404297344409116, 0.0 ], [ 75.720490728266157, 22.400250749320222, 0.0 ], [ 75.722944496330243, 22.399716037896805, 0.0 ], [ 75.724899274082318, 22.392815116764382, 0.0 ], [ 75.728913003638752, 22.392097311225651, 0.0 ], [ 75.723004853216679, 22.386776746776263, 0.0 ], [ 75.716736882235864, 22.385140181404932, 0.0 ], [ 75.710933662140675, 22.380986032819429, 0.0 ], [ 75.706040307221926, 22.375553458872687, 0.0 ], [ 75.698475569833576, 22.372371818072736, 0.0 ], [ 75.692825067305307, 22.372627691454639, 0.0 ], [ 75.693515307596073, 22.384658383552608, 0.0 ], [ 75.688912074136738, 22.387097433211174, 0.0 ], [ 75.689781509924686, 22.389744064617691, 0.0 ], [ 75.692088755164406, 22.389462703257443, 0.0 ], [ 75.69565101987952, 22.392760212152822, 0.0 ], [ 75.692598008236999, 22.400397882254932, 0.0 ], [ 75.686769037738301, 22.405130478170442, 0.0 ], [ 75.690274722759042, 22.410254983546533, 0.0 ], [ 75.69014910191818, 22.414735901102212, 0.0 ], [ 75.695495942187193, 22.418305507901454, 0.0 ], [ 75.693582855364795, 22.418743328419183, 0.0 ], [ 75.691679286407364, 22.426367122173463, 0.0 ], [ 75.704368159700266, 22.423280019019124, 0.0 ], [ 75.705323854302492, 22.421681777640195, 0.0 ], [ 75.70895142974156, 22.421997896853714, 0.0 ], [ 75.713841697119506, 22.419380382087926, 0.0 ], [ 75.715067958000205, 22.420062478048134, 0.0 ], [ 75.71430478139699, 22.427307855194485, 0.0 ], [ 75.71945450157601, 22.429004575162153, 0.0 ], [ 75.720022895038866, 22.431477896173433, 0.0 ], [ 75.722831571626529, 22.431716003373737, 0.0 ], [ 75.72247974865553, 22.428660752881843, 0.0 ], [ 75.724106520463124, 22.428465408472317, 0.0 ] ] ] } },
{ "type": "Feature", "properties": { "Vill_LGD": "476407", "Villl_name": "JAMANYA", "Sub_dist": "Dr. Ambedkar Nagar Mhow", "District": "INDORE" }, "geometry": { "type": "Polygon", "coordinates": [ [ [ 75.745367454299114, 22.420090054854857, 0.0 ], [ 75.746633283406965, 22.411988512169888, 0.0 ], [ 75.744363575788853, 22.405417981921694, 0.0 ], [ 75.737072477366823, 22.413894856220267, 0.0 ], [ 75.729532683630552, 22.412697568114542, 0.0 ], [ 75.725659097685124, 22.414446633664991, 0.0 ], [ 75.723705720711195, 22.423149655307256, 0.0 ], [ 75.725665206866609, 22.424254358508865, 0.0 ], [ 75.740378603775369, 22.422210164036731, 0.0 ], [ 75.745367454299114, 22.420090054854857, 0.0 ] ] ] } },
{ "type": "Feature", "properties": { "Vill_LGD": "476549", "Villl_name": "RAMGARH PALASGHAT", "Sub_dist": "Dr. Ambedkar Nagar Mhow", "District": "INDORE" }, "geometry": { "type": "Polygon", "coordinates": [ [ [ 75.728913003638752, 22.392097311225651, 0.0 ], [ 75.733556043624773, 22.390271336152033, 0.0 ], [ 75.732358410082171, 22.388153073386004, 0.0 ], [ 75.730601256099035, 22.385596847185635, 0.0 ], [ 75.725374792820205, 22.383080641262293, 0.0 ], [ 75.723388548751586, 22.378945806471823, 0.0 ], [ 75.718395303455111, 22.379325614801093, 0.0 ], [ 75.717517975527642, 22.375245724643261, 0.0 ], [ 75.713293817933391, 22.376457919001925, 0.0 ], [ 75.715115227974835, 22.379201430133566, 0.0 ], [ 75.714746090636552, 22.382337437934911, 0.0 ], [ 75.717199450128874, 22.382718445228502, 0.0 ], [ 75.728913003638752, 22.392097311225651, 0.0 ] ] ] } },
{ "type": "Feature", "properties": { "Vill_LGD": "476473", "Villl_name": "KADWALI", "Sub_dist": "Dr. Ambedkar Nagar Mhow", "District": "INDORE" }, "geometry": { "type": "Polygon", "coordinates": [ [ [ 75.737072477366823, 22.413894856220267, 0.0 ], [ 75.747870916218886, 22.400365848264066, 0.0 ], [ 75.746361660705261, 22.392876237351921, 0.0 ], [ 75.740259896992796, 22.394317840740946, 0.0 ], [ 75.735721074981996, 22.393681335277691, 0.0 ], [ 75.734036851673309, 22.39139268118403, 0.0 ], [ 75.724899274082318, 22.392815116764382, 0.0 ], [ 75.722944496330243, 22.399716037896805, 0.0 ], [ 75.720490728266157, 22.400250749320222, 0.0 ], [ 75.718350286687397, 22.404297344409116, 0.0 ], [ 75.716193432848101, 22.40454890950992, 0.0 ], [ 75.715037683636325, 22.40762558894329, 0.0 ], [ 75.726017757798147, 22.410516121243251, 0.0 ], [ 75.725659097685124, 22.414446633664991, 0.0 ], [ 75.729532683630552, 22.412697568114542, 0.0 ], [ 75.737072477366823, 22.413894856220267, 0.0 ] ] ] } },
{ "type": "Feature", "properties": { "Vill_LGD": "476483", "Villl_name": "BADGONDA", "Sub_dist": "Dr. Ambedkar Nagar Mhow", "District": "INDORE" }, "geometry": { "type": "Polygon", "coordinates": [ [ [ 75.757234750100253, 22.489377280988602, 0.0 ], [ 75.758158363622883, 22.482946024821324, 0.0 ], [ 75.760585413821815, 22.48333625670422, 0.0 ], [ 75.761860804455949, 22.477121105349692, 0.0 ], [ 75.769796625468217, 22.471032588674241, 0.0 ], [ 75.759959324989566, 22.46804020250347, 0.0 ], [ 75.760029648741536, 22.451460071557189, 0.0 ], [ 75.751199468981142, 22.450694677899335, 0.0 ], [ 75.75192171838215, 22.464641828084552, 0.0 ], [ 75.743889772956933, 22.464041785035239, 0.0 ], [ 75.738465270392084, 22.458354479973472, 0.0 ], [ 75.739751991756165, 22.449007574489691, 0.0 ], [ 75.74181753076958, 22.448127040848728, 0.0 ], [ 75.742335976548603, 22.436144273743285, 0.0 ], [ 75.745407860975703, 22.433098563552949, 0.0 ], [ 75.743980184044915, 22.426121983433362, 0.0 ], [ 75.742534687653887, 22.427550748854141, 0.0 ], [ 75.738660925187673, 22.427131963756061, 0.0 ], [ 75.734054288935155, 22.431376922916463, 0.0 ], [ 75.734216092524633, 22.43482238202493, 0.0 ], [ 75.732702755514978, 22.436259577293061, 0.0 ], [ 75.735769483431881, 22.443405494590742, 0.0 ], [ 75.732828470156491, 22.45751807760869, 0.0 ], [ 75.735451110969407, 22.45836706993471, 0.0 ], [ 75.721521747232245, 22.460342021856654, 0.0 ], [ 75.71725775388461, 22.456653858239164, 0.0 ], [ 75.714335774395678, 22.456287420977748, 0.0 ], [ 75.708932743167608, 22.460527744308333, 0.0 ], [ 75.714254343941207, 22.471593845605501, 0.0 ], [ 75.72101008032152, 22.47694280319558, 0.0 ], [ 75.720736003847648, 22.485498200237615, 0.0 ], [ 75.739142821237209, 22.49023793206257, 0.0 ], [ 75.757234750100253, 22.489377280988602, 0.0 ] ] ] } },
{ "type": "Feature", "properties": { "Vill_LGD": "476482", "Villl_name": "TINCHHA", "Sub_dist": "Dr. Ambedkar Nagar Mhow", "District": "INDORE" }, "geometry": { "type": "Polygon", "coordinates": [ [ [ 75.734763757720785, 22.440583347129337, 0.0 ], [ 75.734476399171839, 22.443855285380849, 0.0 ], [ 75.731990147794491, 22.444686842560508, 0.0 ], [ 75.712801040863411, 22.443408983769231, 0.0 ], [ 75.708546863069529, 22.448805680794251, 0.0 ], [ 75.713810231389488, 22.452584265565992, 0.0 ], [ 75.713400891587781, 22.456562623109388, 0.0 ], [ 75.71725775388461, 22.456653858239164, 0.0 ], [ 75.721169585834687, 22.46027063792188, 0.0 ], [ 75.732405400782284, 22.459637701460302, 0.0 ], [ 75.735451110969407, 22.45836706993471, 0.0 ], [ 75.732828470156491, 22.45751807760869, 0.0 ], [ 75.735769483431881, 22.443405494590742, 0.0 ], [ 75.734763757720785, 22.440583347129337, 0.0 ] ] ] } },
{ "type": "Feature", "properties": { "Vill_LGD": "476524", "Villl_name": "KULTHANA", "Sub_dist": "Dr. Ambedkar Nagar Mhow", "District": "INDORE" }, "geometry": { "type": "Polygon", "coordinates": [ [ [ 75.908410901061416, 22.409995713443717, 0.0 ], [ 75.908556645432483, 22.406134046218007, 0.0 ], [ 75.905529972568587, 22.405101361598266, 0.0 ], [ 75.908651825143579, 22.40293605218384, 0.0 ], [ 75.908865975504398, 22.398118832258614, 0.0 ], [ 75.907000478958622, 22.395577568131642, 0.0 ], [ 75.902569922151443, 22.39481614038484, 0.0 ], [ 75.903602608002245, 22.39835677891266, 0.0 ], [ 75.902355770487546, 22.399846320893563, 0.0 ], [ 75.900271362769288, 22.400217516213754, 0.0 ], [ 75.899371450965745, 22.39663632290851, 0.0 ], [ 75.894896201764737, 22.399027989092328, 0.0 ], [ 75.892924302795009, 22.391547349445116, 0.0 ], [ 75.885327211288882, 22.400706708806549, 0.0 ], [ 75.889390574151676, 22.404011471185836, 0.0 ], [ 75.890445774434099, 22.406860179411289, 0.0 ], [ 75.885439389090095, 22.414084222676873, 0.0 ], [ 75.872468946338344, 22.412375769341246, 0.0 ], [ 75.873218477761185, 22.41514784153658, 0.0 ], [ 75.879857174399703, 22.418086476023959, 0.0 ], [ 75.884806453118514, 22.418050783698185, 0.0 ], [ 75.886293615215877, 22.416194805047052, 0.0 ], [ 75.890981153881285, 22.417253664736112, 0.0 ], [ 75.892706262679084, 22.414874204071822, 0.0 ], [ 75.893384410667423, 22.408057047673939, 0.0 ], [ 75.896953600551157, 22.408425864123608, 0.0 ], [ 75.896309565749945, 22.410992924989436, 0.0 ], [ 75.899391110822961, 22.410813102301965, 0.0 ], [ 75.899798856589044, 22.412781782440266, 0.0 ], [ 75.896783603796351, 22.41766839028147, 0.0 ], [ 75.907018720999147, 22.420549217416173, 0.0 ], [ 75.906150218684687, 22.417360740245798, 0.0 ], [ 75.908410705522556, 22.413208580311714, 0.0 ], [ 75.905073114451469, 22.41298689515714, 0.0 ], [ 75.908410901061416, 22.409995713443717, 0.0 ] ] ] } },
{ "type": "Feature", "properties": { "Vill_LGD": "476529", "Villl_name": "BAIKA", "Sub_dist": "Dr. Ambedkar Nagar Mhow", "District": "INDORE" }, "geometry": { "type": "Polygon", "coordinates": [ [ [ 75.85036216827919, 22.430063097241408, 0.0 ], [ 75.857022280518166, 22.430798350203272, 0.0 ], [ 75.858129918656275, 22.426163160198989, 0.0 ], [ 75.85211583105378, 22.419036674413007, 0.0 ], [ 75.844775193472685, 22.418727345053959, 0.0 ], [ 75.848522845536053, 22.425360092013186, 0.0 ], [ 75.844358788187392, 22.428625901946099, 0.0 ], [ 75.847642444104366, 22.430034542211761, 0.0 ], [ 75.8476281679024, 22.431383698392281, 0.0 ], [ 75.85036216827919, 22.430063097241408, 0.0 ] ] ] } },
{ "type": "Feature", "properties": { "Vill_LGD": "476552", "Villl_name": "RAS KUNDIYA", "Sub_dist": "Dr. Ambedkar Nagar Mhow", "District": "INDORE" }, "geometry": { "type": "Polygon", "coordinates": [ [ [ 75.863998710725028, 22.42334657217549, 0.0 ], [ 75.866277044384546, 22.416029729778504, 0.0 ], [ 75.867758535101373, 22.418080981679321, 0.0 ], [ 75.869482442338395, 22.416603527566846, 0.0 ], [ 75.864173964927602, 22.413821038551283, 0.0 ], [ 75.871208476503284, 22.408391660060619, 0.0 ], [ 75.871047864095033, 22.406267990654133, 0.0 ], [ 75.86180035399309, 22.411793775463366, 0.0 ], [ 75.861470533475142, 22.415863167452599, 0.0 ], [ 75.864159323971577, 22.416957720242895, 0.0 ], [ 75.860667465923896, 22.424661224427421, 0.0 ], [ 75.863998710725028, 22.42334657217549, 0.0 ] ] ] } },
{ "type": "Feature", "properties": { "Vill_LGD": "476550", "Villl_name": "UMETH", "Sub_dist": "Dr. Ambedkar Nagar Mhow", "District": "INDORE" }, "geometry": { "type": "Polygon", "coordinates": [ [ [ 75.888739155566313, 22.433690881726175, 0.0 ], [ 75.887361448414723, 22.432919937867336, 0.0 ], [ 75.888840259355774, 22.429537861979966, 0.0 ], [ 75.881679295810386, 22.428644045990691, 0.0 ], [ 75.883735149948279, 22.423354504578949, 0.0 ], [ 75.875147675299232, 22.422697772689293, 0.0 ], [ 75.867209793407, 22.424439538119525, 0.0 ], [ 75.86863984929991, 22.429579173307385, 0.0 ], [ 75.867583369229166, 22.431682617318756, 0.0 ], [ 75.870288815827593, 22.433400587756129, 0.0 ], [ 75.870115115429471, 22.427865962121103, 0.0 ], [ 75.873434463648962, 22.427994453141089, 0.0 ], [ 75.87798875194737, 22.424660828346564, 0.0 ], [ 75.881665018725471, 22.425845799644197, 0.0 ], [ 75.876775226574708, 22.430150244930903, 0.0 ], [ 75.876296954697523, 22.43286996882248, 0.0 ], [ 75.884149176107343, 22.43104968078017, 0.0 ], [ 75.884270528787013, 22.433990695627894, 0.0 ], [ 75.888739155566313, 22.433690881726175, 0.0 ] ] ] } },
{ "type": "Feature", "properties": { "Vill_LGD": "476551", "Villl_name": "TELAN MAL", "Sub_dist": "Dr. Ambedkar Nagar Mhow", "District": "INDORE" }, "geometry": { "type": "Polygon", "coordinates": [ [ [ 75.937229759179232, 22.424482050814103, 0.0 ], [ 75.928767591924782, 22.424636293810238, 0.0 ], [ 75.928836892630102, 22.422075013329419, 0.0 ], [ 75.924052339665025, 22.42274840156114, 0.0 ], [ 75.922233712797961, 22.4207845444589, 0.0 ], [ 75.919801783178315, 22.421761905060556, 0.0 ], [ 75.912359260699446, 22.419799147760308, 0.0 ], [ 75.914105846188122, 22.422405918520536, 0.0 ], [ 75.926540909957112, 22.424047745529982, 0.0 ], [ 75.928489688666062, 22.426317751766298, 0.0 ], [ 75.935942159778946, 22.426753192331283, 0.0 ], [ 75.937229759179232, 22.424482050814103, 0.0 ] ] ] } },
{ "type": "Feature", "properties": { "Vill_LGD": "476514", "Villl_name": "GAVHALU", "Sub_dist": "Dr. Ambedkar Nagar Mhow", "District": "INDORE" }, "geometry": { "type": "Polygon", "coordinates": [ [ [ 75.985639733167716, 22.436983852875201, 0.0 ], [ 75.996796402600594, 22.428968957104743, 0.0 ], [ 76.001004576003155, 22.4182152619615, 0.0 ], [ 75.99704351591555, 22.41270685824783, 0.0 ], [ 75.982552573022772, 22.419072271219605, 0.0 ], [ 75.9694081050298, 22.419869412752572, 0.0 ], [ 75.967069023558778, 22.424165666660208, 0.0 ], [ 75.9702227426273, 22.43411949837801, 0.0 ], [ 75.980251001678184, 22.431652285523359, 0.0 ], [ 75.98346904839218, 22.432646771688933, 0.0 ], [ 75.985639733167716, 22.436983852875201, 0.0 ] ] ] } },
{ "type": "Feature", "properties": { "Vill_LGD": "476520", "Villl_name": "SURTIPURA", "Sub_dist": "Dr. Ambedkar Nagar Mhow", "District": "INDORE" }, "geometry": { "type": "MultiPolygon", "coordinates": [ [ [ [ 76.008257136826046, 22.432415350273168, 0.0 ], [ 76.008761600749864, 22.430378142799583, 0.0 ], [ 76.007528517929401, 22.427080491768752, 0.0 ], [ 76.007133971870118, 22.428052294164356, 0.0 ], [ 76.005684881022063, 22.426917291389337, 0.0 ], [ 76.005277992325787, 22.428309275385995, 0.0 ], [ 76.008452252427887, 22.43037377237259, 0.0 ], [ 76.004399972450926, 22.430693494470948, 0.0 ], [ 76.006274636266923, 22.431955187475484, 0.0 ], [ 76.005264654202975, 22.433720589619909, 0.0 ], [ 76.008257136826046, 22.432415350273168, 0.0 ] ] ], [ [ [ 75.995103337317758, 22.442921068629094, 0.0 ], [ 75.997330512011004, 22.439551752321059, 0.0 ], [ 75.995503085965467, 22.435649435768966, 0.0 ], [ 75.997235832251647, 22.431180076534986, 0.0 ], [ 75.990340479208839, 22.433949963405876, 0.0 ], [ 75.983407607401844, 22.439731301420881, 0.0 ], [ 75.985652118504092, 22.442026392525666, 0.0 ], [ 75.99070609291087, 22.440931839254663, 0.0 ], [ 75.995103337317758, 22.442921068629094, 0.0 ] ] ] ] } },
{ "type": "Feature", "properties": { "Vill_LGD": "476489", "Villl_name": "BERCHHA", "Sub_dist": "Dr. Ambedkar Nagar Mhow", "District": "INDORE" }, "geometry": { "type": "Polygon", "coordinates": [ [ [ 75.720235364526062, 22.501669655498638, 0.0 ], [ 75.722358896482675, 22.494135885163942, 0.0 ], [ 75.720990707378178, 22.487931441165973, 0.0 ], [ 75.72221582532211, 22.486063559546931, 0.0 ], [ 75.720736003847648, 22.485498200237615, 0.0 ], [ 75.720388399815192, 22.481884367862129, 0.0 ], [ 75.686330089076705, 22.484517829008063, 0.0 ], [ 75.688801827455549, 22.488152220222517, 0.0 ], [ 75.694820956483923, 22.489750335152589, 0.0 ], [ 75.697690585920896, 22.498473438984149, 0.0 ], [ 75.700260879818288, 22.500338935578117, 0.0 ], [ 75.710906588890481, 22.500010569404289, 0.0 ], [ 75.713647728346373, 22.50285640617917, 0.0 ], [ 75.720235364526062, 22.501669655498638, 0.0 ] ] ] } },
{ "type": "Feature", "properties": { "Vill_LGD": "476535", "Villl_name": "KUSHALGARH", "Sub_dist": "Dr. Ambedkar Nagar Mhow", "District": "INDORE" }, "geometry": { "type": "Polygon", "coordinates": [ [ [ 75.834883174147862, 22.474050689448656, 0.0 ], [ 75.840765200709299, 22.471637916198201, 0.0 ], [ 75.841243472815904, 22.467126457672979, 0.0 ], [ 75.84372762989733, 22.463471605728142, 0.0 ], [ 75.843099451659313, 22.459531217642667, 0.0 ], [ 75.83526150793783, 22.459624016770036, 0.0 ], [ 75.832805903643674, 22.462807735306708, 0.0 ], [ 75.83087140127013, 22.471345241589066, 0.0 ], [ 75.834883174147862, 22.474050689448656, 0.0 ] ] ] } },
{ "type": "Feature", "properties": { "Vill_LGD": "476536", "Villl_name": "GUWADI", "Sub_dist": "Dr. Ambedkar Nagar Mhow", "District": "INDORE" }, "geometry": { "type": "Polygon", "coordinates": [ [ [ 75.825567345873736, 22.471491816394572, 0.0 ], [ 75.817239231302963, 22.469474034167447, 0.0 ], [ 75.815421324197999, 22.471853494951322, 0.0 ], [ 75.81776271356452, 22.475651115136312, 0.0 ], [ 75.822045743352078, 22.477402398092948, 0.0 ], [ 75.824073043692366, 22.477012166424839, 0.0 ], [ 75.825567345873736, 22.471491816394572, 0.0 ] ] ] } },
{ "type": "Feature", "properties": { "Vill_LGD": "476543", "Villl_name": "PIPALYA", "Sub_dist": "Dr. Ambedkar Nagar Mhow", "District": "INDORE" }, "geometry": { "type": "Polygon", "coordinates": [ [ [ 75.821214611911699, 22.456024394658581, 0.0 ], [ 75.818028036155965, 22.456289458696386, 0.0 ], [ 75.815874045971441, 22.453722104952512, 0.0 ], [ 75.813174626859734, 22.456183995682171, 0.0 ], [ 75.813604594709389, 22.458484898166521, 0.0 ], [ 75.816932989178852, 22.458280019441752, 0.0 ], [ 75.817644943687299, 22.459560440850332, 0.0 ], [ 75.81622535222364, 22.463545545434442, 0.0 ], [ 75.812704844118741, 22.465085168605174, 0.0 ], [ 75.819081188300174, 22.463954767286648, 0.0 ], [ 75.818615750339106, 22.467102901532574, 0.0 ], [ 75.816017379000769, 22.468820871474492, 0.0 ], [ 75.821285095046193, 22.470668284205065, 0.0 ], [ 75.822663622141619, 22.46118131931491, 0.0 ], [ 75.821214611911699, 22.456024394658581, 0.0 ] ] ] } },
{ "type": "Feature", "properties": { "Vill_LGD": "476541", "Villl_name": "DAMALI", "Sub_dist": "Dr. Ambedkar Nagar Mhow", "District": "INDORE" }, "geometry": { "type": "Polygon", "coordinates": [ [ [ 75.821214611911699, 22.456024394658581, 0.0 ], [ 75.822663622141619, 22.46118131931491, 0.0 ], [ 75.821285095046193, 22.470668284205065, 0.0 ], [ 75.825567345873736, 22.471491816394572, 0.0 ], [ 75.823264899764013, 22.468392133035358, 0.0 ], [ 75.824107229076105, 22.465960324324282, 0.0 ], [ 75.826705600516917, 22.466455252189103, 0.0 ], [ 75.826919751758339, 22.463540412666219, 0.0 ], [ 75.832672098839168, 22.459501277741698, 0.0 ], [ 75.822704934130655, 22.458667275925301, 0.0 ], [ 75.824037431425069, 22.45581192225697, 0.0 ], [ 75.822669241821444, 22.454538911015657, 0.0 ], [ 75.821214611911699, 22.456024394658581, 0.0 ] ] ] } },
{ "type": "Feature", "properties": { "Vill_LGD": "476533", "Villl_name": "LODHIYA", "Sub_dist": "Dr. Ambedkar Nagar Mhow", "District": "INDORE" }, "geometry": { "type": "Polygon", "coordinates": [ [ [ 75.885401515295669, 22.482333213283599, 0.0 ], [ 75.887395336904234, 22.485411133919445, 0.0 ], [ 75.885772636705269, 22.488391109108637, 0.0 ], [ 75.887038584671672, 22.488400839626923, 0.0 ], [ 75.88947039304783, 22.485459825486195, 0.0 ], [ 75.894909841385257, 22.483941729187404, 0.0 ], [ 75.898946431852906, 22.478447011123876, 0.0 ], [ 75.897860373433772, 22.477198336605767, 0.0 ], [ 75.893753423276337, 22.480819876428345, 0.0 ], [ 75.889432322087046, 22.482161891376609, 0.0 ], [ 75.88700527120389, 22.480539099634193, 0.0 ], [ 75.885401515295669, 22.482333213283599, 0.0 ] ] ] } },
{ "type": "Feature", "properties": { "Vill_LGD": "476548", "Villl_name": "MANGALYA", "Sub_dist": "Dr. Ambedkar Nagar Mhow", "District": "INDORE" }, "geometry": { "type": "Polygon", "coordinates": [ [ [ 75.7809757549106, 22.441951210742232, 0.0 ], [ 75.784751959821591, 22.438995920818062, 0.0 ], [ 75.783898526043942, 22.432198989278138, 0.0 ], [ 75.787420129578479, 22.429997988560817, 0.0 ], [ 75.785373791999135, 22.425054659025427, 0.0 ], [ 75.782387569285433, 22.425108196524029, 0.0 ], [ 75.775487132114677, 22.428915333613912, 0.0 ], [ 75.771620507240428, 22.428320468666232, 0.0 ], [ 75.770906668570362, 22.426886843979251, 0.0 ], [ 75.768765154259498, 22.428153906955295, 0.0 ], [ 75.770221298280418, 22.434670725423818, 0.0 ], [ 75.779049048083763, 22.441616298848444, 0.0 ], [ 75.7809757549106, 22.441951210742232, 0.0 ] ] ] } },
{ "type": "Feature", "properties": { "Vill_LGD": "476547", "Villl_name": "MADHAUPURA", "Sub_dist": "Dr. Ambedkar Nagar Mhow", "District": "INDORE" }, "geometry": { "type": "Polygon", "coordinates": [ [ [ 75.746773789192716, 22.394237872979645, 0.0 ], [ 75.758080397496684, 22.393306984488142, 0.0 ], [ 75.756936850933641, 22.390523777559718, 0.0 ], [ 75.760240444392025, 22.386812784872522, 0.0 ], [ 75.761529751605735, 22.377370806041753, 0.0 ], [ 75.752085055976067, 22.376362947094623, 0.0 ], [ 75.746908112474898, 22.374083855719057, 0.0 ], [ 75.739087047673323, 22.37573319033681, 0.0 ], [ 75.737734998220063, 22.382341929903095, 0.0 ], [ 75.741443381012573, 22.38267212505108, 0.0 ], [ 75.740958871469886, 22.390088648954706, 0.0 ], [ 75.743258018096085, 22.394329737765105, 0.0 ], [ 75.746361660705261, 22.392876237351921, 0.0 ], [ 75.746773789192716, 22.394237872979645, 0.0 ] ] ] } },
{ "type": "Feature", "properties": { "Vill_LGD": "476537", "Villl_name": "GHODA KHUR", "Sub_dist": "Dr. Ambedkar Nagar Mhow", "District": "INDORE" }, "geometry": { "type": "Polygon", "coordinates": [ [ [ 75.793248708451969, 22.384420041729619, 0.0 ], [ 75.793090960848048, 22.381445563111914, 0.0 ], [ 75.79137527858353, 22.381171858260227, 0.0 ], [ 75.790711172355998, 22.382853001846559, 0.0 ], [ 75.778831701164677, 22.384317010598306, 0.0 ], [ 75.777410704260319, 22.385825422472742, 0.0 ], [ 75.777597783518416, 22.390196875919351, 0.0 ], [ 75.77922095111083, 22.391658257272919, 0.0 ], [ 75.78634600292871, 22.390073100907163, 0.0 ], [ 75.789371002480493, 22.385915524732443, 0.0 ], [ 75.793248708451969, 22.384420041729619, 0.0 ] ] ] } },
{ "type": "Feature", "properties": { "Vill_LGD": "476545", "Villl_name": "BURALIYA", "Sub_dist": "Dr. Ambedkar Nagar Mhow", "District": "INDORE" }, "geometry": { "type": "Polygon", "coordinates": [ [ [ 75.777883027289676, 22.389596794553633, 0.0 ], [ 75.778402644870184, 22.384929213826311, 0.0 ], [ 75.775416135405081, 22.380985800318218, 0.0 ], [ 75.776950390859469, 22.373941172914758, 0.0 ], [ 75.774987018923923, 22.370103850349075, 0.0 ], [ 75.772835986305012, 22.369266279755035, 0.0 ], [ 75.772845503383451, 22.370436974894901, 0.0 ], [ 75.769190651876372, 22.371350688346599, 0.0 ], [ 75.770523150228257, 22.372568972186073, 0.0 ], [ 75.769818592988671, 22.374521544066461, 0.0 ], [ 75.766047006252919, 22.375875922314446, 0.0 ], [ 75.765595663944993, 22.380538964348865, 0.0 ], [ 75.763695178552524, 22.380781564155644, 0.0 ], [ 75.761880346141723, 22.385871043833376, 0.0 ], [ 75.762968251495707, 22.387604571610009, 0.0 ], [ 75.76399275635741, 22.386018295437509, 0.0 ], [ 75.768188777881335, 22.387919188281984, 0.0 ], [ 75.769660041310502, 22.386715576001677, 0.0 ], [ 75.770099494093913, 22.388666192312883, 0.0 ], [ 75.777883027289676, 22.389596794553633, 0.0 ] ] ] } },
{ "type": "Feature", "properties": { "Vill_LGD": "476479", "Villl_name": "RAMPURIYA", "Sub_dist": "Dr. Ambedkar Nagar Mhow", "District": "INDORE" }, "geometry": { "type": "Polygon", "coordinates": [ [ [ 75.746304684924098, 22.402566157691492, 0.0 ], [ 75.742906923123073, 22.406550179169361, 0.0 ], [ 75.744617367392394, 22.405424716508687, 0.0 ], [ 75.746247943184514, 22.413442923847771, 0.0 ], [ 75.749863326050175, 22.414811551960195, 0.0 ], [ 75.752802055770587, 22.412195734886261, 0.0 ], [ 75.757905904431979, 22.418047619162028, 0.0 ], [ 75.755426384651784, 22.421569764367099, 0.0 ], [ 75.762159344831773, 22.427466458335221, 0.0 ], [ 75.770899545337443, 22.42204650926973, 0.0 ], [ 75.77529097398309, 22.416910016466826, 0.0 ], [ 75.774862316711037, 22.413590260329343, 0.0 ], [ 75.771587116155516, 22.412338055753558, 0.0 ], [ 75.770216674652318, 22.409457903128398, 0.0 ], [ 75.762104007537076, 22.409703859493252, 0.0 ], [ 75.757859499870534, 22.403735125445191, 0.0 ], [ 75.746304684924098, 22.402566157691492, 0.0 ] ] ] } },
{ "type": "Feature", "properties": { "Vill_LGD": "476476", "Villl_name": "BASIPIPRI", "Sub_dist": "Dr. Ambedkar Nagar Mhow", "District": "INDORE" }, "geometry": { "type": "Polygon", "coordinates": [ [ [ 75.767648760613611, 22.434496575810222, 0.0 ], [ 75.755426384651784, 22.421569764367099, 0.0 ], [ 75.757905904431979, 22.418047619162028, 0.0 ], [ 75.752802055770587, 22.412195734886261, 0.0 ], [ 75.749863326050175, 22.414811551960195, 0.0 ], [ 75.746247943184514, 22.413442923847771, 0.0 ], [ 75.743980184044915, 22.426121983433362, 0.0 ], [ 75.745407860975703, 22.433098563552949, 0.0 ], [ 75.742478743467913, 22.435680278562973, 0.0 ], [ 75.74158644608957, 22.444293926950859, 0.0 ], [ 75.744929588450759, 22.444139263648601, 0.0 ], [ 75.746476239521684, 22.446566312862107, 0.0 ], [ 75.751389825323727, 22.447018410733765, 0.0 ], [ 75.751199468981142, 22.450694677899335, 0.0 ], [ 75.758337851612325, 22.45077795868059, 0.0 ], [ 75.764617147665547, 22.452952450630335, 0.0 ], [ 75.770343967958993, 22.453064401406007, 0.0 ], [ 75.771860406962873, 22.448701957870774, 0.0 ], [ 75.7796412448414, 22.450193879703104, 0.0 ], [ 75.773402298041049, 22.445332640903448, 0.0 ], [ 75.772624213524438, 22.440043100364097, 0.0 ], [ 75.764864792090336, 22.437987244520102, 0.0 ], [ 75.767648760613611, 22.434496575810222, 0.0 ] ] ] } },
{ "type": "Feature", "properties": { "Vill_LGD": "476544", "Villl_name": "BADIYA", "Sub_dist": "Dr. Ambedkar Nagar Mhow", "District": "INDORE" }, "geometry": { "type": "Polygon", "coordinates": [ [ [ 75.7709224367334, 22.469941911421319, 0.0 ], [ 75.773208365405125, 22.468119153532758, 0.0 ], [ 75.772465973194898, 22.465363737859473, 0.0 ], [ 75.775015424143405, 22.463044357852912, 0.0 ], [ 75.772869149518172, 22.458730394455873, 0.0 ], [ 75.768300585026054, 22.458432962237698, 0.0 ], [ 75.76713464854528, 22.461276418006825, 0.0 ], [ 75.76007247841045, 22.460105841882722, 0.0 ], [ 75.762990885304063, 22.464849728793382, 0.0 ], [ 75.7709224367334, 22.469941911421319, 0.0 ] ] ] } },
{ "type": "Feature", "properties": { "Vill_LGD": "476540", "Villl_name": "JHIKADIYA KHEDI", "Sub_dist": "Dr. Ambedkar Nagar Mhow", "District": "INDORE" }, "geometry": { "type": "Polygon", "coordinates": [ [ [ 75.782821960506212, 22.454583931713543, 0.0 ], [ 75.779640045149975, 22.454354413139914, 0.0 ], [ 75.778422130534466, 22.45755706913711, 0.0 ], [ 75.780896601296604, 22.45889031916581, 0.0 ], [ 75.782392269400816, 22.458063542998776, 0.0 ], [ 75.782821960506212, 22.454583931713543, 0.0 ] ] ] } },
{ "type": "Feature", "properties": { "Vill_LGD": "476501", "Villl_name": "BORKHEDI", "Sub_dist": "Dr. Ambedkar Nagar Mhow", "District": "INDORE" }, "geometry": { "type": "Polygon", "coordinates": [ [ [ 75.793461660215399, 22.435167335582726, 0.0 ], [ 75.794746568205113, 22.433339910441532, 0.0 ], [ 75.793542561505788, 22.432373849129057, 0.0 ], [ 75.791995912041941, 22.433630203851511, 0.0 ], [ 75.793461660215399, 22.435167335582726, 0.0 ] ] ] } },
{ "type": "Feature", "properties": { "Vill_LGD": "476522", "Villl_name": "IMALIPURA", "Sub_dist": "Dr. Ambedkar Nagar Mhow", "District": "INDORE" }, "geometry": { "type": "MultiPolygon", "coordinates": [ [ [ [ 75.835019020576027, 22.492677035868294, 0.0 ], [ 75.836281961492062, 22.491690676737985, 0.0 ], [ 75.834571295808146, 22.491976144948772, 0.0 ], [ 75.835019020576027, 22.492677035868294, 0.0 ] ] ], [ [ [ 75.843592322579525, 22.496590648013285, 0.0 ], [ 75.845959430637407, 22.489255551469494, 0.0 ], [ 75.843430022512109, 22.489803474076304, 0.0 ], [ 75.837041176192926, 22.497071237846718, 0.0 ], [ 75.840374101995423, 22.498071861876166, 0.0 ], [ 75.843592322579525, 22.496590648013285, 0.0 ] ] ] ] } },
{ "type": "Feature", "properties": { "Vill_LGD": "476532", "Villl_name": "RAJPURA", "Sub_dist": "Dr. Ambedkar Nagar Mhow", "District": "INDORE" }, "geometry": { "type": "Polygon", "coordinates": [ [ [ 75.933828565197658, 22.454285815567459, 0.0 ], [ 75.932665292116923, 22.451196642509007, 0.0 ], [ 75.91347188512033, 22.447381248667771, 0.0 ], [ 75.912748453594659, 22.444412013310316, 0.0 ], [ 75.910893254097061, 22.443194994250213, 0.0 ], [ 75.908290547657032, 22.444075217221709, 0.0 ], [ 75.901991203453406, 22.435799309572328, 0.0 ], [ 75.899844930099917, 22.435604193615312, 0.0 ], [ 75.901213995698527, 22.439339595502783, 0.0 ], [ 75.895603345729228, 22.438792828019793, 0.0 ], [ 75.901388120259853, 22.442980454000207, 0.0 ], [ 75.900488060201027, 22.445256317518638, 0.0 ], [ 75.895303308933038, 22.446757672976613, 0.0 ], [ 75.896425940241656, 22.4482392436861, 0.0 ], [ 75.899656928176853, 22.446867178443132, 0.0 ], [ 75.90440582553282, 22.447857401695241, 0.0 ], [ 75.906696086819082, 22.450031504515842, 0.0 ], [ 75.917082206301316, 22.449268241640773, 0.0 ], [ 75.930359538439546, 22.45159028253526, 0.0 ], [ 75.933828565197658, 22.454285815567459, 0.0 ] ] ] } },
{ "type": "Feature", "properties": { "Vill_LGD": "476531", "Villl_name": "RATWI", "Sub_dist": "Dr. Ambedkar Nagar Mhow", "District": "INDORE" }, "geometry": { "type": "Polygon", "coordinates": [ [ [ 75.911739855755187, 22.464927243411491, 0.0 ], [ 75.919192327519241, 22.460786981415627, 0.0 ], [ 75.913671977677751, 22.460006518593541, 0.0 ], [ 75.906533595090195, 22.46176731877334, 0.0 ], [ 75.906438416865129, 22.463356799122742, 0.0 ], [ 75.911739855755187, 22.464927243411491, 0.0 ] ] ] } },
{ "type": "Feature", "properties": { "Vill_LGD": "476523", "Villl_name": "UTEDIYA", "Sub_dist": "Dr. Ambedkar Nagar Mhow", "District": "INDORE" }, "geometry": { "type": "Polygon", "coordinates": [ [ [ 75.911739855755187, 22.464927243411491, 0.0 ], [ 75.898353008022468, 22.46299512092757, 0.0 ], [ 75.892042678482554, 22.469134130056798, 0.0 ], [ 75.90523678825565, 22.467768319155319, 0.0 ], [ 75.911739855755187, 22.464927243411491, 0.0 ] ] ] } },
{ "type": "Feature", "properties": { "Vill_LGD": "476530", "Villl_name": "BHANBARDI", "Sub_dist": "Dr. Ambedkar Nagar Mhow", "District": "INDORE" }, "geometry": { "type": "Polygon", "coordinates": [ [ [ 75.889240863321419, 22.471024611954931, 0.0 ], [ 75.895825318825032, 22.464518560606198, 0.0 ], [ 75.889711996068414, 22.468592802966644, 0.0 ], [ 75.886428340188587, 22.467041393622292, 0.0 ], [ 75.879481514035547, 22.468616839235921, 0.0 ], [ 75.875380838078925, 22.471449955571142, 0.0 ], [ 75.875638303877608, 22.47358974968698, 0.0 ], [ 75.889240863321419, 22.471024611954931, 0.0 ] ] ] } },
{ "type": "Feature", "properties": { "Vill_LGD": "476526", "Villl_name": "DHAWADIYA", "Sub_dist": "Dr. Ambedkar Nagar Mhow", "District": "INDORE" }, "geometry": { "type": "Polygon", "coordinates": [ [ [ 75.875380838078925, 22.471449955571142, 0.0 ], [ 75.877044638381079, 22.46900236674648, 0.0 ], [ 75.871946939930126, 22.469987464123385, 0.0 ], [ 75.865769101344057, 22.474393059515574, 0.0 ], [ 75.875380838078925, 22.471449955571142, 0.0 ] ] ] } },
{ "type": "Feature", "properties": { "Vill_LGD": "476528", "Villl_name": "BARKHEDA", "Sub_dist": "Dr. Ambedkar Nagar Mhow", "District": "INDORE" }, "geometry": { "type": "Polygon", "coordinates": [ [ [ 75.864231448377623, 22.475346174700707, 0.0 ], [ 75.863329436614563, 22.478029144191147, 0.0 ], [ 75.875676287486542, 22.474154720015353, 0.0 ], [ 75.874616375248721, 22.472582916743598, 0.0 ], [ 75.864231448377623, 22.475346174700707, 0.0 ] ] ] } },
{ "type": "Feature", "properties": { "Vill_LGD": "476525", "Villl_name": "KALAKUND (GUNJARA)", "Sub_dist": "Dr. Ambedkar Nagar Mhow", "District": "INDORE" }, "geometry": { "type": "Polygon", "coordinates": [ [ [ 75.863329436614563, 22.478029144191147, 0.0 ], [ 75.864075231386693, 22.474989662187593, 0.0 ], [ 75.853245430401614, 22.479949390721263, 0.0 ], [ 75.850089903525856, 22.482614539378527, 0.0 ], [ 75.850340440286786, 22.485706746430754, 0.0 ], [ 75.845854824113843, 22.48947392091646, 0.0 ], [ 75.852944867051846, 22.48779151589574, 0.0 ], [ 75.858240669649845, 22.479321518130952, 0.0 ], [ 75.859394735821112, 22.480970574414865, 0.0 ], [ 75.863329436614563, 22.478029144191147, 0.0 ] ] ] } },
{ "type": "Feature", "properties": { "Vill_LGD": "476521", "Villl_name": "SENDAL", "Sub_dist": "Dr. Ambedkar Nagar Mhow", "District": "INDORE" }, "geometry": { "type": "Polygon", "coordinates": [ [ [ 76.019307186260761, 22.483623538075868, 0.0 ], [ 76.028363708787978, 22.480476436068468, 0.0 ], [ 76.028420816221342, 22.474408809764785, 0.0 ], [ 76.026726639728011, 22.472238742187837, 0.0 ], [ 76.025784374191332, 22.473495097377942, 0.0 ], [ 76.015752565517488, 22.471582010325069, 0.0 ], [ 76.000495461607557, 22.473694972729525, 0.0 ], [ 76.000029087506732, 22.478577625603911, 0.0 ], [ 76.006398904856724, 22.480356273156392, 0.0 ], [ 76.006527395457255, 22.482454958464448, 0.0 ], [ 76.009485066301764, 22.481523399299832, 0.0 ], [ 76.019307186260761, 22.483623538075868, 0.0 ] ] ] } },
{ "type": "Feature", "properties": { "Vill_LGD": "476519", "Villl_name": "MENDAL", "Sub_dist": "Dr. Ambedkar Nagar Mhow", "District": "INDORE" }, "geometry": { "type": "Polygon", "coordinates": [ [ [ 76.023164789740378, 22.501898215437606, 0.0 ], [ 76.026494275791137, 22.496676600220777, 0.0 ], [ 76.024089098300124, 22.497001815207398, 0.0 ], [ 76.024676010909388, 22.495392781032596, 0.0 ], [ 76.019275653560413, 22.497356310756814, 0.0 ], [ 76.019045819281985, 22.499703118288025, 0.0 ], [ 76.021372241485622, 22.501330093388475, 0.0 ], [ 76.023164789740378, 22.501898215437606, 0.0 ] ] ] } },
{ "type": "Feature", "properties": { "Vill_LGD": "476515", "Villl_name": "GAJINDA", "Sub_dist": "Dr. Ambedkar Nagar Mhow", "District": "INDORE" }, "geometry": { "type": "Polygon", "coordinates": [ [ [ 75.963288048124127, 22.473504039785464, 0.0 ], [ 75.966847722237361, 22.474998341675452, 0.0 ], [ 75.970826180970278, 22.474046557223403, 0.0 ], [ 75.974557176043547, 22.476235661274913, 0.0 ], [ 75.975242460566861, 22.479043424783455, 0.0 ], [ 75.971682787013009, 22.479509799541344, 0.0 ], [ 75.970136909741171, 22.484646164660273, 0.0 ], [ 75.976768467349444, 22.487687115126644, 0.0 ], [ 75.983906850323947, 22.486552111602471, 0.0 ], [ 75.986119750382187, 22.477293629351554, 0.0 ], [ 75.984849118379586, 22.477186553622012, 0.0 ], [ 75.983157321149093, 22.471739966734081, 0.0 ], [ 75.979209795003115, 22.471133205117791, 0.0 ], [ 75.978267528566292, 22.468399203433329, 0.0 ], [ 75.967390557989702, 22.467055068990121, 0.0 ], [ 75.965180845529346, 22.469858136837455, 0.0 ], [ 75.963061168580339, 22.469862665405444, 0.0 ], [ 75.963288048124127, 22.473504039785464, 0.0 ] ] ] } },
{ "type": "Feature", "properties": { "Vill_LGD": "476517", "Villl_name": "BAI", "Sub_dist": "Dr. Ambedkar Nagar Mhow", "District": "INDORE" }, "geometry": { "type": "Polygon", "coordinates": [ [ [ 75.963372369901734, 22.475353179384271, 0.0 ], [ 75.962938508132936, 22.471550653786629, 0.0 ], [ 75.950116392811253, 22.46717973012159, 0.0 ], [ 75.940572375158155, 22.467558064244507, 0.0 ], [ 75.939156571646009, 22.46961503229354, 0.0 ], [ 75.944616501034673, 22.469865840993958, 0.0 ], [ 75.949281201788367, 22.471991000053848, 0.0 ], [ 75.947739311941262, 22.477915857844952, 0.0 ], [ 75.956053181836538, 22.473515381196602, 0.0 ], [ 75.959617581045791, 22.475524499771321, 0.0 ], [ 75.963372369901734, 22.475353179384271, 0.0 ] ] ] } },
{ "type": "Feature", "properties": { "Vill_LGD": "476518", "Villl_name": "BHERUGHAT", "Sub_dist": "Dr. Ambedkar Nagar Mhow", "District": "INDORE" }, "geometry": { "type": "Polygon", "coordinates": [ [ [ 75.933288051205579, 22.493643599897226, 0.0 ], [ 75.935518796538744, 22.490989311426599, 0.0 ], [ 75.941797003754729, 22.488561070701202, 0.0 ], [ 75.940873773536438, 22.486410038063841, 0.0 ], [ 75.93907490120597, 22.485677164437352, 0.0 ], [ 75.935172585004452, 22.487923374904216, 0.0 ], [ 75.931803268464023, 22.493377100574929, 0.0 ], [ 75.933288051205579, 22.493643599897226, 0.0 ] ] ] } },
{ "type": "Feature", "properties": { "Vill_LGD": "476516", "Villl_name": "CHORAL", "Sub_dist": "Dr. Ambedkar Nagar Mhow", "District": "INDORE" }, "geometry": { "type": "Polygon", "coordinates": [ [ [ 75.933828565197658, 22.454285815567459, 0.0 ], [ 75.930037043224843, 22.458219517472806, 0.0 ], [ 75.932692996779025, 22.460088286296962, 0.0 ], [ 75.944392805555722, 22.451971943994987, 0.0 ], [ 75.947590802237684, 22.452295551505824, 0.0 ], [ 75.95975460563551, 22.441235816080649, 0.0 ], [ 75.966645524989389, 22.440512459919844, 0.0 ], [ 75.976280739357733, 22.441996232062046, 0.0 ], [ 75.97702405167658, 22.439246255988138, 0.0 ], [ 75.971454960394453, 22.438668186745847, 0.0 ], [ 75.970182901637145, 22.434482284214134, 0.0 ], [ 75.96656819325311, 22.43348502033793, 0.0 ], [ 75.957050349216885, 22.437891780730304, 0.0 ], [ 75.953300317820734, 22.43530292767721, 0.0 ], [ 75.951320606806959, 22.437948887494329, 0.0 ], [ 75.942754546342272, 22.439091030740617, 0.0 ], [ 75.941452981826615, 22.440739995573967, 0.0 ], [ 75.94367758882612, 22.444955853807947, 0.0 ], [ 75.938350186228504, 22.449837969736269, 0.0 ], [ 75.939903640981953, 22.451925260657095, 0.0 ], [ 75.933828565197658, 22.454285815567459, 0.0 ] ] ] } },
{ "type": "Feature", "properties": { "Vill_LGD": "476534", "Villl_name": "SADALPURA", "Sub_dist": "Dr. Ambedkar Nagar Mhow", "District": "INDORE" }, "geometry": { "type": "Polygon", "coordinates": [ [ [ 75.939505451999338, 22.469882967514586, 0.0 ], [ 75.937717480550361, 22.46463208532591, 0.0 ], [ 75.930037043224843, 22.458219517472806, 0.0 ], [ 75.926422406599883, 22.460530468916389, 0.0 ], [ 75.923680836683303, 22.458367921633233, 0.0 ], [ 75.915728910798379, 22.463255840262821, 0.0 ], [ 75.932484615676202, 22.465867918943044, 0.0 ], [ 75.936723692918591, 22.469591356245996, 0.0 ], [ 75.939505451999338, 22.469882967514586, 0.0 ] ] ] } },
{ "type": "Feature", "properties": { "Vill_LGD": "476527", "Villl_name": "NAWADIYA", "Sub_dist": "Dr. Ambedkar Nagar Mhow", "District": "INDORE" }, "geometry": { "type": "Polygon", "coordinates": [ [ [ 75.864839825289664, 22.461843283312852, 0.0 ], [ 75.869134905502605, 22.461808159579654, 0.0 ], [ 75.869993736912136, 22.459873090116364, 0.0 ], [ 75.864606538003187, 22.459854615281763, 0.0 ], [ 75.864839825289664, 22.461843283312852, 0.0 ] ] ] } },
{ "type": "Feature", "properties": { "Vill_LGD": "476513", "Villl_name": "SHIVNAGAR", "Sub_dist": "Dr. Ambedkar Nagar Mhow", "District": "INDORE" }, "geometry": { "type": "Polygon", "coordinates": [ [ [ 75.913588169904941, 22.608625110833454, 0.0 ], [ 75.920492739187694, 22.606163463272846, 0.0 ], [ 75.918247564224117, 22.601834801742097, 0.0 ], [ 75.919939361819246, 22.598936618687095, 0.0 ], [ 75.924572172257356, 22.600257220699714, 0.0 ], [ 75.928155639884849, 22.594327603177486, 0.0 ], [ 75.930116316479641, 22.596668992177339, 0.0 ], [ 75.940967437997642, 22.598867337815044, 0.0 ], [ 75.938618711143732, 22.593999852297696, 0.0 ], [ 75.938654936897876, 22.589263984517448, 0.0 ], [ 75.934993794828699, 22.59132858349599, 0.0 ], [ 75.93204326262105, 22.590914556814727, 0.0 ], [ 75.930796424832991, 22.588406604322191, 0.0 ], [ 75.925775762307268, 22.589425015027889, 0.0 ], [ 75.917351267701051, 22.580833286606911, 0.0 ], [ 75.913991469592474, 22.582884383451926, 0.0 ], [ 75.9126446945927, 22.587686135738458, 0.0 ], [ 75.909468521055345, 22.587973343103553, 0.0 ], [ 75.90941289646139, 22.589042906550461, 0.0 ], [ 75.91343943505484, 22.58826493890481, 0.0 ], [ 75.916746421798635, 22.591068033583852, 0.0 ], [ 75.911202278246748, 22.593509359795906, 0.0 ], [ 75.911444983619532, 22.596964337194958, 0.0 ], [ 75.909474789016443, 22.599419940805884, 0.0 ], [ 75.910317117832747, 22.601499589276671, 0.0 ], [ 75.906124507236257, 22.604659514609239, 0.0 ], [ 75.903645110123364, 22.604483434572447, 0.0 ], [ 75.9025461163031, 22.601331617984879, 0.0 ], [ 75.900280868625273, 22.601664742124381, 0.0 ], [ 75.900023887233274, 22.59984207540737, 0.0 ], [ 75.90596302167117, 22.592051719647831, 0.0 ], [ 75.899281370283745, 22.590465172210646, 0.0 ], [ 75.894758304676685, 22.599439201595203, 0.0 ], [ 75.900022862481833, 22.605013089380229, 0.0 ], [ 75.901441021265256, 22.608991547648365, 0.0 ], [ 75.904524802705694, 22.607687603031017, 0.0 ], [ 75.913588169904941, 22.608625110833454, 0.0 ] ] ] } },
{ "type": "Feature", "properties": { "Vill_LGD": "476505", "Villl_name": "KHARDA KHEDA", "Sub_dist": "Dr. Ambedkar Nagar Mhow", "District": "INDORE" }, "geometry": { "type": "Polygon", "coordinates": [ [ [ 75.942964011736521, 22.600803484887052, 0.0 ], [ 75.939672230451777, 22.597982455134794, 0.0 ], [ 75.930116316479641, 22.596668992177339, 0.0 ], [ 75.928993209269393, 22.594194352742818, 0.0 ], [ 75.926918319898789, 22.594860601521496, 0.0 ], [ 75.927291895853941, 22.597444696855803, 0.0 ], [ 75.924572172257356, 22.600257220699714, 0.0 ], [ 75.919939361819246, 22.598936618687095, 0.0 ], [ 75.918247564224117, 22.601834801742097, 0.0 ], [ 75.920492739187694, 22.606163463272846, 0.0 ], [ 75.938746512298536, 22.607333479421261, 0.0 ], [ 75.942964011736521, 22.600803484887052, 0.0 ] ] ] } },
{ "type": "Feature", "properties": { "Vill_LGD": "476475", "Villl_name": "TELANBARDI", "Sub_dist": "Dr. Ambedkar Nagar Mhow", "District": "INDORE" }, "geometry": { "type": "Polygon", "coordinates": [ [ [ 75.725865932276264, 22.428256492173229, 0.0 ], [ 75.72247974865553, 22.428660752881843, 0.0 ], [ 75.722831571626529, 22.431716003373737, 0.0 ], [ 75.720022895038866, 22.431477896173433, 0.0 ], [ 75.71945450157601, 22.429004575162153, 0.0 ], [ 75.71430478139699, 22.427307855194485, 0.0 ], [ 75.715067958000205, 22.420062478048134, 0.0 ], [ 75.713841697119506, 22.419380382087926, 0.0 ], [ 75.70895142974156, 22.421997896853714, 0.0 ], [ 75.705323854302492, 22.421681777640195, 0.0 ], [ 75.704368159700266, 22.423280019019124, 0.0 ], [ 75.708515242103061, 22.425719909344714, 0.0 ], [ 75.713962550368834, 22.432515350118443, 0.0 ], [ 75.71265732115971, 22.435446660136414, 0.0 ], [ 75.72574849085008, 22.433106938421744, 0.0 ], [ 75.725865932276264, 22.428256492173229, 0.0 ] ] ] } },
{ "type": "Feature", "properties": { "Vill_LGD": "476481", "Villl_name": "KEKARIYA DABRI", "Sub_dist": "Dr. Ambedkar Nagar Mhow", "District": "INDORE" }, "geometry": { "type": "MultiPolygon", "coordinates": [ [ [ [ 75.806386794698369, 22.492030033053741, 0.0 ], [ 75.807221799852229, 22.492175739633065, 0.0 ], [ 75.806773914548742, 22.491723542660612, 0.0 ], [ 75.806386794698369, 22.492030033053741, 0.0 ] ] ], [ [ [ 75.814340778350797, 22.49532044625261, 0.0 ], [ 75.809437754634445, 22.492854828644091, 0.0 ], [ 75.808815351922917, 22.493341133898252, 0.0 ], [ 75.811645256998716, 22.495892285938975, 0.0 ], [ 75.814340778350797, 22.49532044625261, 0.0 ] ] ] ] } },
{ "type": "Feature", "properties": { "Vill_LGD": "476488", "Villl_name": "BADARKHA", "Sub_dist": "Dr. Ambedkar Nagar Mhow", "District": "INDORE" }, "geometry": { "type": "Polygon", "coordinates": [ [ [ 75.720522087724717, 22.481979074085761, 0.0 ], [ 75.720383951808472, 22.476235238286321, 0.0 ], [ 75.711039549025372, 22.479527384807888, 0.0 ], [ 75.685673975790948, 22.482969667523768, 0.0 ], [ 75.686330089076705, 22.484517829008063, 0.0 ], [ 75.720522087724717, 22.481979074085761, 0.0 ] ] ] } },
{ "type": "Feature", "properties": { "Vill_LGD": "476507", "Villl_name": "GOSI KHEDA", "Sub_dist": "Dr. Ambedkar Nagar Mhow", "District": "INDORE" }, "geometry": { "type": "Polygon", "coordinates": [ [ [ 75.948258097943381, 22.572303057272524, 0.0 ], [ 75.951254434119775, 22.566111699600839, 0.0 ], [ 75.948827384126204, 22.564936246574344, 0.0 ], [ 75.947956501145654, 22.559753779659964, 0.0 ], [ 75.940304154407585, 22.555637312822444, 0.0 ], [ 75.939072824383842, 22.552251656174459, 0.0 ], [ 75.94403671872935, 22.545239105671957, 0.0 ], [ 75.95272541039391, 22.548190371850922, 0.0 ], [ 75.955512240709581, 22.546260854764686, 0.0 ], [ 75.958530098995624, 22.540227132193863, 0.0 ], [ 75.953817547112067, 22.53849641969375, 0.0 ], [ 75.954074528535529, 22.535802869572304, 0.0 ], [ 75.946349675817004, 22.537719514889005, 0.0 ], [ 75.942974938042681, 22.545017563852941, 0.0 ], [ 75.931175947415809, 22.556407067538387, 0.0 ], [ 75.917020534833043, 22.558863862326636, 0.0 ], [ 75.92432072026287, 22.566601868559996, 0.0 ], [ 75.931735121471405, 22.564802995677798, 0.0 ], [ 75.937769433672088, 22.565545387252232, 0.0 ], [ 75.944717460278028, 22.571808129600075, 0.0 ], [ 75.948258097943381, 22.572303057272524, 0.0 ] ] ] } },
{ "type": "Feature", "properties": { "Vill_LGD": "476539", "Villl_name": "JAM KHURD", "Sub_dist": "Dr. Ambedkar Nagar Mhow", "District": "INDORE" }, "geometry": { "type": "Polygon", "coordinates": [ [ [ 75.737122162570955, 22.37593119414144, 0.0 ], [ 75.74492553828982, 22.374887793624897, 0.0 ], [ 75.745258583199799, 22.367487478093029, 0.0 ], [ 75.749196591705257, 22.364269257596447, 0.0 ], [ 75.749548190773751, 22.360323539194841, 0.0 ], [ 75.748290650135843, 22.35897878483263, 0.0 ], [ 75.740662686087958, 22.357892976532003, 0.0 ], [ 75.736171777771503, 22.361497185042541, 0.0 ], [ 75.737861195763671, 22.37037733330968, 0.0 ], [ 75.737122162570955, 22.37593119414144, 0.0 ] ] ] } },
{ "type": "Feature", "properties": { "Vill_LGD": "NA", "Villl_name": "RF", "Sub_dist": "Dr. Ambedkar Nagar Mhow", "District": "INDORE" }, "geometry": { "type": "Polygon", "coordinates": [ [ [ 75.983433145076376, 22.552458072527926, 0.0 ], [ 75.996309469533358, 22.543680929331302, 0.0 ], [ 76.029420528237665, 22.530795605207089, 0.0 ], [ 76.026988841705261, 22.526995506063273, 0.0 ], [ 76.030039673402698, 22.512914042102935, 0.0 ], [ 76.02929728079161, 22.507645914346469, 0.0 ], [ 76.025333919742906, 22.499752902885238, 0.0 ], [ 76.023164789740378, 22.501898215437606, 0.0 ], [ 76.021372241485622, 22.501330093388475, 0.0 ], [ 76.019045819281985, 22.499703118288025, 0.0 ], [ 76.019209659518978, 22.497544866803686, 0.0 ], [ 76.021539526479842, 22.497457169348237, 0.0 ], [ 76.022123622961985, 22.495437894329054, 0.0 ], [ 76.03366646950461, 22.486341748620536, 0.0 ], [ 76.03410069799142, 22.481923837641588, 0.0 ], [ 76.038834539693227, 22.483418674135791, 0.0 ], [ 76.040025578277607, 22.481529288521561, 0.0 ], [ 76.04824050713556, 22.480129154974748, 0.0 ], [ 76.050950689414989, 22.478238423233019, 0.0 ], [ 76.050238490170955, 22.471347001428153, 0.0 ], [ 76.05300855460996, 22.466178130302641, 0.0 ], [ 76.055725898173563, 22.464345944693662, 0.0 ], [ 76.053667040312618, 22.453873774063592, 0.0 ], [ 76.046544104031369, 22.455846767308589, 0.0 ], [ 76.037904877136086, 22.451972550632458, 0.0 ], [ 76.034574124296284, 22.45200001926889, 0.0 ], [ 76.031517243990891, 22.448742889925363, 0.0 ], [ 76.030930067135756, 22.44497807027647, 0.0 ], [ 76.032433395412667, 22.436018118086938, 0.0 ], [ 76.01846971502539, 22.441641198941237, 0.0 ], [ 76.012817730232769, 22.442146116955616, 0.0 ], [ 76.008419400252251, 22.43611435542017, 0.0 ], [ 76.008714471616159, 22.43093116588572, 0.0 ], [ 76.007920859374408, 22.432914196908797, 0.0 ], [ 76.005264654202975, 22.433720589619909, 0.0 ], [ 76.006274636266923, 22.431955187475484, 0.0 ], [ 76.004399972450926, 22.430693494470948, 0.0 ], [ 76.008452252427887, 22.43037377237259, 0.0 ], [ 76.005277992325787, 22.428309275385995, 0.0 ], [ 76.005592081637047, 22.426967259218955, 0.0 ], [ 76.007528517929401, 22.427080491768752, 0.0 ], [ 76.007659350648211, 22.422077598716257, 0.0 ], [ 76.003643173469968, 22.419079833941396, 0.0 ], [ 76.000817201436774, 22.418658280562372, 0.0 ], [ 75.996796402600594, 22.428968957104743, 0.0 ], [ 75.992851257174053, 22.432314479758357, 0.0 ], [ 75.997235832251647, 22.431180076534986, 0.0 ], [ 75.995503085965467, 22.435649435768966, 0.0 ], [ 75.997225815204331, 22.440160893815595, 0.0 ], [ 75.995103337317758, 22.442921068629094, 0.0 ], [ 75.99070609291087, 22.440931839254663, 0.0 ], [ 75.985404653851191, 22.44191217630485, 0.0 ], [ 75.983407607401844, 22.439731301420881, 0.0 ], [ 75.98549069644055, 22.436468584494005, 0.0 ], [ 75.981901230720808, 22.432079924962167, 0.0 ], [ 75.975591454417966, 22.432065491973511, 0.0 ], [ 75.9702227426273, 22.43411949837801, 0.0 ], [ 75.968276426103373, 22.428264738780349, 0.0 ], [ 75.960082942703878, 22.430793269402528, 0.0 ], [ 75.937229759179232, 22.424482050814103, 0.0 ], [ 75.936484677346982, 22.426624701582789, 0.0 ], [ 75.932208786280825, 22.42693879129455, 0.0 ], [ 75.927561697562766, 22.425975108911238, 0.0 ], [ 75.926540909957112, 22.424047745529982, 0.0 ], [ 75.914105846188122, 22.422405918520536, 0.0 ], [ 75.912306974686388, 22.421470789215086, 0.0 ], [ 75.912359260699446, 22.419799147760308, 0.0 ], [ 75.913784038186037, 22.420181088476049, 0.0 ], [ 75.912274497052152, 22.414059117908412, 0.0 ], [ 75.908410901061416, 22.409995713443717, 0.0 ], [ 75.905073114451469, 22.41298689515714, 0.0 ], [ 75.908410705522556, 22.413208580311714, 0.0 ], [ 75.906150218684687, 22.417360740245798, 0.0 ], [ 75.907018720999147, 22.420549217416173, 0.0 ], [ 75.896783603796351, 22.41766839028147, 0.0 ], [ 75.899532413464627, 22.411012970658049, 0.0 ], [ 75.89631599659424, 22.410997188522238, 0.0 ], [ 75.896953600551157, 22.408425864123608, 0.0 ], [ 75.893384410667423, 22.408057047673939, 0.0 ], [ 75.892706262679084, 22.414874204071822, 0.0 ], [ 75.890981153881285, 22.417253664736112, 0.0 ], [ 75.886293615215877, 22.416194805047052, 0.0 ], [ 75.884806453118514, 22.418050783698185, 0.0 ], [ 75.879226617596643, 22.417872325095811, 0.0 ], [ 75.873218477761185, 22.41514784153658, 0.0 ], [ 75.872468946338344, 22.412375769341246, 0.0 ], [ 75.885439389090095, 22.414084222676873, 0.0 ], [ 75.890445774434099, 22.406860179411289, 0.0 ], [ 75.889390574151676, 22.404011471185836, 0.0 ], [ 75.885327211288882, 22.400706708806549, 0.0 ], [ 75.892924302795009, 22.391547349445116, 0.0 ], [ 75.894896201764737, 22.399027989092328, 0.0 ], [ 75.899371450965745, 22.39663632290851, 0.0 ], [ 75.900271362769288, 22.400217516213754, 0.0 ], [ 75.902355770487546, 22.399846320893563, 0.0 ], [ 75.903602608002245, 22.39835677891266, 0.0 ], [ 75.902569922151443, 22.39481614038484, 0.0 ], [ 75.907000478958622, 22.395577568131642, 0.0 ], [ 75.908865975504398, 22.398118832258614, 0.0 ], [ 75.908651825143579, 22.40293605218384, 0.0 ], [ 75.905529972568587, 22.405101361598266, 0.0 ], [ 75.908564303165249, 22.406164675125435, 0.0 ], [ 75.910931116295401, 22.4022431242918, 0.0 ], [ 75.908995131917834, 22.388539539784485, 0.0 ], [ 75.903006339658077, 22.38698783179597, 0.0 ], [ 75.899351487895345, 22.390509433665581, 0.0 ], [ 75.893480989876096, 22.391524045038341, 0.0 ], [ 75.886665868686507, 22.390059696745869, 0.0 ], [ 75.88073092622399, 22.384041796655378, 0.0 ], [ 75.878002451031008, 22.384437944134351, 0.0 ], [ 75.873591705656935, 22.381650774034512, 0.0 ], [ 75.864230125153981, 22.380045596577776, 0.0 ], [ 75.858639922002396, 22.380367066333012, 0.0 ], [ 75.855479677988527, 22.38365871237383, 0.0 ], [ 75.84879860143991, 22.383922203661673, 0.0 ], [ 75.84903822763826, 22.39171940452195, 0.0 ], [ 75.837463974455318, 22.400218353433385, 0.0 ], [ 75.833660961193686, 22.408720652166675, 0.0 ], [ 75.841278314438682, 22.42123915371171, 0.0 ], [ 75.842519511317477, 22.432307732669972, 0.0 ], [ 75.846339932338992, 22.43416030144067, 0.0 ], [ 75.860668268958591, 22.432297468863027, 0.0 ], [ 75.872315787523704, 22.436512832016842, 0.0 ], [ 75.899347623628785, 22.43970400462381, 0.0 ], [ 75.901412755869345, 22.439065063307577, 0.0 ], [ 75.899844930099917, 22.435604193615312, 0.0 ], [ 75.901991203453406, 22.435799309572328, 0.0 ], [ 75.908290547657032, 22.444075217221709, 0.0 ], [ 75.910893254097061, 22.443194994250213, 0.0 ], [ 75.912748453594659, 22.444412013310316, 0.0 ], [ 75.91347188512033, 22.447381248667771, 0.0 ], [ 75.932665292116923, 22.451196642509007, 0.0 ], [ 75.933828565197658, 22.454285815567459, 0.0 ], [ 75.939903640981953, 22.451925260657095, 0.0 ], [ 75.938350186228504, 22.449837969736269, 0.0 ], [ 75.94367758882612, 22.444955853807947, 0.0 ], [ 75.941452981826615, 22.440739995573967, 0.0 ], [ 75.942754546342272, 22.439091030740617, 0.0 ], [ 75.951320606806959, 22.437948887494329, 0.0 ], [ 75.953471638460712, 22.435255339531885, 0.0 ], [ 75.956641081764175, 22.437910816911145, 0.0 ], [ 75.96656819325311, 22.43348502033793, 0.0 ], [ 75.970182901637145, 22.434482284214134, 0.0 ], [ 75.971454960394453, 22.438668186745847, 0.0 ], [ 75.97702405167658, 22.439246255988138, 0.0 ], [ 75.976280739357733, 22.441996232062046, 0.0 ], [ 75.966645524989389, 22.440512459919844, 0.0 ], [ 75.95975460563551, 22.441235816080649, 0.0 ], [ 75.947590802237684, 22.452295551505824, 0.0 ], [ 75.944392805555722, 22.451971943994987, 0.0 ], [ 75.932692996779025, 22.460088286296962, 0.0 ], [ 75.937787709586303, 22.464732143973002, 0.0 ], [ 75.939156571646009, 22.46961503229354, 0.0 ], [ 75.940572375158155, 22.467558064244507, 0.0 ], [ 75.950116392811253, 22.46717973012159, 0.0 ], [ 75.962938508132936, 22.471550653786629, 0.0 ], [ 75.963288048124127, 22.473504039785464, 0.0 ], [ 75.963061168580339, 22.469862665405444, 0.0 ], [ 75.965180845529346, 22.469858136837455, 0.0 ], [ 75.967390557989702, 22.467055068990121, 0.0 ], [ 75.976618561965054, 22.467492628933218, 0.0 ], [ 75.979209795003115, 22.471133205117791, 0.0 ], [ 75.983157321149093, 22.471739966734081, 0.0 ], [ 75.984849118379586, 22.477186553622012, 0.0 ], [ 75.986119750382187, 22.477293629351554, 0.0 ], [ 75.983906850323947, 22.486552111602471, 0.0 ], [ 75.976768467349444, 22.487687115126644, 0.0 ], [ 75.970136909741171, 22.484646164660273, 0.0 ], [ 75.971682787013009, 22.479509799541344, 0.0 ], [ 75.975242460566861, 22.479043424783455, 0.0 ], [ 75.974433444445836, 22.476083376032189, 0.0 ], [ 75.971225929748684, 22.474170289466038, 0.0 ], [ 75.966847722237361, 22.474998341675452, 0.0 ], [ 75.964144654384597, 22.473761021790075, 0.0 ], [ 75.963372369901734, 22.475353179384271, 0.0 ], [ 75.959617581045791, 22.475524499771321, 0.0 ], [ 75.956053181836538, 22.473515381196602, 0.0 ], [ 75.947739311941262, 22.477915857844952, 0.0 ], [ 75.94747519103791, 22.475631576246823, 0.0 ], [ 75.949880826792409, 22.473283047702825, 0.0 ], [ 75.947025473064599, 22.470656122880673, 0.0 ], [ 75.937774173982689, 22.470072210504714, 0.0 ], [ 75.932484615676202, 22.465867918943044, 0.0 ], [ 75.915728910798379, 22.463255840262821, 0.0 ], [ 75.90523678825565, 22.467768319155319, 0.0 ], [ 75.892042678482554, 22.469134130056798, 0.0 ], [ 75.884496216839707, 22.472247654890708, 0.0 ], [ 75.878166850954301, 22.472485600622846, 0.0 ], [ 75.876548817583725, 22.474255920195947, 0.0 ], [ 75.875380838078925, 22.471449955571142, 0.0 ], [ 75.865852127117165, 22.474622486414219, 0.0 ], [ 75.874595279906529, 22.469245072815053, 0.0 ], [ 75.874075254699747, 22.46122870785122, 0.0 ], [ 75.870433564462857, 22.456715443264358, 0.0 ], [ 75.86294954185631, 22.456820316946001, 0.0 ], [ 75.859954418273006, 22.459406612700683, 0.0 ], [ 75.861310775507292, 22.467345675006154, 0.0 ], [ 75.860339736534328, 22.476306576127385, 0.0 ], [ 75.874616375248721, 22.472582916743598, 0.0 ], [ 75.875676287486542, 22.474154720015353, 0.0 ], [ 75.863159885239909, 22.478045468455097, 0.0 ], [ 75.859394735821112, 22.480970574414865, 0.0 ], [ 75.858240669649845, 22.479321518130952, 0.0 ], [ 75.85313899441843, 22.487648172927631, 0.0 ], [ 75.846094367221468, 22.490015271990959, 0.0 ], [ 75.876074732604849, 22.48471811951396, 0.0 ], [ 75.87848344857143, 22.481591169103574, 0.0 ], [ 75.883138281200388, 22.483193041327656, 0.0 ], [ 75.887190870381716, 22.480510545585364, 0.0 ], [ 75.889432322087046, 22.482161891376609, 0.0 ], [ 75.893753423276337, 22.480819876428345, 0.0 ], [ 75.897689052599205, 22.477260202428091, 0.0 ], [ 75.898946431852906, 22.478447011123876, 0.0 ], [ 75.894909841385257, 22.483941729187404, 0.0 ], [ 75.889280035602908, 22.485569279650971, 0.0 ], [ 75.882287156311946, 22.492038062753775, 0.0 ], [ 75.879371132553914, 22.491524292855228, 0.0 ], [ 75.873885324838611, 22.494464629140193, 0.0 ], [ 75.873143190627189, 22.499841043748106, 0.0 ], [ 75.869350265295168, 22.501749796677512, 0.0 ], [ 75.869201011423144, 22.503105529985298, 0.0 ], [ 75.872577467085563, 22.503548109448595, 0.0 ], [ 75.870985606602346, 22.505803838892547, 0.0 ], [ 75.870960539415293, 22.524441336778214, 0.0 ], [ 75.874190791512547, 22.526283335403534, 0.0 ], [ 75.884315524030484, 22.524211039842918, 0.0 ], [ 75.890037462283317, 22.518397639281567, 0.0 ], [ 75.889678704477987, 22.513571046814857, 0.0 ], [ 75.888231552399787, 22.512795469980876, 0.0 ], [ 75.890290847901738, 22.510825818182528, 0.0 ], [ 75.894916331991823, 22.510848173972693, 0.0 ], [ 75.901213448487496, 22.507503660922822, 0.0 ], [ 75.907932688000969, 22.511898447447141, 0.0 ], [ 75.920020350183819, 22.512193500710563, 0.0 ], [ 75.926264056203266, 22.515372459960378, 0.0 ], [ 75.924084468583686, 22.520369327619772, 0.0 ], [ 75.936251002549653, 22.52404244226652, 0.0 ], [ 75.939630162176272, 22.528365687888726, 0.0 ], [ 75.941606224113102, 22.527332678574556, 0.0 ], [ 75.945939573883408, 22.529856970727202, 0.0 ], [ 75.945139540352898, 22.532339798480528, 0.0 ], [ 75.940937061916543, 22.535649622288719, 0.0 ], [ 75.942076740974684, 22.536544365441539, 0.0 ], [ 75.946303923230758, 22.53492860548312, 0.0 ], [ 75.946349675817004, 22.537719514889005, 0.0 ], [ 75.954074528535529, 22.535802869572304, 0.0 ], [ 75.953817547112067, 22.53849641969375, 0.0 ], [ 75.955647517762131, 22.538659265679374, 0.0 ], [ 75.956958037445489, 22.533718709117061, 0.0 ], [ 75.97459566805199, 22.528381282642258, 0.0 ], [ 75.983919807624218, 22.534286669177714, 0.0 ], [ 75.984581593499968, 22.543783009092696, 0.0 ], [ 75.981817968488599, 22.544741984211942, 0.0 ], [ 75.981906921384962, 22.549696912705336, 0.0 ], [ 75.98025893547603, 22.552471092278189, 0.0 ], [ 75.983433145076376, 22.552458072527926, 0.0 ] ], [ [ 75.933288051205579, 22.493643599897226, 0.0 ], [ 75.931803268464023, 22.493377100574929, 0.0 ], [ 75.935172585004452, 22.487923374904216, 0.0 ], [ 75.93907490120597, 22.485677164437352, 0.0 ], [ 75.940873773536438, 22.486410038063841, 0.0 ], [ 75.941797003754729, 22.488561070701202, 0.0 ], [ 75.935518796538744, 22.490989311426599, 0.0 ], [ 75.933288051205579, 22.493643599897226, 0.0 ] ], [ [ 75.866855411083662, 22.462730293460112, 0.0 ], [ 75.864839825289664, 22.461843283312852, 0.0 ], [ 75.864606538003187, 22.459854615281763, 0.0 ], [ 75.869993736912136, 22.459873090116364, 0.0 ], [ 75.866855411083662, 22.462730293460112, 0.0 ] ], [ [ 76.019307186260761, 22.483623538075868, 0.0 ], [ 76.009485066301764, 22.481523399299832, 0.0 ], [ 76.006527395457255, 22.482454958464448, 0.0 ], [ 76.006398904856724, 22.480356273156392, 0.0 ], [ 76.000029087506732, 22.478577625603911, 0.0 ], [ 76.000495461607557, 22.473694972729525, 0.0 ], [ 76.015752565517488, 22.471582010325069, 0.0 ], [ 76.025784374191332, 22.473495097377942, 0.0 ], [ 76.026726639728011, 22.472238742187837, 0.0 ], [ 76.028420816221342, 22.474408809764785, 0.0 ], [ 76.028363708787978, 22.480476436068468, 0.0 ], [ 76.019307186260761, 22.483623538075868, 0.0 ] ], [ [ 75.888739155566313, 22.433690881726175, 0.0 ], [ 75.884270528787013, 22.433990695627894, 0.0 ], [ 75.884149176107343, 22.43104968078017, 0.0 ], [ 75.876296954697523, 22.43286996882248, 0.0 ], [ 75.876775226574708, 22.430150244930903, 0.0 ], [ 75.881665018725471, 22.425845799644197, 0.0 ], [ 75.87798875194737, 22.424660828346564, 0.0 ], [ 75.873434463648962, 22.427994453141089, 0.0 ], [ 75.870115115429471, 22.427865962121103, 0.0 ], [ 75.870288815827593, 22.433400587756129, 0.0 ], [ 75.867583369229166, 22.431682617318756, 0.0 ], [ 75.86863984929991, 22.429579173307385, 0.0 ], [ 75.867209793407, 22.424439538119525, 0.0 ], [ 75.875147675299232, 22.422697772689293, 0.0 ], [ 75.883735149948279, 22.423354504578949, 0.0 ], [ 75.881679295810386, 22.428644045990691, 0.0 ], [ 75.888840259355774, 22.429537861979966, 0.0 ], [ 75.887361448414723, 22.432919937867336, 0.0 ], [ 75.888739155566313, 22.433690881726175, 0.0 ] ], [ [ 75.866277044384546, 22.416029729778504, 0.0 ], [ 75.863998710725028, 22.42334657217549, 0.0 ], [ 75.860667465923896, 22.424661224427421, 0.0 ], [ 75.864159323971577, 22.416957720242895, 0.0 ], [ 75.861470533475142, 22.415863167452599, 0.0 ], [ 75.86180035399309, 22.411793775463366, 0.0 ], [ 75.871047864095033, 22.406267990654133, 0.0 ], [ 75.871208476503284, 22.408391660060619, 0.0 ], [ 75.864173964927602, 22.413821038551283, 0.0 ], [ 75.869482442338395, 22.416603527566846, 0.0 ], [ 75.867758535101373, 22.418080981679321, 0.0 ], [ 75.866277044384546, 22.416029729778504, 0.0 ] ], [ [ 75.85036216827919, 22.430063097241408, 0.0 ], [ 75.8476281679024, 22.431383698392281, 0.0 ], [ 75.847642444104366, 22.430034542211761, 0.0 ], [ 75.844358788187392, 22.428625901946099, 0.0 ], [ 75.848522845536053, 22.425360092013186, 0.0 ], [ 75.844775193472685, 22.418727345053959, 0.0 ], [ 75.85211583105378, 22.419036674413007, 0.0 ], [ 75.858129918656275, 22.426163160198989, 0.0 ], [ 75.857022280518166, 22.430798350203272, 0.0 ], [ 75.85036216827919, 22.430063097241408, 0.0 ] ] ] } },
{ "type": "Feature", "properties": { "Vill_LGD": "NA", "Villl_name": "PF", "Sub_dist": "Dr. Ambedkar Nagar Mhow", "District": "INDORE" }, "geometry": { "type": "Polygon", "coordinates": [ [ [ 75.788160904959099, 22.383317462930123, 0.0 ], [ 75.783243175266449, 22.382381157705904, 0.0 ], [ 75.775476059667071, 22.380317187988499, 0.0 ], [ 75.777953114344925, 22.384909574875596, 0.0 ], [ 75.788160904959099, 22.383317462930123, 0.0 ] ] ] } },
{ "type": "Feature", "properties": { "Vill_LGD": "NA", "Villl_name": "RF", "Sub_dist": "Dr. Ambedkar Nagar Mhow", "District": "INDORE" }, "geometry": { "type": "Polygon", "coordinates": [ [ [ 75.800688676338055, 22.501257324325476, 0.0 ], [ 75.801146430101909, 22.499403220563011, 0.0 ], [ 75.803266530332891, 22.499446050554205, 0.0 ], [ 75.804386397516041, 22.494898452034668, 0.0 ], [ 75.808128743461708, 22.49269002128209, 0.0 ], [ 75.814849410588209, 22.495876579685188, 0.0 ], [ 75.820987929447313, 22.4939236175586, 0.0 ], [ 75.825889133598693, 22.497500792331898, 0.0 ], [ 75.83022688814647, 22.493015907118142, 0.0 ], [ 75.834209451829764, 22.493645150616334, 0.0 ], [ 75.836546704541689, 22.496125275600178, 0.0 ], [ 75.84053364512674, 22.494004267628078, 0.0 ], [ 75.841255938590663, 22.491571237084095, 0.0 ], [ 75.850340440286786, 22.485706746430754, 0.0 ], [ 75.850089903525856, 22.482614539378527, 0.0 ], [ 75.860339736534328, 22.476306576127385, 0.0 ], [ 75.861310775507292, 22.467345675006154, 0.0 ], [ 75.859954418273006, 22.459406612700683, 0.0 ], [ 75.86294954185631, 22.456820316946001, 0.0 ], [ 75.870760607238864, 22.456881559910869, 0.0 ], [ 75.874075254699747, 22.46122870785122, 0.0 ], [ 75.873618782250873, 22.467467536284623, 0.0 ], [ 75.877380046190765, 22.470050548100033, 0.0 ], [ 75.886428340188587, 22.467041393622292, 0.0 ], [ 75.889711996068414, 22.468592802966644, 0.0 ], [ 75.893890329595692, 22.464671451483035, 0.0 ], [ 75.898353008022468, 22.46299512092757, 0.0 ], [ 75.906133846207339, 22.463551915141156, 0.0 ], [ 75.906533595090195, 22.46176731877334, 0.0 ], [ 75.91324367446245, 22.460063625485944, 0.0 ], [ 75.919192327519241, 22.460786981415627, 0.0 ], [ 75.923680836683303, 22.458367921633233, 0.0 ], [ 75.926422406599883, 22.460530468916389, 0.0 ], [ 75.931294703988215, 22.457745437776492, 0.0 ], [ 75.933480494416486, 22.454601256262848, 0.0 ], [ 75.930359538439546, 22.45159028253526, 0.0 ], [ 75.917082206301316, 22.449268241640773, 0.0 ], [ 75.906696086819082, 22.450031504515842, 0.0 ], [ 75.90440582553282, 22.447857401695241, 0.0 ], [ 75.899656928176853, 22.446867178443132, 0.0 ], [ 75.896425940241656, 22.4482392436861, 0.0 ], [ 75.895303308933038, 22.446757672976613, 0.0 ], [ 75.900488060201027, 22.445256317518638, 0.0 ], [ 75.901140588876487, 22.442088435633032, 0.0 ], [ 75.8918989030105, 22.438249587032786, 0.0 ], [ 75.872315787523704, 22.436512832016842, 0.0 ], [ 75.860668268958591, 22.432297468863027, 0.0 ], [ 75.844742573596051, 22.433686936306916, 0.0 ], [ 75.841580952476747, 22.430948994753646, 0.0 ], [ 75.841278314438682, 22.42123915371171, 0.0 ], [ 75.839428914251911, 22.417029031918045, 0.0 ], [ 75.833660961193686, 22.408720652166675, 0.0 ], [ 75.821906422537239, 22.406025912948021, 0.0 ], [ 75.814815630309582, 22.391802684953742, 0.0 ], [ 75.808008241564011, 22.386949186868655, 0.0 ], [ 75.802653353348674, 22.387640921681694, 0.0 ], [ 75.799539519933347, 22.385194075636932, 0.0 ], [ 75.792159567876965, 22.384288299448006, 0.0 ], [ 75.78634600292871, 22.390073100907163, 0.0 ], [ 75.77922095111083, 22.391658257272919, 0.0 ], [ 75.777883027289676, 22.389596794553633, 0.0 ], [ 75.770099494093913, 22.388666192312883, 0.0 ], [ 75.769660041310502, 22.386715576001677, 0.0 ], [ 75.768188777881335, 22.387919188281984, 0.0 ], [ 75.76399275635741, 22.386018295437509, 0.0 ], [ 75.762968251495707, 22.387604571610009, 0.0 ], [ 75.761880346141723, 22.385871043833376, 0.0 ], [ 75.763695178552524, 22.380781564155644, 0.0 ], [ 75.765595663944993, 22.380538964348865, 0.0 ], [ 75.766031283823892, 22.376015552634041, 0.0 ], [ 75.761165363255657, 22.374506636878923, 0.0 ], [ 75.760924656894474, 22.364375714571484, 0.0 ], [ 75.754192084450082, 22.36122186301569, 0.0 ], [ 75.751480575343422, 22.357786987754558, 0.0 ], [ 75.745107346870284, 22.358022902385613, 0.0 ], [ 75.749548190773751, 22.360323539194841, 0.0 ], [ 75.749196591705257, 22.364269257596447, 0.0 ], [ 75.745258583199799, 22.367487478093029, 0.0 ], [ 75.74492553828982, 22.374887793624897, 0.0 ], [ 75.746994780168322, 22.374095947593613, 0.0 ], [ 75.752085055976067, 22.376362947094623, 0.0 ], [ 75.761529751605735, 22.377370806041753, 0.0 ], [ 75.760240444392025, 22.386812784872522, 0.0 ], [ 75.756936850933641, 22.390523777559718, 0.0 ], [ 75.758080397496684, 22.393306984488142, 0.0 ], [ 75.746773789192716, 22.394237872979645, 0.0 ], [ 75.747870916218886, 22.400365848264066, 0.0 ], [ 75.746304684924098, 22.402566157691492, 0.0 ], [ 75.757859499870534, 22.403735125445191, 0.0 ], [ 75.760957261851516, 22.409103270839282, 0.0 ], [ 75.769670816314758, 22.409200286124076, 0.0 ], [ 75.771587116155516, 22.412338055753558, 0.0 ], [ 75.774892011945411, 22.413702827789667, 0.0 ], [ 75.77529097398309, 22.416910016466826, 0.0 ], [ 75.772426638668207, 22.420539007851726, 0.0 ], [ 75.762159344831773, 22.427466458335221, 0.0 ], [ 75.767648760613611, 22.434496575810222, 0.0 ], [ 75.764864792090336, 22.437987244520102, 0.0 ], [ 75.772624213524438, 22.440043100364097, 0.0 ], [ 75.773402298041049, 22.445332640903448, 0.0 ], [ 75.7796412448414, 22.450193879703104, 0.0 ], [ 75.771860406962873, 22.448701957870774, 0.0 ], [ 75.770343967958993, 22.453064401406007, 0.0 ], [ 75.767137028141931, 22.453290542409444, 0.0 ], [ 75.760029648741536, 22.451460071557189, 0.0 ], [ 75.759959324989566, 22.46804020250347, 0.0 ], [ 75.770750471270631, 22.470372953165995, 0.0 ], [ 75.762990885304063, 22.464849728793382, 0.0 ], [ 75.76007247841045, 22.460105841882722, 0.0 ], [ 75.76713464854528, 22.461276418006825, 0.0 ], [ 75.769359444709806, 22.458218810856074, 0.0 ], [ 75.773949425350551, 22.459960576729213, 0.0 ], [ 75.775015424143405, 22.463044357852912, 0.0 ], [ 75.772758646289986, 22.46520669304876, 0.0 ], [ 75.775028652637801, 22.465877701117247, 0.0 ], [ 75.77718444386305, 22.469625351870054, 0.0 ], [ 75.777491394095279, 22.465292353398716, 0.0 ], [ 75.783551882788302, 22.466941320253277, 0.0 ], [ 75.787877742258786, 22.476628105440689, 0.0 ], [ 75.7916896379989, 22.477084962447652, 0.0 ], [ 75.787675488123654, 22.48505139837615, 0.0 ], [ 75.786994711588036, 22.501754417930968, 0.0 ], [ 75.800688676338055, 22.501257324325476, 0.0 ] ], [ [ 75.807221799852229, 22.492175739633065, 0.0 ], [ 75.806386794698369, 22.492030033053741, 0.0 ], [ 75.806773914548742, 22.491723542660612, 0.0 ], [ 75.807221799852229, 22.492175739633065, 0.0 ] ], [ [ 75.836281961492062, 22.491690676737985, 0.0 ], [ 75.835019020576027, 22.492677035868294, 0.0 ], [ 75.834571295808146, 22.491976144948772, 0.0 ], [ 75.836281961492062, 22.491690676737985, 0.0 ] ], [ [ 75.8170964647434, 22.469512104934992, 0.0 ], [ 75.815907924178163, 22.467926194236512, 0.0 ], [ 75.818615750339106, 22.467102901532574, 0.0 ], [ 75.819081188300174, 22.463954767286648, 0.0 ], [ 75.812704844118741, 22.465085168605174, 0.0 ], [ 75.81622535222364, 22.463545545434442, 0.0 ], [ 75.817563077874411, 22.460657288760842, 0.0 ], [ 75.816932989178852, 22.458280019441752, 0.0 ], [ 75.813349101545526, 22.457538799876289, 0.0 ], [ 75.815874045971441, 22.453722104952512, 0.0 ], [ 75.818028036155965, 22.456289458696386, 0.0 ], [ 75.823014262960115, 22.454693576050047, 0.0 ], [ 75.82411476378212, 22.456989755788374, 0.0 ], [ 75.822704934130655, 22.458667275925301, 0.0 ], [ 75.832672098839168, 22.459501277741698, 0.0 ], [ 75.826919751758339, 22.463540412666219, 0.0 ], [ 75.826705600516917, 22.466455252189103, 0.0 ], [ 75.824107229076105, 22.465960324324282, 0.0 ], [ 75.823264899764013, 22.468392133035358, 0.0 ], [ 75.825701467994833, 22.471042851923269, 0.0 ], [ 75.824073043692366, 22.477012166424839, 0.0 ], [ 75.819942299554242, 22.477316738713139, 0.0 ], [ 75.81776271356452, 22.475651115136312, 0.0 ], [ 75.815421324197999, 22.471853494951322, 0.0 ], [ 75.8170964647434, 22.469512104934992, 0.0 ] ], [ [ 75.834883174147862, 22.474050689448656, 0.0 ], [ 75.83087140127013, 22.471345241589066, 0.0 ], [ 75.832805903643674, 22.462807735306708, 0.0 ], [ 75.83526150793783, 22.459624016770036, 0.0 ], [ 75.843099451659313, 22.459531217642667, 0.0 ], [ 75.84372762989733, 22.463471605728142, 0.0 ], [ 75.841243472815904, 22.467126457672979, 0.0 ], [ 75.840765200709299, 22.471637916198201, 0.0 ], [ 75.834883174147862, 22.474050689448656, 0.0 ] ], [ [ 75.782821960506212, 22.454583931713543, 0.0 ], [ 75.782392269400816, 22.458063542998776, 0.0 ], [ 75.780896601296604, 22.45889031916581, 0.0 ], [ 75.778422130534466, 22.45755706913711, 0.0 ], [ 75.779640045149975, 22.454354413139914, 0.0 ], [ 75.782821960506212, 22.454583931713543, 0.0 ] ], [ [ 75.784751959821591, 22.438995920818062, 0.0 ], [ 75.7809757549106, 22.441951210742232, 0.0 ], [ 75.779049048083763, 22.441616298848444, 0.0 ], [ 75.770221298280418, 22.434670725423818, 0.0 ], [ 75.768765154259498, 22.428153906955295, 0.0 ], [ 75.770906668570362, 22.426886843979251, 0.0 ], [ 75.771620507240428, 22.428320468666232, 0.0 ], [ 75.775487132114677, 22.428915333613912, 0.0 ], [ 75.782387569285433, 22.425108196524029, 0.0 ], [ 75.785373791999135, 22.425054659025427, 0.0 ], [ 75.787420129578479, 22.429997988560817, 0.0 ], [ 75.783898526043942, 22.432198989278138, 0.0 ], [ 75.784751959821591, 22.438995920818062, 0.0 ] ], [ [ 75.793461660215399, 22.435167335582726, 0.0 ], [ 75.791995912041941, 22.433630203851511, 0.0 ], [ 75.793542561505788, 22.432373849129057, 0.0 ], [ 75.794746568205113, 22.433339910441532, 0.0 ], [ 75.793461660215399, 22.435167335582726, 0.0 ] ], [ [ 75.814992607611771, 22.41228536805794, 0.0 ], [ 75.80698808052243, 22.417755783952895, 0.0 ], [ 75.804571573284505, 22.415212780738187, 0.0 ], [ 75.809386411577833, 22.412584666570915, 0.0 ], [ 75.809932029548236, 22.409620057177712, 0.0 ], [ 75.812132642313316, 22.412102724100592, 0.0 ], [ 75.814992607611771, 22.41228536805794, 0.0 ] ], [ [ 75.810856919769833, 22.40873033694275, 0.0 ], [ 75.806068254462488, 22.412692138876732, 0.0 ], [ 75.800657760722245, 22.413268601846486, 0.0 ], [ 75.797149521592644, 22.411466468906955, 0.0 ], [ 75.790577962376119, 22.403031526783042, 0.0 ], [ 75.797966189571, 22.396517753355038, 0.0 ], [ 75.800292112243852, 22.399789511890692, 0.0 ], [ 75.808257357636791, 22.398683061587494, 0.0 ], [ 75.812451158464015, 22.404804226089293, 0.0 ], [ 75.810856919769833, 22.40873033694275, 0.0 ] ] ] } },
{ "type": "Feature", "properties": { "Vill_LGD": "476478", "Villl_name": "MEND MAZRA", "Sub_dist": "Dr. Ambedkar Nagar Mhow", "District": "INDORE" }, "geometry": { "type": "Polygon", "coordinates": [ [ [ 75.743258018096085, 22.394329737765105, 0.0 ], [ 75.740958871469886, 22.390088648954706, 0.0 ], [ 75.741443381012573, 22.38267212505108, 0.0 ], [ 75.737734998220063, 22.382341929903095, 0.0 ], [ 75.739055401907507, 22.375791613972492, 0.0 ], [ 75.737122162570955, 22.37593119414144, 0.0 ], [ 75.737861195763671, 22.37037733330968, 0.0 ], [ 75.736138465896047, 22.361611399436477, 0.0 ], [ 75.738625414041323, 22.358873337921572, 0.0 ], [ 75.734683051144017, 22.358106892365125, 0.0 ], [ 75.72517934882876, 22.365170763735506, 0.0 ], [ 75.724365147870699, 22.368759099850095, 0.0 ], [ 75.721546371814142, 22.369575414547569, 0.0 ], [ 75.713356950941133, 22.362888407326597, 0.0 ], [ 75.702210097342103, 22.361245994681166, 0.0 ], [ 75.703379045506438, 22.35948899013313, 0.0 ], [ 75.701737916037459, 22.358722273783961, 0.0 ], [ 75.69157916402294, 22.359608400974807, 0.0 ], [ 75.692461999505468, 22.373022422228352, 0.0 ], [ 75.697149597967368, 22.372103590002958, 0.0 ], [ 75.706040307221926, 22.375553458872687, 0.0 ], [ 75.710933662140675, 22.380986032819429, 0.0 ], [ 75.71948516008095, 22.385919454005379, 0.0 ], [ 75.717199450128874, 22.382718445228502, 0.0 ], [ 75.714746090636552, 22.382337437934911, 0.0 ], [ 75.715115227974835, 22.379201430133566, 0.0 ], [ 75.713293817933391, 22.376457919001925, 0.0 ], [ 75.717517975527642, 22.375245724643261, 0.0 ], [ 75.718395303455111, 22.379325614801093, 0.0 ], [ 75.722605302429301, 22.378442480193023, 0.0 ], [ 75.725374792820205, 22.383080641262293, 0.0 ], [ 75.730601256099035, 22.385596847185635, 0.0 ], [ 75.733556043624773, 22.390271336152033, 0.0 ], [ 75.73139487454786, 22.391821318970987, 0.0 ], [ 75.743258018096085, 22.394329737765105, 0.0 ] ] ] } },
{ "type": "Feature", "properties": { "Vill_LGD": "NA", "Villl_name": "RF", "Sub_dist": "Dr. Ambedkar Nagar Mhow", "District": "INDORE" }, "geometry": { "type": "Polygon", "coordinates": [ [ [ 75.75192171838215, 22.464641828084552, 0.0 ], [ 75.751389825323727, 22.447018410733765, 0.0 ], [ 75.746476239521684, 22.446566312862107, 0.0 ], [ 75.744929588450759, 22.444139263648601, 0.0 ], [ 75.74158644608957, 22.444293926950859, 0.0 ], [ 75.74181753076958, 22.448127040848728, 0.0 ], [ 75.739751991756165, 22.449007574489691, 0.0 ], [ 75.738465270392084, 22.458354479973472, 0.0 ], [ 75.743889772956933, 22.464041785035239, 0.0 ], [ 75.75192171838215, 22.464641828084552, 0.0 ] ] ] } },
{ "type": "Feature", "properties": { "Vill_LGD": "NA", "Villl_name": "RF", "Sub_dist": "Dr. Ambedkar Nagar Mhow", "District": "INDORE" }, "geometry": { "type": "Polygon", "coordinates": [ [ [ 75.734763757720785, 22.440583347129337, 0.0 ], [ 75.732702755514978, 22.436259577293061, 0.0 ], [ 75.734216092524633, 22.43482238202493, 0.0 ], [ 75.733654539097685, 22.432062207925746, 0.0 ], [ 75.738660925187673, 22.427131963756061, 0.0 ], [ 75.74360068595027, 22.427055821242359, 0.0 ], [ 75.745367454299114, 22.420090054854857, 0.0 ], [ 75.740580858908118, 22.422180420436593, 0.0 ], [ 75.724894261895514, 22.424304327488308, 0.0 ], [ 75.724106520463124, 22.428465408472317, 0.0 ], [ 75.725865932276264, 22.428256492173229, 0.0 ], [ 75.72574849085008, 22.433106938421744, 0.0 ], [ 75.71265732115971, 22.435446660136414, 0.0 ], [ 75.713962550368834, 22.432515350118443, 0.0 ], [ 75.708515242103061, 22.425719909344714, 0.0 ], [ 75.704603408048001, 22.423321412190695, 0.0 ], [ 75.691679286407364, 22.426367122173463, 0.0 ], [ 75.693582855364795, 22.418743328419183, 0.0 ], [ 75.695495942187193, 22.418305507901454, 0.0 ], [ 75.69014910191818, 22.414735901102212, 0.0 ], [ 75.690274722759042, 22.410254983546533, 0.0 ], [ 75.685747684392894, 22.403978796690165, 0.0 ], [ 75.674339546442596, 22.41160480062841, 0.0 ], [ 75.680089869744293, 22.422082350180514, 0.0 ], [ 75.683853511718056, 22.424115282987565, 0.0 ], [ 75.68554095783692, 22.432059858587273, 0.0 ], [ 75.693061538143311, 22.434780262915584, 0.0 ], [ 75.700643150034793, 22.431170250778912, 0.0 ], [ 75.712186853443896, 22.440166645049928, 0.0 ], [ 75.712874259674834, 22.443402372536493, 0.0 ], [ 75.731990147794491, 22.444686842560508, 0.0 ], [ 75.734476399171839, 22.443855285380849, 0.0 ], [ 75.734763757720785, 22.440583347129337, 0.0 ] ] ] } },
{ "type": "Feature", "properties": { "Vill_LGD": "476553", "Villl_name": "GUJARKHEDA (CT)", "Sub_dist": "Dr. Ambedkar Nagar Mhow", "District": "INDORE" }, "geometry": { "type": "Polygon", "coordinates": [ [ [ 75.784238067404104, 22.56080902007, 0.0 ], [ 75.79189041472516, 22.560966063754982, 0.0 ], [ 75.791638221079495, 22.558228806440614, 0.0 ], [ 75.781832462262926, 22.555675645573871, 0.0 ], [ 75.780871159411063, 22.55322004276168, 0.0 ], [ 75.782574854211404, 22.55240150714571, 0.0 ], [ 75.780544724280219, 22.54783622122255, 0.0 ], [ 75.777217545440422, 22.548986545216238, 0.0 ], [ 75.775758677148715, 22.555727368018545, 0.0 ], [ 75.779803760157264, 22.558475645137982, 0.0 ], [ 75.780626012904463, 22.56310225844539, 0.0 ], [ 75.784238067404104, 22.56080902007, 0.0 ] ] ] } },
{ "type": "Feature", "properties": { "Vill_LGD": "476389", "Villl_name": "BHESLAY", "Sub_dist": "RAU", "District": "INDORE" }, "geometry": { "type": "Polygon", "coordinates": [ [ [ 75.748816910085921, 22.636017942965015, 0.0 ], [ 75.756014190931424, 22.635621585499248, 0.0 ], [ 75.756661403881296, 22.631981010759223, 0.0 ], [ 75.757713126615371, 22.632166608836503, 0.0 ], [ 75.755448125324293, 22.611342698391557, 0.0 ], [ 75.745944558187361, 22.609805566382725, 0.0 ], [ 75.742713249709936, 22.616563235174556, 0.0 ], [ 75.743408051448483, 22.617976634551855, 0.0 ], [ 75.74195658164156, 22.618504875203566, 0.0 ], [ 75.725179036074408, 22.618552422940429, 0.0 ], [ 75.724959051710002, 22.621430480949702, 0.0 ], [ 75.728690046738976, 22.627683703373879, 0.0 ], [ 75.740680151091595, 22.627269678066323, 0.0 ], [ 75.739236611412949, 22.631708563148369, 0.0 ], [ 75.748157210216235, 22.631605055915376, 0.0 ], [ 75.748816910085921, 22.636017942965015, 0.0 ] ] ] } },
{ "type": "Feature", "properties": { "Vill_LGD": "476390", "Villl_name": "SONWAY", "Sub_dist": "RAU", "District": "INDORE" }, "geometry": { "type": "Polygon", "coordinates": [ [ [ 75.7580985991071, 22.628706873023248, 0.0 ], [ 75.782249334873953, 22.626741040883676, 0.0 ], [ 75.785376012127514, 22.628146675059917, 0.0 ], [ 75.786583058615747, 22.623796904339297, 0.0 ], [ 75.783495976553354, 22.610881548161217, 0.0 ], [ 75.755452884429602, 22.611666304001147, 0.0 ], [ 75.7580985991071, 22.628706873023248, 0.0 ] ] ] } },
{ "type": "Feature", "properties": { "Vill_LGD": "476384", "Villl_name": "PIGDAMBAR", "Sub_dist": "RAU", "District": "INDORE" }, "geometry": { "type": "Polygon", "coordinates": [ [ [ 75.795769373666985, 22.626884755573439, 0.0 ], [ 75.803610917630863, 22.630022892532278, 0.0 ], [ 75.802281711072993, 22.6270037785747, 0.0 ], [ 75.804923381452554, 22.625898729025561, 0.0 ], [ 75.811252172096317, 22.617258287879579, 0.0 ], [ 75.808494593503312, 22.618091315296336, 0.0 ], [ 75.806924149436938, 22.613594133869444, 0.0 ], [ 75.803233604348819, 22.611024315942689, 0.0 ], [ 75.802070049305854, 22.607733520808885, 0.0 ], [ 75.797829849225337, 22.607804905021496, 0.0 ], [ 75.788342937968878, 22.611352681176236, 0.0 ], [ 75.783531668296277, 22.6109743472249, 0.0 ], [ 75.786583058615747, 22.623796904339297, 0.0 ], [ 75.785376012127514, 22.628146675059917, 0.0 ], [ 75.794436335914909, 22.632854972319375, 0.0 ], [ 75.795769373666985, 22.626884755573439, 0.0 ] ] ] } },
{ "type": "Feature", "properties": { "Vill_LGD": "476247", "Villl_name": "KALARIA", "Sub_dist": "RAU", "District": "INDORE" }, "geometry": { "type": "Polygon", "coordinates": [ [ [ 75.716198604863877, 22.693400937336769, 0.0 ], [ 75.742511787137943, 22.690386524677493, 0.0 ], [ 75.742717976554076, 22.678356402130152, 0.0 ], [ 75.719830703056658, 22.676795378383193, 0.0 ], [ 75.716128260441366, 22.675058371587017, 0.0 ], [ 75.716304340790046, 22.681949291153838, 0.0 ], [ 75.714657753873311, 22.686365570205766, 0.0 ], [ 75.716432831824534, 22.688373835959549, 0.0 ], [ 75.716198604863877, 22.693400937336769, 0.0 ] ] ] } },
{ "type": "Feature", "properties": { "Vill_LGD": "476244", "Villl_name": "SANAWALYA", "Sub_dist": "RAU", "District": "INDORE" }, "geometry": { "type": "Polygon", "coordinates": [ [ [ 75.73218195991501, 22.719731959801543, 0.0 ], [ 75.741256621195504, 22.719356463411525, 0.0 ], [ 75.739956760140686, 22.7048942442912, 0.0 ], [ 75.728323061794626, 22.706783390642411, 0.0 ], [ 75.723877214175033, 22.712821846704806, 0.0 ], [ 75.725213614663559, 22.721058792028689, 0.0 ], [ 75.727169532556502, 22.721230112517855, 0.0 ], [ 75.728065398956289, 22.717440822068941, 0.0 ], [ 75.730766086584765, 22.717773945711929, 0.0 ], [ 75.73218195991501, 22.719731959801543, 0.0 ] ] ] } },
{ "type": "Feature", "properties": { "Vill_LGD": "476246", "Villl_name": "DHARNAWAD", "Sub_dist": "RAU", "District": "INDORE" }, "geometry": { "type": "Polygon", "coordinates": [ [ [ 75.728323061794626, 22.706783390642411, 0.0 ], [ 75.741744411217553, 22.704591907007735, 0.0 ], [ 75.738871211382175, 22.69133830933205, 0.0 ], [ 75.714743415685376, 22.693522988816866, 0.0 ], [ 75.713306220981693, 22.697658493073391, 0.0 ], [ 75.71140741071477, 22.698101072610111, 0.0 ], [ 75.711764330191357, 22.700651854094829, 0.0 ], [ 75.725212092654914, 22.702942323846852, 0.0 ], [ 75.723691615600714, 22.7069826479865, 0.0 ], [ 75.726561957626672, 22.708517496383301, 0.0 ], [ 75.728323061794626, 22.706783390642411, 0.0 ] ] ] } },
{ "type": "Feature", "properties": { "Vill_LGD": "476242", "Villl_name": "SINDODA (TALAWALI KACHRA)", "Sub_dist": "RAU", "District": "INDORE" }, "geometry": { "type": "Polygon", "coordinates": [ [ [ 75.787762737735363, 22.671725902566322, 0.0 ], [ 75.786640537386859, 22.659575795862256, 0.0 ], [ 75.778688552126667, 22.656032624607363, 0.0 ], [ 75.773824129632189, 22.656674877141665, 0.0 ], [ 75.770483367200725, 22.654077497430176, 0.0 ], [ 75.759445295964781, 22.655644115462689, 0.0 ], [ 75.759240957114287, 22.666905698912984, 0.0 ], [ 75.761910711711877, 22.674986348146014, 0.0 ], [ 75.771162877493566, 22.676208200967359, 0.0 ], [ 75.781740791997592, 22.67121005765831, 0.0 ], [ 75.787762737735363, 22.671725902566322, 0.0 ] ] ] } },
{ "type": "Feature", "properties": { "Vill_LGD": "476250", "Villl_name": "NARLAI", "Sub_dist": "RAU", "District": "INDORE" }, "geometry": { "type": "Polygon", "coordinates": [ [ [ 75.756925828411056, 22.655521195420828, 0.0 ], [ 75.75388667904933, 22.635871799669719, 0.0 ], [ 75.748816910085921, 22.636017942965015, 0.0 ], [ 75.748918919700984, 22.640470166982364, 0.0 ], [ 75.732570337070598, 22.644591753194117, 0.0 ], [ 75.733388871498207, 22.647251990871066, 0.0 ], [ 75.737176973381622, 22.646861759167486, 0.0 ], [ 75.732651238903614, 22.653571838975651, 0.0 ], [ 75.734683298175554, 22.658425938467886, 0.0 ], [ 75.740426270493913, 22.65873367757991, 0.0 ], [ 75.743783689733249, 22.654698112463905, 0.0 ], [ 75.744730716810906, 22.656025851304555, 0.0 ], [ 75.756925828411056, 22.655521195420828, 0.0 ] ] ] } },
{ "type": "Feature", "properties": { "Vill_LGD": "476243", "Villl_name": "RINJLAI", "Sub_dist": "RAU", "District": "INDORE" }, "geometry": { "type": "Polygon", "coordinates": [ [ [ 75.763956255362757, 22.712125807756173, 0.0 ], [ 75.741137491734776, 22.71087072159537, 0.0 ], [ 75.741923975870009, 22.734520274901239, 0.0 ], [ 75.761084969918087, 22.737657404789207, 0.0 ], [ 75.763956255362757, 22.712125807756173, 0.0 ] ] ] } },
{ "type": "Feature", "properties": { "Vill_LGD": "476241", "Villl_name": "NAWDA PANTH", "Sub_dist": "RAU", "District": "INDORE" }, "geometry": { "type": "Polygon", "coordinates": [ [ [ 75.788367799722835, 22.688611244581935, 0.0 ], [ 75.787762737735363, 22.671725902566322, 0.0 ], [ 75.783106845541852, 22.671038506827088, 0.0 ], [ 75.77051865038608, 22.676325390068861, 0.0 ], [ 75.766586591423732, 22.680565826170799, 0.0 ], [ 75.755224664631896, 22.687311598836789, 0.0 ], [ 75.757091589430203, 22.696634684196763, 0.0 ], [ 75.768945567208775, 22.698786807850055, 0.0 ], [ 75.777565820573628, 22.696606566735024, 0.0 ], [ 75.782134384903912, 22.690419969081958, 0.0 ], [ 75.788367799722835, 22.688611244581935, 0.0 ] ] ] } },
{ "type": "Feature", "properties": { "Vill_LGD": "476248", "Villl_name": "SHRI RAM TALAWALI(KACHRA)", "Sub_dist": "RAU", "District": "INDORE" }, "geometry": { "type": "Polygon", "coordinates": [ [ [ 75.755356462285931, 22.688423255068606, 0.0 ], [ 75.757039003418456, 22.68569356552587, 0.0 ], [ 75.766354593022612, 22.680732390160227, 0.0 ], [ 75.771162877493566, 22.676208200967359, 0.0 ], [ 75.761346780415522, 22.674529492812457, 0.0 ], [ 75.759098189208885, 22.665449469347813, 0.0 ], [ 75.749048535174012, 22.671126861581069, 0.0 ], [ 75.745928631350608, 22.671108466671768, 0.0 ], [ 75.742717976554076, 22.678356402130152, 0.0 ], [ 75.7424797489562, 22.690197571927218, 0.0 ], [ 75.755356462285931, 22.688423255068606, 0.0 ] ] ] } },
{ "type": "Feature", "properties": { "Vill_LGD": "476249", "Villl_name": "SINDODI", "Sub_dist": "RAU", "District": "INDORE" }, "geometry": { "type": "Polygon", "coordinates": [ [ [ 75.759098189208885, 22.665449469347813, 0.0 ], [ 75.759286252269831, 22.655597337610626, 0.0 ], [ 75.747327500357883, 22.656181308952299, 0.0 ], [ 75.743783689733249, 22.654698112463905, 0.0 ], [ 75.740426270493913, 22.65873367757991, 0.0 ], [ 75.736510392003055, 22.658829450779649, 0.0 ], [ 75.740436835281244, 22.667915229964276, 0.0 ], [ 75.745105337312737, 22.668966951311507, 0.0 ], [ 75.745733515671446, 22.671098949367778, 0.0 ], [ 75.749048535174012, 22.671126861581069, 0.0 ], [ 75.759098189208885, 22.665449469347813, 0.0 ] ] ] } },
{ "type": "Feature", "properties": { "Vill_LGD": "476245", "Villl_name": "BISANAWADA", "Sub_dist": "RAU", "District": "INDORE" }, "geometry": { "type": "Polygon", "coordinates": [ [ [ 75.741137491734776, 22.71087072159537, 0.0 ], [ 75.76834940871953, 22.712214061451757, 0.0 ], [ 75.768873490736325, 22.69854777098778, 0.0 ], [ 75.757091589430203, 22.696634684196763, 0.0 ], [ 75.755356462285931, 22.688423255068606, 0.0 ], [ 75.738871211382175, 22.69133830933205, 0.0 ], [ 75.741744411217553, 22.704591907007735, 0.0 ], [ 75.739953865427879, 22.704883391323467, 0.0 ], [ 75.741137491734776, 22.71087072159537, 0.0 ] ] ] } },
{ "type": "Feature", "properties": { "Vill_LGD": "476251", "Villl_name": "MOKLAI", "Sub_dist": "RAU", "District": "INDORE" }, "geometry": { "type": "Polygon", "coordinates": [ [ [ 75.768452311145111, 22.642693651216849, 0.0 ], [ 75.766422276400291, 22.637977106935807, 0.0 ], [ 75.766822710783373, 22.627581339050792, 0.0 ], [ 75.7580985991071, 22.628706873023248, 0.0 ], [ 75.756066539500949, 22.635597791810973, 0.0 ], [ 75.753578718393186, 22.636326083572154, 0.0 ], [ 75.755236448358275, 22.647297928764662, 0.0 ], [ 75.766235626130282, 22.647365384447294, 0.0 ], [ 75.768452311145111, 22.642693651216849, 0.0 ] ] ] } },
{ "type": "Feature", "properties": { "Vill_LGD": "476252", "Villl_name": "DEHRI", "Sub_dist": "RAU", "District": "INDORE" }, "geometry": { "type": "Polygon", "coordinates": [ [ [ 75.785233625625082, 22.628071748690466, 0.0 ], [ 75.782249334873953, 22.626741040883676, 0.0 ], [ 75.766822710783373, 22.627581339050792, 0.0 ], [ 75.767194379464755, 22.642101355788064, 0.0 ], [ 75.774527651097529, 22.64399577101149, 0.0 ], [ 75.779591566105452, 22.643184163166968, 0.0 ], [ 75.785233625625082, 22.628071748690466, 0.0 ] ] ] } },
{ "type": "Feature", "properties": { "Vill_LGD": "476253", "Villl_name": "RANGWASA", "Sub_dist": "RAU", "District": "INDORE" }, "geometry": { "type": "Polygon", "coordinates": [ [ [ 75.793500575757818, 22.661439023073608, 0.0 ], [ 75.809834392821344, 22.658451053743871, 0.0 ], [ 75.817193662850102, 22.655076740975385, 0.0 ], [ 75.815857337568644, 22.653633278918083, 0.0 ], [ 75.80555075585356, 22.65370800925675, 0.0 ], [ 75.803376814782723, 22.639937315310362, 0.0 ], [ 75.797387649109837, 22.634409444856459, 0.0 ], [ 75.785233625625082, 22.628071748690466, 0.0 ], [ 75.779244544827634, 22.643438530094517, 0.0 ], [ 75.768452311145111, 22.642693651216849, 0.0 ], [ 75.766235626130282, 22.647365384447294, 0.0 ], [ 75.755236448358275, 22.647297928764662, 0.0 ], [ 75.756925828411056, 22.655521195420828, 0.0 ], [ 75.770483367200725, 22.654077497430176, 0.0 ], [ 75.773824129632189, 22.656674877141665, 0.0 ], [ 75.778688552126667, 22.656032624607363, 0.0 ], [ 75.793500575757818, 22.661439023073608, 0.0 ] ] ] } },
{ "type": "Feature", "properties": { "Vill_LGD": "476051", "Villl_name": "BAGODA", "Sub_dist": "RAU", "District": "INDORE" }, "geometry": { "type": "Polygon", "coordinates": [ [ [ 75.729779570487381, 22.645810610363196, 0.0 ], [ 75.733279415766859, 22.643811289912453, 0.0 ], [ 75.748918919700984, 22.640470166982364, 0.0 ], [ 75.748157210216235, 22.631605055915376, 0.0 ], [ 75.739250888284545, 22.631722838817545, 0.0 ], [ 75.740281590758968, 22.627162601965132, 0.0 ], [ 75.728690046738976, 22.627683703373879, 0.0 ], [ 75.728713571935756, 22.64299808810496, 0.0 ], [ 75.729779570487381, 22.645810610363196, 0.0 ] ] ] } },
{ "type": "Feature", "properties": { "Vill_LGD": "476050", "Villl_name": "DHANNAD", "Sub_dist": "RAU", "District": "INDORE" }, "geometry": { "type": "Polygon", "coordinates": [ [ [ 75.713353397395224, 22.618983984785068, 0.0 ], [ 75.714010246836082, 22.633339952264539, 0.0 ], [ 75.709216674414591, 22.648559499171562, 0.0 ], [ 75.733379694716817, 22.649417080904556, 0.0 ], [ 75.73391595010105, 22.647326982578058, 0.0 ], [ 75.732399015953831, 22.645341044334391, 0.0 ], [ 75.729260848221116, 22.64511580877862, 0.0 ], [ 75.728690046738976, 22.627683703373879, 0.0 ], [ 75.724959051710002, 22.621430480949702, 0.0 ], [ 75.724978087466781, 22.617604307629446, 0.0 ], [ 75.713353397395224, 22.618983984785068, 0.0 ] ] ] } },
{ "type": "Feature", "properties": { "Vill_LGD": "476047", "Villl_name": "DHARWARA", "Sub_dist": "RAU", "District": "INDORE" }, "geometry": { "type": "Polygon", "coordinates": [ [ [ 75.709216674414591, 22.648559499171562, 0.0 ], [ 75.706765001013835, 22.66032056978343, 0.0 ], [ 75.708677222031369, 22.672188819379492, 0.0 ], [ 75.71887916096712, 22.67452069123863, 0.0 ], [ 75.719830703056658, 22.676795378383193, 0.0 ], [ 75.739856245958592, 22.678441965526783, 0.0 ], [ 75.743834705033848, 22.67751397675147, 0.0 ], [ 75.745524123769442, 22.669428566283575, 0.0 ], [ 75.740436835281244, 22.667915229964276, 0.0 ], [ 75.737338776647022, 22.663180103090863, 0.0 ], [ 75.737567205067336, 22.659782232460959, 0.0 ], [ 75.733269898786176, 22.656688932914292, 0.0 ], [ 75.732651238903614, 22.653571838975651, 0.0 ], [ 75.736848607986573, 22.648432202969346, 0.0 ], [ 75.736829572576909, 22.646257375520591, 0.0 ], [ 75.73391595010105, 22.647326982578058, 0.0 ], [ 75.733208373668177, 22.649512259961707, 0.0 ], [ 75.709216674414591, 22.648559499171562, 0.0 ] ] ] } },
{ "type": "Feature", "properties": { "Vill_LGD": "476256", "Villl_name": "MACHLA", "Sub_dist": "RAU", "District": "INDORE" }, "geometry": { "type": "Polygon", "coordinates": [ [ [ 75.846815725088973, 22.630126453320148, 0.0 ], [ 75.860495633837289, 22.630454510235751, 0.0 ], [ 75.861122153353605, 22.626455054111585, 0.0 ], [ 75.859987348841997, 22.619627785149266, 0.0 ], [ 75.856064212793768, 22.6139795401416, 0.0 ], [ 75.857069534955087, 22.608203397787968, 0.0 ], [ 75.851719217617813, 22.600609169228086, 0.0 ], [ 75.850004649373972, 22.602860073397739, 0.0 ], [ 75.838197763005127, 22.606229389720689, 0.0 ], [ 75.838194675918331, 22.612140360050429, 0.0 ], [ 75.840110243411047, 22.613474593190578, 0.0 ], [ 75.842515386721772, 22.621326220450243, 0.0 ], [ 75.83945177799481, 22.627061157821426, 0.0 ], [ 75.841350318295298, 22.625780400220759, 0.0 ], [ 75.846815725088973, 22.630126453320148, 0.0 ] ] ] } },
{ "type": "Feature", "properties": { "Vill_LGD": "476223", "Villl_name": "DAKACHYA", "Sub_dist": "SANWER", "District": "INDORE" }, "geometry": { "type": "Polygon", "coordinates": [ [ [ 75.960427564342936, 22.869343841160255, 0.0 ], [ 75.979296690787436, 22.868710903235421, 0.0 ], [ 75.979753545884193, 22.867059557482804, 0.0 ], [ 75.978877904160015, 22.840966388375534, 0.0 ], [ 75.967096400535382, 22.835089119830467, 0.0 ], [ 75.961689885665294, 22.836350297013908, 0.0 ], [ 75.962017061358154, 22.853595440702907, 0.0 ], [ 75.936348624598523, 22.855127773207283, 0.0 ], [ 75.931581516275031, 22.860609862060961, 0.0 ], [ 75.931054409595816, 22.867964666729787, 0.0 ], [ 75.935545643401412, 22.869083013601195, 0.0 ], [ 75.940941070640775, 22.874139367884432, 0.0 ], [ 75.949060981574661, 22.876584264133644, 0.0 ], [ 75.95860965664717, 22.877357865613771, 0.0 ], [ 75.960427564342936, 22.869343841160255, 0.0 ] ] ] } },
{ "type": "Feature", "properties": { "Vill_LGD": "476233", "Villl_name": "BUDHANYA PANTH", "Sub_dist": "SANWER", "District": "INDORE" }, "geometry": { "type": "Polygon", "coordinates": [ [ [ 75.67926664125207, 23.020864736983182, 0.0 ], [ 75.698272585285409, 23.018098614626339, 0.0 ], [ 75.708950416687244, 23.018943321975776, 0.0 ], [ 75.708967486292295, 23.015618629883914, 0.0 ], [ 75.706055026877678, 23.010878742392112, 0.0 ], [ 75.692910883999019, 23.011159519936971, 0.0 ], [ 75.689137058147566, 23.009822263498826, 0.0 ], [ 75.688015143597482, 23.007564154046932, 0.0 ], [ 75.676413565612194, 23.004571110540613, 0.0 ], [ 75.672282820894665, 23.009015942582838, 0.0 ], [ 75.670781380551958, 23.01354048736486, 0.0 ], [ 75.678588494673988, 23.015867869111812, 0.0 ], [ 75.67926664125207, 23.020864736983182, 0.0 ] ] ] } },
{ "type": "Feature", "properties": { "Vill_LGD": "476166", "Villl_name": "PIPALYA KAYASTH", "Sub_dist": "SANWER", "District": "INDORE" }, "geometry": { "type": "Polygon", "coordinates": [ [ [ 75.717610292637374, 22.909631561551681, 0.0 ], [ 75.719826317042603, 22.889756199186643, 0.0 ], [ 75.709243246448949, 22.891276114063377, 0.0 ], [ 75.702138888844786, 22.888631105623642, 0.0 ], [ 75.700418538656677, 22.891700610478559, 0.0 ], [ 75.695707205898245, 22.8944774403924, 0.0 ], [ 75.694793492352531, 22.898717640255693, 0.0 ], [ 75.692095183577294, 22.899674183183492, 0.0 ], [ 75.692228508105899, 22.904823085076213, 0.0 ], [ 75.699545086150152, 22.905033300440106, 0.0 ], [ 75.717610292637374, 22.909631561551681, 0.0 ] ] ] } },
{ "type": "Feature", "properties": { "Vill_LGD": "476232", "Villl_name": "BADODIYA PANTH", "Sub_dist": "SANWER", "District": "INDORE" }, "geometry": { "type": "Polygon", "coordinates": [ [ [ 75.65753383414102, 23.020800492540825, 0.0 ], [ 75.658360696833498, 23.019307380635897, 0.0 ], [ 75.670492379246369, 23.015653717022971, 0.0 ], [ 75.672282820894665, 23.009015942582838, 0.0 ], [ 75.650699760889808, 23.00859220060287, 0.0 ], [ 75.648357504583473, 23.004932916537573, 0.0 ], [ 75.645685269885988, 23.007186420109747, 0.0 ], [ 75.645099961128565, 23.010836499191345, 0.0 ], [ 75.64039576607702, 23.013399178202764, 0.0 ], [ 75.640852623460503, 23.017696485514225, 0.0 ], [ 75.639139411478808, 23.018874317757057, 0.0 ], [ 75.635848616446523, 23.018160480079501, 0.0 ], [ 75.635012235683789, 23.019545325292704, 0.0 ], [ 75.636451809256528, 23.022382833322563, 0.0 ], [ 75.640984683495986, 23.020580392065387, 0.0 ], [ 75.641014425521746, 23.024042507459292, 0.0 ], [ 75.64271574099196, 23.020330548187843, 0.0 ], [ 75.644411107687361, 23.019926040392139, 0.0 ], [ 75.648997517757266, 23.026237560036062, 0.0 ], [ 75.648164706361428, 23.023578511927283, 0.0 ], [ 75.65036570880099, 23.023828356055187, 0.0 ], [ 75.649729202752312, 23.019902245240537, 0.0 ], [ 75.65227522547633, 23.021520278930922, 0.0 ], [ 75.656522563514955, 23.019170560989163, 0.0 ], [ 75.65753383414102, 23.020800492540825, 0.0 ] ] ] } },
{ "type": "Feature", "properties": { "Vill_LGD": "476234", "Villl_name": "HANSA KHEDI", "Sub_dist": "SANWER", "District": "INDORE" }, "geometry": { "type": "Polygon", "coordinates": [ [ [ 75.650699760889808, 23.00859220060287, 0.0 ], [ 75.674405299873143, 23.008078434331079, 0.0 ], [ 75.679785787383807, 22.998351861325077, 0.0 ], [ 75.670237197235522, 22.99552205892244, 0.0 ], [ 75.654952790850814, 22.994142699501644, 0.0 ], [ 75.64928486718064, 22.998653902832146, 0.0 ], [ 75.654682180766955, 23.002461815652673, 0.0 ], [ 75.653127387143428, 23.003711412763316, 0.0 ], [ 75.648960733271451, 23.003311332625522, 0.0 ], [ 75.648357504583473, 23.004932916537573, 0.0 ], [ 75.650699760889808, 23.00859220060287, 0.0 ] ] ] } },
{ "type": "Feature", "properties": { "Vill_LGD": "476157", "Villl_name": "GHATGARA", "Sub_dist": "SANWER", "District": "INDORE" }, "geometry": { "type": "Polygon", "coordinates": [ [ [ 75.685263097827928, 22.988399340546316, 0.0 ], [ 75.660114890508567, 22.986237759168031, 0.0 ], [ 75.659538038250147, 22.991995183624727, 0.0 ], [ 75.654952790850814, 22.994142699501644, 0.0 ], [ 75.670237197235522, 22.99552205892244, 0.0 ], [ 75.679785787383807, 22.998351861325077, 0.0 ], [ 75.685263097827928, 22.988399340546316, 0.0 ] ] ] } },
{ "type": "Feature", "properties": { "Vill_LGD": "476158", "Villl_name": "KHAMOD ANJANA", "Sub_dist": "SANWER", "District": "INDORE" }, "geometry": { "type": "Polygon", "coordinates": [ [ [ 75.685263097827928, 22.988399340546316, 0.0 ], [ 75.68937665367352, 22.983426762721201, 0.0 ], [ 75.692694516604448, 22.975422270098811, 0.0 ], [ 75.662270563634564, 22.973937515467952, 0.0 ], [ 75.657906924416224, 22.980984385327954, 0.0 ], [ 75.659227958529257, 22.989080373334648, 0.0 ], [ 75.660207689833783, 22.986230621417249, 0.0 ], [ 75.685263097827928, 22.988399340546316, 0.0 ] ] ] } },
{ "type": "Feature", "properties": { "Vill_LGD": "476159", "Villl_name": "PIPLAI", "Sub_dist": "SANWER", "District": "INDORE" }, "geometry": { "type": "Polygon", "coordinates": [ [ [ 75.697383159439752, 22.965373416990893, 0.0 ], [ 75.664982357130341, 22.960554574986219, 0.0 ], [ 75.663153846451678, 22.962019846544766, 0.0 ], [ 75.662960157358214, 22.96505568370824, 0.0 ], [ 75.657877629717404, 22.963770775495721, 0.0 ], [ 75.65696391578507, 22.965469709850932, 0.0 ], [ 75.660804366404193, 22.969552864784493, 0.0 ], [ 75.658762788014258, 22.972965012430528, 0.0 ], [ 75.661177837338499, 22.974628312489838, 0.0 ], [ 75.669230488521535, 22.973345029502894, 0.0 ], [ 75.692694516604448, 22.975422270098811, 0.0 ], [ 75.697383159439752, 22.965373416990893, 0.0 ] ] ] } },
{ "type": "Feature", "properties": { "Vill_LGD": "476160", "Villl_name": "BHADA KHEDI", "Sub_dist": "SANWER", "District": "INDORE" }, "geometry": { "type": "Polygon", "coordinates": [ [ [ 75.684403700213863, 22.963594536770596, 0.0 ], [ 75.684457768571548, 22.96235584499858, 0.0 ], [ 75.666197784780053, 22.956868808216409, 0.0 ], [ 75.664236072967313, 22.953763005907856, 0.0 ], [ 75.660832918485838, 22.960058815319673, 0.0 ], [ 75.663153846451678, 22.962019846544766, 0.0 ], [ 75.664982357130341, 22.960554574986219, 0.0 ], [ 75.684403700213863, 22.963594536770596, 0.0 ] ] ] } },
{ "type": "Feature", "properties": { "Vill_LGD": "476236", "Villl_name": "KHALKHALA", "Sub_dist": "SANWER", "District": "INDORE" }, "geometry": { "type": "Polygon", "coordinates": [ [ [ 75.703132736844239, 22.961246844125558, 0.0 ], [ 75.704759211605676, 22.946136543696625, 0.0 ], [ 75.702603420127005, 22.946117508168737, 0.0 ], [ 75.702126296485673, 22.942303418821894, 0.0 ], [ 75.686795637660225, 22.942087358083739, 0.0 ], [ 75.673695565779909, 22.939736620778294, 0.0 ], [ 75.669156274100914, 22.944668462309345, 0.0 ], [ 75.667914194956936, 22.950907408712201, 0.0 ], [ 75.664236072967313, 22.953763005907856, 0.0 ], [ 75.666197784780053, 22.956868808216409, 0.0 ], [ 75.684457768571548, 22.96235584499858, 0.0 ], [ 75.684403700213863, 22.963594536770596, 0.0 ], [ 75.697383159439752, 22.965373416990893, 0.0 ], [ 75.699413108373832, 22.962605037855496, 0.0 ], [ 75.703132736844239, 22.961246844125558, 0.0 ] ] ] } },
{ "type": "Feature", "properties": { "Vill_LGD": "476161", "Villl_name": "RANGKARADIYA", "Sub_dist": "SANWER", "District": "INDORE" }, "geometry": { "type": "Polygon", "coordinates": [ [ [ 75.700861144333089, 22.92849856653412, 0.0 ], [ 75.683984302273828, 22.929808149093017, 0.0 ], [ 75.681687447986818, 22.928732595201918, 0.0 ], [ 75.679435545396032, 22.933932333931899, 0.0 ], [ 75.675438050716792, 22.936145232482197, 0.0 ], [ 75.67095514648156, 22.934132209307208, 0.0 ], [ 75.669598853889369, 22.935788313531301, 0.0 ], [ 75.670869486192998, 22.938258194104904, 0.0 ], [ 75.679000521362724, 22.941102260561685, 0.0 ], [ 75.702126296485673, 22.942303418821894, 0.0 ], [ 75.700861144333089, 22.92849856653412, 0.0 ] ] ] } },
{ "type": "Feature", "properties": { "Vill_LGD": "476162", "Villl_name": "KHATEDIYA BAJJAT", "Sub_dist": "SANWER", "District": "INDORE" }, "geometry": { "type": "Polygon", "coordinates": [ [ [ 75.700861144333089, 22.92849856653412, 0.0 ], [ 75.701530222008287, 22.919234554705707, 0.0 ], [ 75.696729885785913, 22.917921552748858, 0.0 ], [ 75.683928385920993, 22.917007839069893, 0.0 ], [ 75.681950020917569, 22.917753549908905, 0.0 ], [ 75.683789959373058, 22.92082626302307, 0.0 ], [ 75.678407618299573, 22.922653688515556, 0.0 ], [ 75.681262971385792, 22.925294889492029, 0.0 ], [ 75.681687447986818, 22.928732595201918, 0.0 ], [ 75.683984302273828, 22.929808149093017, 0.0 ], [ 75.700861144333089, 22.92849856653412, 0.0 ] ] ] } },
{ "type": "Feature", "properties": { "Vill_LGD": "476163", "Villl_name": "HARIYA KHEDI", "Sub_dist": "SANWER", "District": "INDORE" }, "geometry": { "type": "Polygon", "coordinates": [ [ [ 75.703417195516323, 22.906746947560492, 0.0 ], [ 75.697534441554396, 22.904807251589574, 0.0 ], [ 75.685726366221161, 22.906419336918585, 0.0 ], [ 75.683471826999963, 22.905187965815166, 0.0 ], [ 75.68059196294935, 22.916043546203881, 0.0 ], [ 75.681950020917569, 22.917753549908905, 0.0 ], [ 75.68726914963392, 22.916798445952413, 0.0 ], [ 75.701530222008287, 22.919234554705707, 0.0 ], [ 75.703417195516323, 22.906746947560492, 0.0 ] ] ] } },
{ "type": "Feature", "properties": { "Vill_LGD": "476165", "Villl_name": "RATAN KHEDI", "Sub_dist": "SANWER", "District": "INDORE" }, "geometry": { "type": "Polygon", "coordinates": [ [ [ 75.716321879052458, 22.889554297725379, 0.0 ], [ 75.714041861872559, 22.877652458006931, 0.0 ], [ 75.70977666318349, 22.870583692779391, 0.0 ], [ 75.706364516083866, 22.869451069601638, 0.0 ], [ 75.706512042738026, 22.870674113126569, 0.0 ], [ 75.688809101398178, 22.875287194913685, 0.0 ], [ 75.688477497251739, 22.878753267328683, 0.0 ], [ 75.690323959553737, 22.878591464112414, 0.0 ], [ 75.689419764188557, 22.880542621903299, 0.0 ], [ 75.691113939984916, 22.882760279795622, 0.0 ], [ 75.689855397210678, 22.885593960744682, 0.0 ], [ 75.70262834431017, 22.88621262050491, 0.0 ], [ 75.702590273438986, 22.889144117544145, 0.0 ], [ 75.708567478660143, 22.891209488974553, 0.0 ], [ 75.716321879052458, 22.889554297725379, 0.0 ] ] ] } },
{ "type": "Feature", "properties": { "Vill_LGD": "476164", "Villl_name": "BIBIKHEDI", "Sub_dist": "SANWER", "District": "INDORE" }, "geometry": { "type": "Polygon", "coordinates": [ [ [ 75.692228508105899, 22.904823085076213, 0.0 ], [ 75.692095183577294, 22.899674183183492, 0.0 ], [ 75.694793492352531, 22.898717640255693, 0.0 ], [ 75.695707205898245, 22.8944774403924, 0.0 ], [ 75.703016911045069, 22.888757216629436, 0.0 ], [ 75.70262834431017, 22.88621262050491, 0.0 ], [ 75.687116445472697, 22.885977310944572, 0.0 ], [ 75.685403233797018, 22.891587446077615, 0.0 ], [ 75.681105927349492, 22.895513555540425, 0.0 ], [ 75.680577686597474, 22.904193830434355, 0.0 ], [ 75.685506265776567, 22.906419336837072, 0.0 ], [ 75.692228508105899, 22.904823085076213, 0.0 ] ] ] } },
{ "type": "Feature", "properties": { "Vill_LGD": "476235", "Villl_name": "POTLOD", "Sub_dist": "SANWER", "District": "INDORE" }, "geometry": { "type": "Polygon", "coordinates": [ [ [ 75.716429283353406, 23.015032280804867, 0.0 ], [ 75.717834163995903, 22.997498469437648, 0.0 ], [ 75.714310409412164, 22.996693326428812, 0.0 ], [ 75.713108782716432, 22.985837036694051, 0.0 ], [ 75.713471650093865, 22.982267844766579, 0.0 ], [ 75.715393064747147, 22.982327331777373, 0.0 ], [ 75.714881481498466, 22.975426894726212, 0.0 ], [ 75.718433436730308, 22.968064821596727, 0.0 ], [ 75.718761802272923, 22.960797946765066, 0.0 ], [ 75.703132736844239, 22.961246844125558, 0.0 ], [ 75.699413108373832, 22.962605037855496, 0.0 ], [ 75.697300147155644, 22.96550798158669, 0.0 ], [ 75.691390181016274, 22.979725395494079, 0.0 ], [ 75.676413565612194, 23.004571110540613, 0.0 ], [ 75.688015143597482, 23.007564154046932, 0.0 ], [ 75.689137058147566, 23.009822263498826, 0.0 ], [ 75.692910883999019, 23.011159519936971, 0.0 ], [ 75.706055026877678, 23.010878742392112, 0.0 ], [ 75.709328303045197, 23.01816104077815, 0.0 ], [ 75.716429283353406, 23.015032280804867, 0.0 ] ] ] } },
{ "type": "Feature", "properties": { "Vill_LGD": "476113", "Villl_name": "RALAMANDAL", "Sub_dist": "SANWER", "District": "INDORE" }, "geometry": { "type": "Polygon", "coordinates": [ [ [ 75.753905439055828, 23.035696006009665, 0.0 ], [ 75.760367001486301, 23.034641816356729, 0.0 ], [ 75.760640148126498, 23.018171750532769, 0.0 ], [ 75.74831135004527, 23.0178419370081, 0.0 ], [ 75.731292712325953, 23.020315038031441, 0.0 ], [ 75.732693869184104, 23.033922029331642, 0.0 ], [ 75.753905439055828, 23.035696006009665, 0.0 ] ] ] } },
{ "type": "Feature", "properties": { "Vill_LGD": "476237", "Villl_name": "KACHHALYA", "Sub_dist": "SANWER", "District": "INDORE" }, "geometry": { "type": "Polygon", "coordinates": [ [ [ 75.733698294811276, 22.93966072971191, 0.0 ], [ 75.743144797820307, 22.920611612980373, 0.0 ], [ 75.723077296257671, 22.911209330495083, 0.0 ], [ 75.712075106135742, 22.907565991941688, 0.0 ], [ 75.703417195516323, 22.906746947560492, 0.0 ], [ 75.700576118658873, 22.927790900095797, 0.0 ], [ 75.702603420127005, 22.946117508168737, 0.0 ], [ 75.715877797567174, 22.948359907432735, 0.0 ], [ 75.724513135465941, 22.94799238327737, 0.0 ], [ 75.725098997710148, 22.944993046756558, 0.0 ], [ 75.733698294811276, 22.93966072971191, 0.0 ] ] ] } },
{ "type": "Feature", "properties": { "Vill_LGD": "476155", "Villl_name": "AJNOD", "Sub_dist": "SANWER", "District": "INDORE" }, "geometry": { "type": "Polygon", "coordinates": [ [ [ 75.774141589057379, 22.933732750293156, 0.0 ], [ 75.765886334469656, 22.933039946093817, 0.0 ], [ 75.766248268038055, 22.925550267417471, 0.0 ], [ 75.760712919962813, 22.923039600639175, 0.0 ], [ 75.760955046957619, 22.92035381003803, 0.0 ], [ 75.743144797820307, 22.920611612980373, 0.0 ], [ 75.733698294811276, 22.93966072971191, 0.0 ], [ 75.74138316306113, 22.944082650744253, 0.0 ], [ 75.755661729144805, 22.947425840142468, 0.0 ], [ 75.761848851159939, 22.950456539127973, 0.0 ], [ 75.767758684786187, 22.946076203864454, 0.0 ], [ 75.769620612779647, 22.939413713642374, 0.0 ], [ 75.773326623919814, 22.93756963129707, 0.0 ], [ 75.774141589057379, 22.933732750293156, 0.0 ] ] ] } },
{ "type": "Feature", "properties": { "Vill_LGD": "476156", "Villl_name": "BALGHARA", "Sub_dist": "SANWER", "District": "INDORE" }, "geometry": { "type": "Polygon", "coordinates": [ [ [ 75.739144265472547, 22.969035641431752, 0.0 ], [ 75.741106566305177, 22.943135671951758, 0.0 ], [ 75.733698294811276, 22.93966072971191, 0.0 ], [ 75.725098997710148, 22.944993046756558, 0.0 ], [ 75.724513135465941, 22.94799238327737, 0.0 ], [ 75.715877797567174, 22.948359907432735, 0.0 ], [ 75.704759211605676, 22.946136543696625, 0.0 ], [ 75.703132736844239, 22.961246844125558, 0.0 ], [ 75.718761802272923, 22.960797946765066, 0.0 ], [ 75.71764345530616, 22.970510907229713, 0.0 ], [ 75.739144265472547, 22.969035641431752, 0.0 ] ] ] } },
{ "type": "Feature", "properties": { "Vill_LGD": "476121", "Villl_name": "DAYA KHEDA", "Sub_dist": "SANWER", "District": "INDORE" }, "geometry": { "type": "Polygon", "coordinates": [ [ [ 75.739334622475468, 22.969435390426138, 0.0 ], [ 75.748671627077002, 22.964295754467596, 0.0 ], [ 75.761221115840115, 22.960376763211638, 0.0 ], [ 75.761848851159939, 22.950456539127973, 0.0 ], [ 75.755661729144805, 22.947425840142468, 0.0 ], [ 75.741217172519498, 22.944210525941585, 0.0 ], [ 75.738612851977663, 22.9659028817542, 0.0 ], [ 75.739334622475468, 22.969435390426138, 0.0 ] ] ] } },
{ "type": "Feature", "properties": { "Vill_LGD": "476115", "Villl_name": "BALRIA", "Sub_dist": "SANWER", "District": "INDORE" }, "geometry": { "type": "Polygon", "coordinates": [ [ [ 75.731292712325953, 23.020315038031441, 0.0 ], [ 75.749153680207712, 23.017841937259305, 0.0 ], [ 75.749819306730558, 22.999826211417108, 0.0 ], [ 75.723929413137213, 22.999628652987791, 0.0 ], [ 75.724101805041826, 22.997289068238999, 0.0 ], [ 75.717834304122889, 22.997496081032097, 0.0 ], [ 75.716429283353406, 23.015032280804867, 0.0 ], [ 75.731341145848006, 23.015574006355287, 0.0 ], [ 75.731292712325953, 23.020315038031441, 0.0 ] ] ] } },
{ "type": "Feature", "properties": { "Vill_LGD": "476119", "Villl_name": "SINNOD", "Sub_dist": "SANWER", "District": "INDORE" }, "geometry": { "type": "Polygon", "coordinates": [ [ [ 75.761104964619406, 22.979415782403372, 0.0 ], [ 75.760953426177878, 22.97283919089239, 0.0 ], [ 75.757835869388558, 22.962476987232396, 0.0 ], [ 75.748671627077002, 22.964295754467596, 0.0 ], [ 75.740801611221244, 22.969526541236252, 0.0 ], [ 75.743496316256397, 22.980625755501841, 0.0 ], [ 75.753075304841886, 22.982957778301444, 0.0 ], [ 75.761104964619406, 22.979415782403372, 0.0 ] ] ] } },
{ "type": "Feature", "properties": { "Vill_LGD": "476116", "Villl_name": "CHITODA", "Sub_dist": "SANWER", "District": "INDORE" }, "geometry": { "type": "Polygon", "coordinates": [ [ [ 75.749819306730558, 22.999826211417108, 0.0 ], [ 75.757769708319401, 22.997875879557128, 0.0 ], [ 75.751957360364926, 22.982317002555799, 0.0 ], [ 75.743296123443059, 22.980609739865415, 0.0 ], [ 75.738785458336665, 22.985025325657332, 0.0 ], [ 75.734602365781456, 22.986645737231417, 0.0 ], [ 75.722659850378776, 22.988437473133576, 0.0 ], [ 75.723929413137213, 22.999628652987791, 0.0 ], [ 75.749819306730558, 22.999826211417108, 0.0 ] ] ] } },
{ "type": "Feature", "properties": { "Vill_LGD": "476114", "Villl_name": "GULAWAT", "Sub_dist": "SANWER", "District": "INDORE" }, "geometry": { "type": "Polygon", "coordinates": [ [ [ 75.760640148126498, 23.018171750532769, 0.0 ], [ 75.763173464563224, 23.005049955232995, 0.0 ], [ 75.762302580325141, 23.001395102986518, 0.0 ], [ 75.759111724110625, 22.997626037462204, 0.0 ], [ 75.749851431306695, 22.999784234715207, 0.0 ], [ 75.749153680207712, 23.017841937259305, 0.0 ], [ 75.760640148126498, 23.018171750532769, 0.0 ] ] ] } },
{ "type": "Feature", "properties": { "Vill_LGD": "476118", "Villl_name": "MAGAR KHEDI", "Sub_dist": "SANWER", "District": "INDORE" }, "geometry": { "type": "Polygon", "coordinates": [ [ [ 75.720133665109955, 22.988749258857439, 0.0 ], [ 75.734602365781456, 22.986645737231417, 0.0 ], [ 75.738785458336665, 22.985025325657332, 0.0 ], [ 75.743496316256397, 22.980625755501841, 0.0 ], [ 75.740801611221244, 22.969526541236252, 0.0 ], [ 75.716867855113506, 22.970605869166931, 0.0 ], [ 75.720133665109955, 22.988749258857439, 0.0 ] ] ] } },
{ "type": "Feature", "properties": { "Vill_LGD": "476117", "Villl_name": "TUMANI", "Sub_dist": "SANWER", "District": "INDORE" }, "geometry": { "type": "Polygon", "coordinates": [ [ [ 75.724101805041826, 22.997289068238999, 0.0 ], [ 75.722661184107551, 22.98844188815055, 0.0 ], [ 75.720133665109955, 22.988749258857439, 0.0 ], [ 75.719717259383117, 22.987309684482092, 0.0 ], [ 75.718039739595511, 22.97397875471858, 0.0 ], [ 75.715172964685806, 22.973844553227952, 0.0 ], [ 75.715422807742286, 22.982184564339008, 0.0 ], [ 75.713471650093865, 22.982267844766579, 0.0 ], [ 75.713108782716432, 22.985837036694051, 0.0 ], [ 75.714310409412164, 22.996693326428812, 0.0 ], [ 75.724101805041826, 22.997289068238999, 0.0 ] ] ] } },
{ "type": "Feature", "properties": { "Vill_LGD": "476137", "Villl_name": "BILODA NAYATA", "Sub_dist": "SANWER", "District": "INDORE" }, "geometry": { "type": "Polygon", "coordinates": [ [ [ 75.897601858748658, 23.00161121458985, 0.0 ], [ 75.895200771467799, 23.00073745935752, 0.0 ], [ 75.891493570989439, 23.000837397276563, 0.0 ], [ 75.890622688945314, 22.998357998123041, 0.0 ], [ 75.883132145509165, 22.996502018170059, 0.0 ], [ 75.879053749062578, 22.993465827467837, 0.0 ], [ 75.873818935584467, 22.992756746839571, 0.0 ], [ 75.872400776000859, 22.993846540090949, 0.0 ], [ 75.872842166356065, 22.998327065249974, 0.0 ], [ 75.876364958324217, 23.0055285036354, 0.0 ], [ 75.878977606980342, 23.005878284106867, 0.0 ], [ 75.878416053818441, 23.007339273359854, 0.0 ], [ 75.880057882491698, 23.008167326643566, 0.0 ], [ 75.887073615285189, 23.010048561534319, 0.0 ], [ 75.891918198918873, 23.005032834446453, 0.0 ], [ 75.895934729575828, 23.005832333988032, 0.0 ], [ 75.897601858748658, 23.00161121458985, 0.0 ] ] ] } },
{ "type": "Feature", "properties": { "Vill_LGD": "476135", "Villl_name": "PANOD", "Sub_dist": "SANWER", "District": "INDORE" }, "geometry": { "type": "Polygon", "coordinates": [ [ [ 75.870090422763681, 23.02105630164057, 0.0 ], [ 75.872979207135813, 23.015922138461089, 0.0 ], [ 75.869181586994046, 23.011853261049904, 0.0 ], [ 75.870059608121196, 23.004921890796204, 0.0 ], [ 75.875413396540793, 23.006178246885405, 0.0 ], [ 75.877576325853738, 23.006456644375049, 0.0 ], [ 75.877762695769306, 23.006327144193396, 0.0 ], [ 75.873121752467384, 22.999082543788493, 0.0 ], [ 75.872193465855915, 22.991543420642007, 0.0 ], [ 75.868738487302451, 22.991419687745438, 0.0 ], [ 75.8683720507468, 22.987269907290962, 0.0 ], [ 75.857402735782401, 22.988283558412412, 0.0 ], [ 75.843991850654689, 22.993010209894504, 0.0 ], [ 75.846990215154918, 22.998486688079602, 0.0 ], [ 75.847508937027868, 23.005815427274577, 0.0 ], [ 75.847589838688819, 23.012839595846437, 0.0 ], [ 75.845577214392648, 23.01824377987209, 0.0 ], [ 75.860296560337076, 23.023026496605496, 0.0 ], [ 75.86725410460744, 23.022583916236101, 0.0 ], [ 75.866978087477563, 23.021494122922149, 0.0 ], [ 75.870090422763681, 23.02105630164057, 0.0 ] ] ] } },
{ "type": "Feature", "properties": { "Vill_LGD": "476132", "Villl_name": "BARODIYA KHAN", "Sub_dist": "SANWER", "District": "INDORE" }, "geometry": { "type": "Polygon", "coordinates": [ [ [ 75.842425096344243, 23.023270419731112, 0.0 ], [ 75.847589838688819, 23.012839595846437, 0.0 ], [ 75.847004492110898, 22.998972098003026, 0.0 ], [ 75.836957913141646, 22.999389925631426, 0.0 ], [ 75.836894372401389, 23.004813844564968, 0.0 ], [ 75.834676120620045, 23.00537158808789, 0.0 ], [ 75.833378273712825, 23.005232611718778, 0.0 ], [ 75.833756589502912, 22.999830755957628, 0.0 ], [ 75.815287981651707, 22.99953928202407, 0.0 ], [ 75.818195683265714, 23.003717614956603, 0.0 ], [ 75.817952977987147, 23.00574967508172, 0.0 ], [ 75.811659465859194, 23.006149613746626, 0.0 ], [ 75.813006240740947, 23.0096093493955, 0.0 ], [ 75.81667537000186, 23.012531327782352, 0.0 ], [ 75.81499071117463, 23.015134458313863, 0.0 ], [ 75.815259751967162, 23.020729065139829, 0.0 ], [ 75.842425096344243, 23.023270419731112, 0.0 ] ] ] } },
{ "type": "Feature", "properties": { "Vill_LGD": "476127", "Villl_name": "THIRA KHEDI", "Sub_dist": "SANWER", "District": "INDORE" }, "geometry": { "type": "Polygon", "coordinates": [ [ [ 75.772629892562463, 23.027952157162272, 0.0 ], [ 75.772431213752668, 23.006465992612309, 0.0 ], [ 75.762883896742196, 23.005834198688603, 0.0 ], [ 75.760623047656964, 23.02820783223903, 0.0 ], [ 75.772629892562463, 23.027952157162272, 0.0 ] ] ] } },
{ "type": "Feature", "properties": { "Vill_LGD": "476126", "Villl_name": "HINDOLIYA", "Sub_dist": "SANWER", "District": "INDORE" }, "geometry": { "type": "Polygon", "coordinates": [ [ [ 75.779456226565998, 23.027265486740227, 0.0 ], [ 75.783179930962518, 23.012515870930493, 0.0 ], [ 75.78248036940569, 23.00775219012932, 0.0 ], [ 75.772431213752668, 23.006465992612309, 0.0 ], [ 75.772629892562463, 23.027952157162272, 0.0 ], [ 75.779456226565998, 23.027265486740227, 0.0 ] ] ] } },
{ "type": "Feature", "properties": { "Vill_LGD": "476128", "Villl_name": "TILAWADA", "Sub_dist": "SANWER", "District": "INDORE" }, "geometry": { "type": "Polygon", "coordinates": [ [ [ 75.793732993102537, 23.03476673799268, 0.0 ], [ 75.799862097705912, 23.032797197439621, 0.0 ], [ 75.797725341278095, 23.030865075427922, 0.0 ], [ 75.798681884979231, 23.01753533504413, 0.0 ], [ 75.795774414159723, 23.004920135344008, 0.0 ], [ 75.789363357579447, 23.004823271941973, 0.0 ], [ 75.782278627863505, 23.007191119094234, 0.0 ], [ 75.783179930962518, 23.012515870930493, 0.0 ], [ 75.778165368242568, 23.03225640783193, 0.0 ], [ 75.793732993102537, 23.03476673799268, 0.0 ] ] ] } },
{ "type": "Feature", "properties": { "Vill_LGD": "476130", "Villl_name": "SHAHDA", "Sub_dist": "SANWER", "District": "INDORE" }, "geometry": { "type": "Polygon", "coordinates": [ [ [ 75.815259751967162, 23.020729065139829, 0.0 ], [ 75.81499071117463, 23.015134458313863, 0.0 ], [ 75.81667537000186, 23.012531327782352, 0.0 ], [ 75.813006240740947, 23.0096093493955, 0.0 ], [ 75.811715877551777, 23.005875858950407, 0.0 ], [ 75.809584017454981, 23.005775056253302, 0.0 ], [ 75.81090699732168, 23.004789959625889, 0.0 ], [ 75.809507874269542, 23.001791838022957, 0.0 ], [ 75.805186773333517, 23.003638299871046, 0.0 ], [ 75.797248890859265, 23.002729346389078, 0.0 ], [ 75.795569550274919, 23.005362012064758, 0.0 ], [ 75.798762845051385, 23.021326097858573, 0.0 ], [ 75.815259751967162, 23.020729065139829, 0.0 ] ] ] } },
{ "type": "Feature", "properties": { "Vill_LGD": "476133", "Villl_name": "KITHODA", "Sub_dist": "SANWER", "District": "INDORE" }, "geometry": { "type": "Polygon", "coordinates": [ [ [ 75.842677633272146, 23.028625191177568, 0.0 ], [ 75.842425096344243, 23.023270419731112, 0.0 ], [ 75.82196332538382, 23.020616339728285, 0.0 ], [ 75.815259751967162, 23.020729065139829, 0.0 ], [ 75.812727844226202, 23.026168018551289, 0.0 ], [ 75.815050316106763, 23.037599293188435, 0.0 ], [ 75.842677633272146, 23.028625191177568, 0.0 ] ] ] } },
{ "type": "Feature", "properties": { "Vill_LGD": "476129", "Villl_name": "LOHAGAL", "Sub_dist": "SANWER", "District": "INDORE" }, "geometry": { "type": "Polygon", "coordinates": [ [ [ 75.818016899177906, 23.040027567525442, 0.0 ], [ 75.813784323993374, 23.034584173116563, 0.0 ], [ 75.812727844226202, 23.026168018551289, 0.0 ], [ 75.814937967418743, 23.020390290734138, 0.0 ], [ 75.798762845051385, 23.021326097858573, 0.0 ], [ 75.797725341278095, 23.030865075427922, 0.0 ], [ 75.799862097705912, 23.032797197439621, 0.0 ], [ 75.79949168525637, 23.034976130606765, 0.0 ], [ 75.805092936163476, 23.034485961755497, 0.0 ], [ 75.807950669288445, 23.040144319714912, 0.0 ], [ 75.818016899177906, 23.040027567525442, 0.0 ] ] ] } },
{ "type": "Feature", "properties": { "Vill_LGD": "476136", "Villl_name": "SILODA KHURD", "Sub_dist": "SANWER", "District": "INDORE" }, "geometry": { "type": "Polygon", "coordinates": [ [ [ 75.885922743151397, 23.02079114329003, 0.0 ], [ 75.883361656546541, 23.019937778362014, 0.0 ], [ 75.883847066997546, 23.016911103473291, 0.0 ], [ 75.889043810425477, 23.01328480467059, 0.0 ], [ 75.888701168278729, 23.011638218208923, 0.0 ], [ 75.878473160983873, 23.007401140133972, 0.0 ], [ 75.878599271689993, 23.005699825174066, 0.0 ], [ 75.870059608121196, 23.004921890796204, 0.0 ], [ 75.869181586994046, 23.011853261049904, 0.0 ], [ 75.872979207135813, 23.015922138461089, 0.0 ], [ 75.871401624279059, 23.017956578628727, 0.0 ], [ 75.884968164361595, 23.024835587964908, 0.0 ], [ 75.885922743151397, 23.02079114329003, 0.0 ] ] ] } },
{ "type": "Feature", "properties": { "Vill_LGD": "476134", "Villl_name": "CHIMLI", "Sub_dist": "SANWER", "District": "INDORE" }, "geometry": { "type": "Polygon", "coordinates": [ [ [ 75.881163034228337, 23.028380106771134, 0.0 ], [ 75.884968164361595, 23.024835587964908, 0.0 ], [ 75.883527827398453, 23.02299299221659, 0.0 ], [ 75.871277179075847, 23.017936829313577, 0.0 ], [ 75.870090422763681, 23.02105630164057, 0.0 ], [ 75.866978087477563, 23.021494122922149, 0.0 ], [ 75.86725410460744, 23.022583916236101, 0.0 ], [ 75.860296560337076, 23.023026496605496, 0.0 ], [ 75.845357905486338, 23.017983990931288, 0.0 ], [ 75.842041055668275, 23.025967876750833, 0.0 ], [ 75.847217645000711, 23.035868269832939, 0.0 ], [ 75.864559155815101, 23.036087180124333, 0.0 ], [ 75.867616764651459, 23.036753428316509, 0.0 ], [ 75.867109938765367, 23.038723623227504, 0.0 ], [ 75.868875498426263, 23.039535019401992, 0.0 ], [ 75.870950389518015, 23.038259627577499, 0.0 ], [ 75.874424401661543, 23.039011537999272, 0.0 ], [ 75.872044940772213, 23.033253242193492, 0.0 ], [ 75.877051326710728, 23.030217049945112, 0.0 ], [ 75.877098915758737, 23.026457502483488, 0.0 ], [ 75.881163034228337, 23.028380106771134, 0.0 ] ] ] } },
{ "type": "Feature", "properties": { "Vill_LGD": "476147", "Villl_name": "KAYASTH KHEDI", "Sub_dist": "SANWER", "District": "INDORE" }, "geometry": { "type": "MultiPolygon", "coordinates": [ [ [ [ 75.836957913141646, 22.999389925631426, 0.0 ], [ 75.847004491855699, 22.998738910604118, 0.0 ], [ 75.843991850654689, 22.993010209894504, 0.0 ], [ 75.836237971125584, 22.990978996293371, 0.0 ], [ 75.836957913141646, 22.999389925631426, 0.0 ] ] ], [ [ [ 75.832695284126657, 22.999905661134871, 0.0 ], [ 75.831050475110487, 22.989083583988567, 0.0 ], [ 75.822900821394583, 22.985829670819918, 0.0 ], [ 75.820931817613356, 22.989351273253305, 0.0 ], [ 75.814882036943715, 22.9919448860614, 0.0 ], [ 75.813145030873486, 22.994627727706717, 0.0 ], [ 75.817101130459719, 22.999858129986574, 0.0 ], [ 75.820094492370771, 22.998787372362969, 0.0 ], [ 75.832695284126657, 22.999905661134871, 0.0 ] ] ] ] } },
{ "type": "Feature", "properties": { "Vill_LGD": "476131", "Villl_name": "BAWALYA KHEDI", "Sub_dist": "SANWER", "District": "INDORE" }, "geometry": { "type": "Polygon", "coordinates": [ [ [ 75.815844775708214, 22.99896345199441, 0.0 ], [ 75.807858662026391, 22.995715934397371, 0.0 ], [ 75.810035867662762, 22.993039041182687, 0.0 ], [ 75.807037746918979, 22.992450125329462, 0.0 ], [ 75.805245120790971, 22.98530698342838, 0.0 ], [ 75.801057270115749, 22.985744803676276, 0.0 ], [ 75.80055282352393, 22.982680058723297, 0.0 ], [ 75.794280565426561, 22.985273670157234, 0.0 ], [ 75.792413826300702, 23.004651950128601, 0.0 ], [ 75.79559278600172, 23.005004111180885, 0.0 ], [ 75.797248890859265, 23.002729346389078, 0.0 ], [ 75.808208689798988, 23.00330993455503, 0.0 ], [ 75.808803553824333, 23.001658588595856, 0.0 ], [ 75.810897478786941, 23.004675745728257, 0.0 ], [ 75.809645883762741, 23.005855957648183, 0.0 ], [ 75.816791800576596, 23.006630076444498, 0.0 ], [ 75.818319414356736, 23.004174472191906, 0.0 ], [ 75.815445025711597, 23.000943163628389, 0.0 ], [ 75.815844775708214, 22.99896345199441, 0.0 ] ] ] } },
{ "type": "Feature", "properties": { "Vill_LGD": "476125", "Villl_name": "PANCHOLA", "Sub_dist": "SANWER", "District": "INDORE" }, "geometry": { "type": "Polygon", "coordinates": [ [ [ 75.782278627863505, 23.007191119094234, 0.0 ], [ 75.792453139520234, 23.004594893996778, 0.0 ], [ 75.794851634132428, 22.98777686275271, 0.0 ], [ 75.79364524867853, 22.981220258751097, 0.0 ], [ 75.781301794952682, 22.978608799810544, 0.0 ], [ 75.770756118329331, 22.978889189759297, 0.0 ], [ 75.772445390104338, 23.006469858453581, 0.0 ], [ 75.782278627863505, 23.007191119094234, 0.0 ] ] ] } },
{ "type": "Feature", "properties": { "Vill_LGD": "476124", "Villl_name": "MALA KHEDI", "Sub_dist": "SANWER", "District": "INDORE" }, "geometry": { "type": "Polygon", "coordinates": [ [ [ 75.770756118329331, 22.978889189759297, 0.0 ], [ 75.761104964619406, 22.979415782403372, 0.0 ], [ 75.752938827918413, 22.983067455841073, 0.0 ], [ 75.754279038996287, 22.990273501859416, 0.0 ], [ 75.757769708319401, 22.997875879557128, 0.0 ], [ 75.759111724110625, 22.997626037462204, 0.0 ], [ 75.762302580325141, 23.001395102986518, 0.0 ], [ 75.762883896742196, 23.005834198688603, 0.0 ], [ 75.772445390104338, 23.006469858453581, 0.0 ], [ 75.770756118329331, 22.978889189759297, 0.0 ] ] ] } },
{ "type": "Feature", "properties": { "Vill_LGD": "476146", "Villl_name": "LALA KHEDA", "Sub_dist": "SANWER", "District": "INDORE" }, "geometry": { "type": "Polygon", "coordinates": [ [ [ 75.814935575497643, 22.997322468519595, 0.0 ], [ 75.813150979733393, 22.995478384861389, 0.0 ], [ 75.814055175128814, 22.992777696566133, 0.0 ], [ 75.821157865834778, 22.98910142968132, 0.0 ], [ 75.82513963680384, 22.979970246946625, 0.0 ], [ 75.821391094693027, 22.978584433618298, 0.0 ], [ 75.819544771141096, 22.974791374142779, 0.0 ], [ 75.814536933029046, 22.975517017587435, 0.0 ], [ 75.814653842899787, 22.981304420363543, 0.0 ], [ 75.813192853276007, 22.982551257944952, 0.0 ], [ 75.814587218016641, 22.983131846356443, 0.0 ], [ 75.812088783654417, 22.984592835688307, 0.0 ], [ 75.814192227670404, 22.985677869348372, 0.0 ], [ 75.807977074979803, 22.987419634416849, 0.0 ], [ 75.806103808600469, 22.990368096120871, 0.0 ], [ 75.807471999049397, 22.993033093725899, 0.0 ], [ 75.810035867662762, 22.993039041182687, 0.0 ], [ 75.807930045299528, 22.995787319497826, 0.0 ], [ 75.810190532284295, 22.997375609153146, 0.0 ], [ 75.814935575497643, 22.997322468519595, 0.0 ] ] ] } },
{ "type": "Feature", "properties": { "Vill_LGD": "476187", "Villl_name": "TARANA", "Sub_dist": "SANWER", "District": "INDORE" }, "geometry": { "type": "Polygon", "coordinates": [ [ [ 75.862932045348074, 22.935793854440266, 0.0 ], [ 75.861754877121442, 22.918134964670887, 0.0 ], [ 75.845253314932563, 22.918479987397145, 0.0 ], [ 75.845937410545588, 22.922037280656756, 0.0 ], [ 75.843861329664705, 22.92338762550504, 0.0 ], [ 75.845098649951851, 22.92955042931797, 0.0 ], [ 75.843498462616068, 22.931180359612856, 0.0 ], [ 75.84391538893756, 22.937732714756475, 0.0 ], [ 75.862932045348074, 22.935793854440266, 0.0 ] ] ] } },
{ "type": "Feature", "properties": { "Vill_LGD": "476186", "Villl_name": "KAJLANA", "Sub_dist": "SANWER", "District": "INDORE" }, "geometry": { "type": "Polygon", "coordinates": [ [ [ 75.868625238122419, 22.947324736254298, 0.0 ], [ 75.867453353382402, 22.943068647125795, 0.0 ], [ 75.862148344400552, 22.942253681131785, 0.0 ], [ 75.862932045348074, 22.935793854440266, 0.0 ], [ 75.84391538893756, 22.937732714756475, 0.0 ], [ 75.842792151972333, 22.939107065692074, 0.0 ], [ 75.841656992906422, 22.948292668559315, 0.0 ], [ 75.845932884084945, 22.949963049910874, 0.0 ], [ 75.864494407469778, 22.951289710074278, 0.0 ], [ 75.868625238122419, 22.947324736254298, 0.0 ] ] ] } },
{ "type": "Feature", "properties": { "Vill_LGD": "476148", "Villl_name": "UGAM KHEDI", "Sub_dist": "SANWER", "District": "INDORE" }, "geometry": { "type": "Polygon", "coordinates": [ [ [ 75.864494407469778, 22.951289710074278, 0.0 ], [ 75.84783169392054, 22.950155787286057, 0.0 ], [ 75.843541526826172, 22.959050212664792, 0.0 ], [ 75.843182850243664, 22.963585549954168, 0.0 ], [ 75.852760180548188, 22.961069270334427, 0.0 ], [ 75.859434568449288, 22.953883296956214, 0.0 ], [ 75.863324987934092, 22.953288431883603, 0.0 ], [ 75.864494407469778, 22.951289710074278, 0.0 ] ] ] } },
{ "type": "Feature", "properties": { "Vill_LGD": "476120", "Villl_name": "MANDOT", "Sub_dist": "SANWER", "District": "INDORE" }, "geometry": { "type": "Polygon", "coordinates": [ [ [ 75.761104964619406, 22.979415782403372, 0.0 ], [ 75.784454581664463, 22.979233409278304, 0.0 ], [ 75.78426929209877, 22.964202907697668, 0.0 ], [ 75.774569418256675, 22.962246990999073, 0.0 ], [ 75.757824436350717, 22.962482586971863, 0.0 ], [ 75.760953426177878, 22.97283919089239, 0.0 ], [ 75.761104964619406, 22.979415782403372, 0.0 ] ] ] } },
{ "type": "Feature", "properties": { "Vill_LGD": "476122", "Villl_name": "NAGPUR", "Sub_dist": "SANWER", "District": "INDORE" }, "geometry": { "type": "Polygon", "coordinates": [ [ [ 75.784100468863926, 22.964101424667156, 0.0 ], [ 75.788332221014443, 22.95118487712255, 0.0 ], [ 75.788039547905242, 22.944738916605115, 0.0 ], [ 75.782014752039927, 22.94335407114605, 0.0 ], [ 75.782048882627222, 22.933131518524121, 0.0 ], [ 75.774141589057379, 22.933732750293156, 0.0 ], [ 75.773326623919814, 22.93756963129707, 0.0 ], [ 75.769620612779647, 22.939413713642374, 0.0 ], [ 75.767758684786187, 22.946076203864454, 0.0 ], [ 75.761845724652943, 22.950448463525547, 0.0 ], [ 75.761399576233799, 22.960144767750549, 0.0 ], [ 75.757919614153835, 22.961102500808952, 0.0 ], [ 75.758115919952232, 22.962339819812208, 0.0 ], [ 75.774569418256675, 22.962246990999073, 0.0 ], [ 75.784100468863926, 22.964101424667156, 0.0 ] ] ] } },
{ "type": "Feature", "properties": { "Vill_LGD": "476123", "Villl_name": "MUKATA", "Sub_dist": "SANWER", "District": "INDORE" }, "geometry": { "type": "Polygon", "coordinates": [ [ [ 75.80055282352393, 22.982680058723297, 0.0 ], [ 75.799861513405162, 22.978299954914192, 0.0 ], [ 75.804293258664799, 22.9606919434205, 0.0 ], [ 75.803264141912393, 22.954880111043153, 0.0 ], [ 75.800135150914755, 22.95464811280117, 0.0 ], [ 75.800295765124204, 22.949377607115672, 0.0 ], [ 75.801991131117063, 22.949306222853771, 0.0 ], [ 75.801931643941742, 22.946962453733626, 0.0 ], [ 75.794416910483335, 22.947532929990043, 0.0 ], [ 75.788144771511114, 22.945598176794679, 0.0 ], [ 75.788332221014443, 22.95118487712255, 0.0 ], [ 75.783983756056102, 22.964845362484215, 0.0 ], [ 75.784454581664463, 22.979233409278304, 0.0 ], [ 75.79364524867853, 22.981220258751097, 0.0 ], [ 75.794557811281351, 22.98510217687436, 0.0 ], [ 75.80055282352393, 22.982680058723297, 0.0 ] ] ] } },
{ "type": "Feature", "properties": { "Vill_LGD": "476149", "Villl_name": "BISA KHEDI", "Sub_dist": "SANWER", "District": "INDORE" }, "geometry": { "type": "Polygon", "coordinates": [ [ [ 75.794030247046777, 22.947473442810828, 0.0 ], [ 75.80798142394039, 22.945392010039214, 0.0 ], [ 75.808255062319304, 22.940835341767841, 0.0 ], [ 75.813382800290526, 22.938812800074913, 0.0 ], [ 75.812577366692054, 22.934547297708505, 0.0 ], [ 75.799282127817406, 22.93295900634401, 0.0 ], [ 75.79851475248249, 22.931531330971172, 0.0 ], [ 75.782042933196891, 22.932976852409073, 0.0 ], [ 75.782014752039927, 22.94335407114605, 0.0 ], [ 75.794030247046777, 22.947473442810828, 0.0 ] ] ] } },
{ "type": "Feature", "properties": { "Vill_LGD": "476145", "Villl_name": "GAWALA", "Sub_dist": "SANWER", "District": "INDORE" }, "geometry": { "type": "Polygon", "coordinates": [ [ [ 75.828376997065462, 22.953869986851462, 0.0 ], [ 75.826428790657175, 22.945919531174276, 0.0 ], [ 75.827472792198236, 22.935302775830731, 0.0 ], [ 75.827056386775752, 22.933369464370081, 0.0 ], [ 75.825170663944675, 22.932953059784776, 0.0 ], [ 75.813231717460255, 22.935142163310925, 0.0 ], [ 75.813257878390772, 22.939026952113078, 0.0 ], [ 75.808255062319304, 22.940835341767841, 0.0 ], [ 75.807166457791638, 22.946123693527088, 0.0 ], [ 75.801931643941742, 22.946962453733626, 0.0 ], [ 75.799915050633118, 22.952024757294712, 0.0 ], [ 75.800135150914755, 22.95464811280117, 0.0 ], [ 75.802181487163949, 22.954886059394056, 0.0 ], [ 75.826043316692619, 22.955051605190686, 0.0 ], [ 75.828376997065462, 22.953869986851462, 0.0 ] ] ] } },
{ "type": "Feature", "properties": { "Vill_LGD": "476185", "Villl_name": "LAKHMAN KHEDI", "Sub_dist": "SANWER", "District": "INDORE" }, "geometry": { "type": "Polygon", "coordinates": [ [ [ 75.844213711600631, 22.949322822536416, 0.0 ], [ 75.841628438844566, 22.948142763243403, 0.0 ], [ 75.842792151972333, 22.939107065692074, 0.0 ], [ 75.827499331128521, 22.937859818373294, 0.0 ], [ 75.826428790657175, 22.945919531174276, 0.0 ], [ 75.828299045576102, 22.95385027476658, 0.0 ], [ 75.842052330539047, 22.955660746756429, 0.0 ], [ 75.844213711600631, 22.949322822536416, 0.0 ] ] ] } },
{ "type": "Feature", "properties": { "Vill_LGD": "476151", "Villl_name": "TAKUN", "Sub_dist": "SANWER", "District": "INDORE" }, "geometry": { "type": "Polygon", "coordinates": [ [ [ 75.774141589057379, 22.933732750293156, 0.0 ], [ 75.791566035698168, 22.931804877981403, 0.0 ], [ 75.791147717248407, 22.927461251283816, 0.0 ], [ 75.794502757221096, 22.926063318239127, 0.0 ], [ 75.794788291592241, 22.920816606036471, 0.0 ], [ 75.799084037519137, 22.919426820326638, 0.0 ], [ 75.795375391222734, 22.913271682643934, 0.0 ], [ 75.793732473130675, 22.899443693073856, 0.0 ], [ 75.781103337476807, 22.897848055889138, 0.0 ], [ 75.781383896005707, 22.901558735483871, 0.0 ], [ 75.77760055339057, 22.902385599516048, 0.0 ], [ 75.767398614442442, 22.908792297472143, 0.0 ], [ 75.761550795468054, 22.908610092663483, 0.0 ], [ 75.760712919962813, 22.923039600639175, 0.0 ], [ 75.766248268038055, 22.925550267417471, 0.0 ], [ 75.765886334469656, 22.933039946093817, 0.0 ], [ 75.774141589057379, 22.933732750293156, 0.0 ] ] ] } },
{ "type": "Feature", "properties": { "Vill_LGD": "476184", "Villl_name": "DEOLI", "Sub_dist": "SANWER", "District": "INDORE" }, "geometry": { "type": "Polygon", "coordinates": [ [ [ 75.827704790072062, 22.937587058792765, 0.0 ], [ 75.843879175883927, 22.938723251650483, 0.0 ], [ 75.843516307153436, 22.931097078772748, 0.0 ], [ 75.845086753718704, 22.929948989048707, 0.0 ], [ 75.843861329664705, 22.92338762550504, 0.0 ], [ 75.845937410545588, 22.922037280656756, 0.0 ], [ 75.845571085656829, 22.919199926843685, 0.0 ], [ 75.821227499591998, 22.919874880294909, 0.0 ], [ 75.824355291098797, 22.932982802011537, 0.0 ], [ 75.827056386775752, 22.933369464370081, 0.0 ], [ 75.827704790072062, 22.937587058792765, 0.0 ] ] ] } },
{ "type": "Feature", "properties": { "Vill_LGD": "476183", "Villl_name": "BALODA", "Sub_dist": "SANWER", "District": "INDORE" }, "geometry": { "type": "Polygon", "coordinates": [ [ [ 75.845571085656829, 22.919199926843685, 0.0 ], [ 75.843958735826689, 22.917082010658266, 0.0 ], [ 75.844534565383015, 22.914269488103958, 0.0 ], [ 75.838309895212035, 22.912898918045649, 0.0 ], [ 75.840365749071864, 22.910567045659199, 0.0 ], [ 75.838552600303828, 22.910738367870024, 0.0 ], [ 75.838647778739883, 22.908292282272242, 0.0 ], [ 75.817865254066291, 22.909888765120172, 0.0 ], [ 75.821227499591998, 22.919874880294909, 0.0 ], [ 75.845571085656829, 22.919199926843685, 0.0 ] ] ] } },
{ "type": "Feature", "properties": { "Vill_LGD": "476150", "Villl_name": "KHAMOD KAMALYA", "Sub_dist": "SANWER", "District": "INDORE" }, "geometry": { "type": "Polygon", "coordinates": [ [ [ 75.824355291098797, 22.932982802011537, 0.0 ], [ 75.817865254066291, 22.909888765120172, 0.0 ], [ 75.812677706104949, 22.910946808160936, 0.0 ], [ 75.803146148996532, 22.917645974674258, 0.0 ], [ 75.794788291592241, 22.920816606036471, 0.0 ], [ 75.794502757221096, 22.926063318239127, 0.0 ], [ 75.791147717248407, 22.927461251283816, 0.0 ], [ 75.791566035698168, 22.931804877981403, 0.0 ], [ 75.79851475248249, 22.931531330971172, 0.0 ], [ 75.799282127817406, 22.93295900634401, 0.0 ], [ 75.807402039285918, 22.934487810743981, 0.0 ], [ 75.814445243952065, 22.935076728588324, 0.0 ], [ 75.824355291098797, 22.932982802011537, 0.0 ] ] ] } },
{ "type": "Feature", "properties": { "Vill_LGD": "476154", "Villl_name": "BALODATAKUN", "Sub_dist": "SANWER", "District": "INDORE" }, "geometry": { "type": "Polygon", "coordinates": [ [ [ 75.781383896005707, 22.901558735483871, 0.0 ], [ 75.781119626182161, 22.876525526420309, 0.0 ], [ 75.767872789960407, 22.865480781113853, 0.0 ], [ 75.757514205819646, 22.861962998960429, 0.0 ], [ 75.756298892495494, 22.874806840274125, 0.0 ], [ 75.74937942103459, 22.891244156481921, 0.0 ], [ 75.750759453587449, 22.905844540391421, 0.0 ], [ 75.756201240527048, 22.908274435720344, 0.0 ], [ 75.767398614442442, 22.908792297472143, 0.0 ], [ 75.77760055339057, 22.902385599516048, 0.0 ], [ 75.781383896005707, 22.901558735483871, 0.0 ] ] ] } },
{ "type": "Feature", "properties": { "Vill_LGD": "476153", "Villl_name": "DHATURIA", "Sub_dist": "SANWER", "District": "INDORE" }, "geometry": { "type": "Polygon", "coordinates": [ [ [ 75.793732473130675, 22.899443693073856, 0.0 ], [ 75.806009392630941, 22.897557233987868, 0.0 ], [ 75.803364170426093, 22.878409915774956, 0.0 ], [ 75.797054499754651, 22.880223920778874, 0.0 ], [ 75.781119626182161, 22.876525526420309, 0.0 ], [ 75.781103337476807, 22.897848055889138, 0.0 ], [ 75.793732473130675, 22.899443693073856, 0.0 ] ] ] } },
{ "type": "Feature", "properties": { "Vill_LGD": "476152", "Villl_name": "KAMALYA KHEDA", "Sub_dist": "SANWER", "District": "INDORE" }, "geometry": { "type": "Polygon", "coordinates": [ [ [ 75.812677706104949, 22.910946808160936, 0.0 ], [ 75.809765245652869, 22.899339798376698, 0.0 ], [ 75.806012579571188, 22.899668879213365, 0.0 ], [ 75.806009392630941, 22.897557233987868, 0.0 ], [ 75.793732473445772, 22.899386586364301, 0.0 ], [ 75.795375391222734, 22.913271682643934, 0.0 ], [ 75.799084037519137, 22.919426820326638, 0.0 ], [ 75.812677706104949, 22.910946808160936, 0.0 ] ] ] } },
{ "type": "Feature", "properties": { "Vill_LGD": "476178", "Villl_name": "SOLSINDA", "Sub_dist": "SANWER", "District": "INDORE" }, "geometry": { "type": "Polygon", "coordinates": [ [ [ 75.856218225071544, 22.89221042369692, 0.0 ], [ 75.859443744750479, 22.876738531394235, 0.0 ], [ 75.85906303075258, 22.872959946509091, 0.0 ], [ 75.857568728606751, 22.873378732965094, 0.0 ], [ 75.854661028162937, 22.865536028864884, 0.0 ], [ 75.857259399048715, 22.864517619951549, 0.0 ], [ 75.85692151592022, 22.861943042703437, 0.0 ], [ 75.840307822521964, 22.863320175949234, 0.0 ], [ 75.833027580242202, 22.862227833844184, 0.0 ], [ 75.830407062542548, 22.868136422506694, 0.0 ], [ 75.829818146065506, 22.879879063368715, 0.0 ], [ 75.830448703374202, 22.888165536161015, 0.0 ], [ 75.832786524246103, 22.892853073981133, 0.0 ], [ 75.856218225071544, 22.89221042369692, 0.0 ] ] ] } },
{ "type": "Feature", "properties": { "Vill_LGD": "476182", "Villl_name": "SILODA BUZURG", "Sub_dist": "SANWER", "District": "INDORE" }, "geometry": { "type": "Polygon", "coordinates": [ [ [ 75.86174053315311, 22.918132096387986, 0.0 ], [ 75.86257350954547, 22.907733776768392, 0.0 ], [ 75.838681090844602, 22.909786583232883, 0.0 ], [ 75.840365749071864, 22.910567045659199, 0.0 ], [ 75.838309895212035, 22.912898918045649, 0.0 ], [ 75.844534565383015, 22.914269488103958, 0.0 ], [ 75.843958735826689, 22.917082010658266, 0.0 ], [ 75.845253314932563, 22.918479987397145, 0.0 ], [ 75.86174053315311, 22.918132096387986, 0.0 ] ] ] } },
{ "type": "Feature", "properties": { "Vill_LGD": "476175", "Villl_name": "MURADPURA", "Sub_dist": "SANWER", "District": "INDORE" }, "geometry": { "type": "Polygon", "coordinates": [ [ [ 75.833027580242202, 22.862227833844184, 0.0 ], [ 75.831953712473947, 22.852092907495589, 0.0 ], [ 75.834038119210192, 22.83629155204601, 0.0 ], [ 75.815826285738439, 22.835943951732474, 0.0 ], [ 75.810904731962623, 22.845472706919736, 0.0 ], [ 75.810368174213778, 22.852122432001984, 0.0 ], [ 75.813513822043703, 22.856495882098987, 0.0 ], [ 75.816216888232276, 22.856543471432708, 0.0 ], [ 75.820004716666318, 22.866724939533679, 0.0 ], [ 75.830858913923592, 22.867046944202063, 0.0 ], [ 75.833027580242202, 22.862227833844184, 0.0 ] ] ] } },
{ "type": "Feature", "properties": { "Vill_LGD": "476181", "Villl_name": "RAJODA", "Sub_dist": "SANWER", "District": "INDORE" }, "geometry": { "type": "Polygon", "coordinates": [ [ [ 75.812677706104949, 22.910946808160936, 0.0 ], [ 75.863274212996544, 22.907937598361077, 0.0 ], [ 75.864321175667015, 22.893149248128545, 0.0 ], [ 75.849863439803897, 22.891798735300426, 0.0 ], [ 75.835058432885447, 22.892488778977558, 0.0 ], [ 75.831697919752017, 22.893293274504408, 0.0 ], [ 75.831804996117114, 22.896535290295322, 0.0 ], [ 75.833619334969285, 22.898070041157382, 0.0 ], [ 75.809765245652869, 22.899339798376698, 0.0 ], [ 75.812677706104949, 22.910946808160936, 0.0 ] ] ] } },
{ "type": "Feature", "properties": { "Vill_LGD": "476195", "Villl_name": "JETPURA", "Sub_dist": "SANWER", "District": "INDORE" }, "geometry": { "type": "Polygon", "coordinates": [ [ [ 75.864292976726929, 22.893083451486675, 0.0 ], [ 75.864243842792121, 22.881858705327655, 0.0 ], [ 75.86922762388393, 22.882150189126985, 0.0 ], [ 75.87083138064942, 22.878433470712146, 0.0 ], [ 75.874050790795422, 22.878083690096918, 0.0 ], [ 75.875740371340811, 22.870043336277924, 0.0 ], [ 75.873159868459254, 22.866615227309765, 0.0 ], [ 75.867112971996079, 22.864451852340117, 0.0 ], [ 75.865437927224477, 22.862204510753266, 0.0 ], [ 75.868209135853576, 22.860614755378489, 0.0 ], [ 75.859874493872169, 22.8541621221305, 0.0 ], [ 75.85669784664374, 22.856081955201038, 0.0 ], [ 75.859874426759916, 22.861207313939932, 0.0 ], [ 75.85677398888221, 22.862057256788862, 0.0 ], [ 75.857259399048715, 22.864517619951549, 0.0 ], [ 75.854670546047188, 22.865298083547579, 0.0 ], [ 75.857568728606751, 22.873378732965094, 0.0 ], [ 75.85906303075258, 22.872959946509091, 0.0 ], [ 75.859438985066362, 22.876414924917615, 0.0 ], [ 75.856218225071544, 22.89221042369692, 0.0 ], [ 75.864292976726929, 22.893083451486675, 0.0 ] ] ] } },
{ "type": "Feature", "properties": { "Vill_LGD": "476174", "Villl_name": "RINGNODIYA", "Sub_dist": "SANWER", "District": "INDORE" }, "geometry": { "type": "Polygon", "coordinates": [ [ [ 75.85179217090905, 22.837590260791377, 0.0 ], [ 75.843642349837197, 22.830011845773896, 0.0 ], [ 75.837100681467902, 22.835581445320457, 0.0 ], [ 75.834038119210192, 22.83629155204601, 0.0 ], [ 75.833274313310611, 22.849689652592264, 0.0 ], [ 75.846414708310576, 22.849753282088951, 0.0 ], [ 75.856912133632079, 22.852382301684194, 0.0 ], [ 75.85179217090905, 22.837590260791377, 0.0 ] ] ] } },
{ "type": "Feature", "properties": { "Vill_LGD": "476176", "Villl_name": "BARODIYA EMA", "Sub_dist": "SANWER", "District": "INDORE" }, "geometry": { "type": "Polygon", "coordinates": [ [ [ 75.840307822521964, 22.863320175949234, 0.0 ], [ 75.859874426759916, 22.861207313939932, 0.0 ], [ 75.856733537168722, 22.856224721792021, 0.0 ], [ 75.856912133632079, 22.852382301684194, 0.0 ], [ 75.846414708310576, 22.849753282088951, 0.0 ], [ 75.832286836451971, 22.849826470490108, 0.0 ], [ 75.833027580242202, 22.862227833844184, 0.0 ], [ 75.840307822521964, 22.863320175949234, 0.0 ] ] ] } },
{ "type": "Feature", "properties": { "Vill_LGD": "476180", "Villl_name": "BRAHMAN KHEDI", "Sub_dist": "SANWER", "District": "INDORE" }, "geometry": { "type": "Polygon", "coordinates": [ [ [ 75.806012579571188, 22.899668879213365, 0.0 ], [ 75.833619334969285, 22.898070041157382, 0.0 ], [ 75.831804996117114, 22.896535290295322, 0.0 ], [ 75.832786524246103, 22.892853073981133, 0.0 ], [ 75.831305447614056, 22.890097440553131, 0.0 ], [ 75.805997530979255, 22.894543721589145, 0.0 ], [ 75.806012579571188, 22.899668879213365, 0.0 ] ] ] } },
{ "type": "Feature", "properties": { "Vill_LGD": "476179", "Villl_name": "KATTKYA", "Sub_dist": "SANWER", "District": "INDORE" }, "geometry": { "type": "Polygon", "coordinates": [ [ [ 75.804701753216733, 22.894578495530254, 0.0 ], [ 75.831309300193936, 22.890097377624183, 0.0 ], [ 75.829818146065506, 22.879879063368715, 0.0 ], [ 75.830858913923592, 22.867046944202063, 0.0 ], [ 75.823852975960634, 22.866168390327996, 0.0 ], [ 75.811647605574876, 22.868992619833069, 0.0 ], [ 75.815746950466092, 22.87257871278965, 0.0 ], [ 75.81377199780114, 22.874310959970416, 0.0 ], [ 75.813646480500026, 22.877213903125106, 0.0 ], [ 75.803255040982535, 22.87876459834138, 0.0 ], [ 75.804701753216733, 22.894578495530254, 0.0 ] ] ] } },
{ "type": "Feature", "properties": { "Vill_LGD": "476177", "Villl_name": "MAWALA KHEDI", "Sub_dist": "HATOD", "District": "INDORE" }, "geometry": { "type": "Polygon", "coordinates": [ [ [ 75.80709522962843, 22.868733504420014, 0.0 ], [ 75.820004716666318, 22.866724939533679, 0.0 ], [ 75.816216888232276, 22.856543471432708, 0.0 ], [ 75.813513822043703, 22.856495882098987, 0.0 ], [ 75.810368174213778, 22.852122432001984, 0.0 ], [ 75.81028305889329, 22.849003600188048, 0.0 ], [ 75.796399124691305, 22.849702905750181, 0.0 ], [ 75.799466678156847, 22.853247971948484, 0.0 ], [ 75.800623095550662, 22.86157132649733, 0.0 ], [ 75.80527732262847, 22.862418414133948, 0.0 ], [ 75.805634240970434, 22.865692552889545, 0.0 ], [ 75.807781777887911, 22.866257652391816, 0.0 ], [ 75.80709522962843, 22.868733504420014, 0.0 ] ] ] } },
{ "type": "Feature", "properties": { "Vill_LGD": "476231", "Villl_name": "GURAN", "Sub_dist": "SANWER", "District": "INDORE" }, "geometry": { "type": "Polygon", "coordinates": [ [ [ 75.897969637363289, 22.948187618150207, 0.0 ], [ 75.901919067098305, 22.933651062719218, 0.0 ], [ 75.900391453236296, 22.923395586091853, 0.0 ], [ 75.885015223731799, 22.924161430923558, 0.0 ], [ 75.884650826770155, 22.92747518199403, 0.0 ], [ 75.879338679716511, 22.927481131015334, 0.0 ], [ 75.879320834005611, 22.933810497548635, 0.0 ], [ 75.876691529427021, 22.936993025922977, 0.0 ], [ 75.876982637930496, 22.939034169122767, 0.0 ], [ 75.879850859156249, 22.939362969159568, 0.0 ], [ 75.882030818607333, 22.95257891441824, 0.0 ], [ 75.887809339379743, 22.949930573830638, 0.0 ], [ 75.897969637363289, 22.948187618150207, 0.0 ] ] ] } },
{ "type": "Feature", "properties": { "Vill_LGD": "476144", "Villl_name": "KUDANA", "Sub_dist": "SANWER", "District": "INDORE" }, "geometry": { "type": "Polygon", "coordinates": [ [ [ 75.870955616528889, 22.973786034396579, 0.0 ], [ 75.874171458053482, 22.960316921042438, 0.0 ], [ 75.877447975979877, 22.960509657751626, 0.0 ], [ 75.882110529388683, 22.950641016933286, 0.0 ], [ 75.870742654696087, 22.947345463680659, 0.0 ], [ 75.868625238122419, 22.947324736254298, 0.0 ], [ 75.863324987934092, 22.953288431883603, 0.0 ], [ 75.859678463433795, 22.953692940271388, 0.0 ], [ 75.852760180548188, 22.961069270334427, 0.0 ], [ 75.843182850243664, 22.963585549954168, 0.0 ], [ 75.840513072461206, 22.969175751717732, 0.0 ], [ 75.865369831283786, 22.974815150264916, 0.0 ], [ 75.868492874069617, 22.972507074076585, 0.0 ], [ 75.870955616528889, 22.973786034396579, 0.0 ] ] ] } },
{ "type": "Feature", "properties": { "Vill_LGD": "476139", "Villl_name": "MAHARAJGANJ", "Sub_dist": "SANWER", "District": "INDORE" }, "geometry": { "type": "Polygon", "coordinates": [ [ [ 75.881384555993208, 22.973927438298194, 0.0 ], [ 75.87945243441915, 22.970163130506794, 0.0 ], [ 75.875363567579655, 22.96990852756721, 0.0 ], [ 75.874849604335168, 22.971788301256829, 0.0 ], [ 75.871822930737821, 22.971293374130912, 0.0 ], [ 75.870955616528889, 22.973786034396579, 0.0 ], [ 75.868492874069617, 22.972507074076585, 0.0 ], [ 75.866565510590675, 22.97465453841448, 0.0 ], [ 75.856308744974584, 22.972804923681469, 0.0 ], [ 75.854139568991286, 22.980383089691109, 0.0 ], [ 75.854923337852483, 22.989068781019338, 0.0 ], [ 75.8683720507468, 22.987269907290962, 0.0 ], [ 75.868738487302451, 22.991419687745438, 0.0 ], [ 75.881027313891423, 22.994345434179579, 0.0 ], [ 75.879817681092447, 22.986061499562567, 0.0 ], [ 75.873973724842728, 22.983877153939993, 0.0 ], [ 75.871951182385018, 22.979613159569968, 0.0 ], [ 75.876663704968266, 22.979838019323253, 0.0 ], [ 75.877253812344293, 22.976782790512011, 0.0 ], [ 75.880775414426864, 22.977853547684649, 0.0 ], [ 75.881384555993208, 22.973927438298194, 0.0 ] ] ] } },
{ "type": "Feature", "properties": { "Vill_LGD": "476188", "Villl_name": "DARJIKARADIA", "Sub_dist": "SANWER", "District": "INDORE" }, "geometry": { "type": "Polygon", "coordinates": [ [ [ 75.875792093548654, 22.941008366391387, 0.0 ], [ 75.876709376132368, 22.936796720465047, 0.0 ], [ 75.879320834005611, 22.933810497548635, 0.0 ], [ 75.879124528540004, 22.927730973896452, 0.0 ], [ 75.884817389031653, 22.927356208980516, 0.0 ], [ 75.885055334818375, 22.923703736532868, 0.0 ], [ 75.888338990904174, 22.922222522106633, 0.0 ], [ 75.888178377801509, 22.918516511201553, 0.0 ], [ 75.89049835201277, 22.917130475046331, 0.0 ], [ 75.887218756659763, 22.913657245439879, 0.0 ], [ 75.862808731076811, 22.908725133713919, 0.0 ], [ 75.861451163008255, 22.920864706488683, 0.0 ], [ 75.862969258300453, 22.936007596359605, 0.0 ], [ 75.862148344400552, 22.942253681131785, 0.0 ], [ 75.867453353382402, 22.943068647125795, 0.0 ], [ 75.870286021620771, 22.938738360925157, 0.0 ], [ 75.875792093548654, 22.941008366391387, 0.0 ] ] ] } },
{ "type": "Feature", "properties": { "Vill_LGD": "476143", "Villl_name": "SURA KHEDI", "Sub_dist": "SANWER", "District": "INDORE" }, "geometry": { "type": "Polygon", "coordinates": [ [ [ 75.876982637930496, 22.939034169122767, 0.0 ], [ 75.875968173286907, 22.941008365974703, 0.0 ], [ 75.871332984312374, 22.93865270026334, 0.0 ], [ 75.869329476825172, 22.939409368877733, 0.0 ], [ 75.867423609544275, 22.943401771930557, 0.0 ], [ 75.868625238122419, 22.947324736254298, 0.0 ], [ 75.882110529388683, 22.950641016933286, 0.0 ], [ 75.879850859156249, 22.939362969159568, 0.0 ], [ 75.876982637930496, 22.939034169122767, 0.0 ] ] ] } },
{ "type": "Feature", "properties": { "Vill_LGD": "476190", "Villl_name": "MALI KHEDI", "Sub_dist": "SANWER", "District": "INDORE" }, "geometry": { "type": "Polygon", "coordinates": [ [ [ 75.900167782874348, 22.923371791437109, 0.0 ], [ 75.896983799247778, 22.91029988340004, 0.0 ], [ 75.893900283397556, 22.90992307833703, 0.0 ], [ 75.890883125866068, 22.913190871482318, 0.0 ], [ 75.887328212059828, 22.913485924462684, 0.0 ], [ 75.890522146658341, 22.917499291605775, 0.0 ], [ 75.888178377801509, 22.918516511201553, 0.0 ], [ 75.888338990904174, 22.922222522106633, 0.0 ], [ 75.885015223731799, 22.924161430923558, 0.0 ], [ 75.900167782874348, 22.923371791437109, 0.0 ] ] ] } },
{ "type": "Feature", "properties": { "Vill_LGD": "476142", "Villl_name": "JAMODI", "Sub_dist": "SANWER", "District": "INDORE" }, "geometry": { "type": "Polygon", "coordinates": [ [ [ 75.900279442701617, 22.97660260594105, 0.0 ], [ 75.897969637363289, 22.948187618150207, 0.0 ], [ 75.884307962333807, 22.951322558723668, 0.0 ], [ 75.880496065319136, 22.954256433795244, 0.0 ], [ 75.877447975979877, 22.960509657751626, 0.0 ], [ 75.874171458053482, 22.960316921042438, 0.0 ], [ 75.871822930737821, 22.971293374130912, 0.0 ], [ 75.87945243441915, 22.970163130506794, 0.0 ], [ 75.881986076907793, 22.97415654090263, 0.0 ], [ 75.890295155329937, 22.976564556237971, 0.0 ], [ 75.900279442701617, 22.97660260594105, 0.0 ] ] ] } },
{ "type": "Feature", "properties": { "Vill_LGD": "476226", "Villl_name": "PURWARDADAI", "Sub_dist": "SANWER", "District": "INDORE" }, "geometry": { "type": "Polygon", "coordinates": [ [ [ 75.970456717635543, 22.929924217003098, 0.0 ], [ 75.977708124825554, 22.920917957126868, 0.0 ], [ 75.976857951605936, 22.918017378491033, 0.0 ], [ 75.959058590150335, 22.91289544132599, 0.0 ], [ 75.943693220908898, 22.910843155932664, 0.0 ], [ 75.926249302645616, 22.912095078806715, 0.0 ], [ 75.927247218390022, 22.923383190199587, 0.0 ], [ 75.944966930161499, 22.925455362792842, 0.0 ], [ 75.948829164139198, 22.927077514087394, 0.0 ], [ 75.94874707240929, 22.92829460888667, 0.0 ], [ 75.956040797569131, 22.92895774035976, 0.0 ], [ 75.95959766444345, 22.932446496348522, 0.0 ], [ 75.965108332468176, 22.933584719206689, 0.0 ], [ 75.966453275277956, 22.929281763126088, 0.0 ], [ 75.970456717635543, 22.929924217003098, 0.0 ] ] ] } },
{ "type": "Feature", "properties": { "Vill_LGD": "476228", "Villl_name": "MACHHU KHEDI", "Sub_dist": "SANWER", "District": "INDORE" }, "geometry": { "type": "Polygon", "coordinates": [ [ [ 75.946998912745741, 22.957735827697608, 0.0 ], [ 75.948033126408475, 22.952875581008701, 0.0 ], [ 75.951234601387512, 22.951018857165224, 0.0 ], [ 75.950334420442729, 22.948569593264569, 0.0 ], [ 75.951713498694261, 22.944562713983832, 0.0 ], [ 75.943958069638114, 22.939595580207079, 0.0 ], [ 75.928739981665629, 22.938208387218786, 0.0 ], [ 75.928572284208826, 22.950716671238443, 0.0 ], [ 75.943784179927505, 22.956206089446169, 0.0 ], [ 75.943469075439708, 22.957989804053625, 0.0 ], [ 75.946998912745741, 22.957735827697608, 0.0 ] ] ] } },
{ "type": "Feature", "properties": { "Vill_LGD": "476227", "Villl_name": "PUWARDA HAPPA", "Sub_dist": "SANWER", "District": "INDORE" }, "geometry": { "type": "Polygon", "coordinates": [ [ [ 75.965821174454831, 22.944549843810069, 0.0 ], [ 75.966894013547943, 22.938414465290634, 0.0 ], [ 75.964088431885813, 22.932809113419552, 0.0 ], [ 75.959438449691206, 22.93240778606609, 0.0 ], [ 75.956040797569131, 22.92895774035976, 0.0 ], [ 75.94874707240929, 22.92829460888667, 0.0 ], [ 75.948829164139198, 22.927077514087394, 0.0 ], [ 75.944966930161499, 22.925455362792842, 0.0 ], [ 75.927247218390022, 22.923383190199587, 0.0 ], [ 75.926475532107901, 22.930041831090435, 0.0 ], [ 75.928739981665629, 22.938208387218786, 0.0 ], [ 75.943958069638114, 22.939595580207079, 0.0 ], [ 75.951713498694261, 22.944562713983832, 0.0 ], [ 75.951878571803036, 22.946585276711932, 0.0 ], [ 75.959637658312374, 22.942976491543853, 0.0 ], [ 75.965821174454831, 22.944549843810069, 0.0 ] ] ] } },
{ "type": "Feature", "properties": { "Vill_LGD": "476230", "Villl_name": "HATUNIYA", "Sub_dist": "SANWER", "District": "INDORE" }, "geometry": { "type": "Polygon", "coordinates": [ [ [ 75.927121920250286, 22.935382783767114, 0.0 ], [ 75.926311257721167, 22.906637459244148, 0.0 ], [ 75.906876005634345, 22.904428504855296, 0.0 ], [ 75.897181366871905, 22.906505257644, 0.0 ], [ 75.897331466799514, 22.912830779066578, 0.0 ], [ 75.901942860908846, 22.929567907413158, 0.0 ], [ 75.901636726163616, 22.935095173949652, 0.0 ], [ 75.927121920250286, 22.935382783767114, 0.0 ] ] ] } },
{ "type": "Feature", "properties": { "Vill_LGD": "476229", "Villl_name": "MAKODIYA", "Sub_dist": "SANWER", "District": "INDORE" }, "geometry": { "type": "Polygon", "coordinates": [ [ [ 75.941506165719574, 22.959366218722199, 0.0 ], [ 75.943784179927505, 22.956206089446169, 0.0 ], [ 75.928572284208826, 22.950716671238443, 0.0 ], [ 75.928379548820644, 22.935283487849507, 0.0 ], [ 75.901636726163616, 22.935095173949652, 0.0 ], [ 75.89776705889075, 22.948922853406469, 0.0 ], [ 75.89786818665452, 22.954359920768415, 0.0 ], [ 75.904947082467132, 22.955032119234534, 0.0 ], [ 75.918022220575253, 22.961081898763698, 0.0 ], [ 75.923239189235758, 22.964038378486169, 0.0 ], [ 75.926122131112791, 22.968623203457451, 0.0 ], [ 75.930558484745333, 22.971521700992479, 0.0 ], [ 75.932369035787488, 22.969131526822114, 0.0 ], [ 75.937108921862375, 22.968170224942863, 0.0 ], [ 75.937232654725207, 22.96331612366102, 0.0 ], [ 75.942886254251192, 22.963106731904549, 0.0 ], [ 75.941506165719574, 22.959366218722199, 0.0 ] ] ] } },
{ "type": "Feature", "properties": { "Vill_LGD": "476138", "Villl_name": "SIMROL", "Sub_dist": "SANWER", "District": "INDORE" }, "geometry": { "type": "Polygon", "coordinates": [ [ [ 75.909818897121411, 22.989398780989308, 0.0 ], [ 75.908440924803017, 22.986068122785081, 0.0 ], [ 75.901845059671814, 22.984764177784069, 0.0 ], [ 75.903225146219086, 22.983688662617482, 0.0 ], [ 75.901764157061322, 22.981685156126186, 0.0 ], [ 75.902620763350413, 22.980195612721776, 0.0 ], [ 75.90060297958901, 22.978268249533684, 0.0 ], [ 75.902035415993311, 22.975864993899439, 0.0 ], [ 75.890885261270071, 22.976640698653494, 0.0 ], [ 75.881384555993208, 22.973927438298194, 0.0 ], [ 75.880775414426864, 22.977853547684649, 0.0 ], [ 75.877253812344293, 22.976782790512011, 0.0 ], [ 75.876663704968266, 22.979838019323253, 0.0 ], [ 75.871951182385018, 22.979613159569968, 0.0 ], [ 75.873973724842728, 22.983877153939993, 0.0 ], [ 75.879817681092447, 22.986061499562567, 0.0 ], [ 75.881266648712298, 22.995559752494881, 0.0 ], [ 75.890622688945314, 22.998357998123041, 0.0 ], [ 75.891493570989439, 23.000837397276563, 0.0 ], [ 75.897596037356394, 23.001508942104643, 0.0 ], [ 75.901029180032566, 22.998329351570369, 0.0 ], [ 75.901550256861157, 22.995286562256577, 0.0 ], [ 75.907625006902776, 22.992398990470178, 0.0 ], [ 75.909818897121411, 22.989398780989308, 0.0 ] ] ] } },
{ "type": "Feature", "properties": { "Vill_LGD": "476140", "Villl_name": "KHANDA KHEDI", "Sub_dist": "SANWER", "District": "INDORE" }, "geometry": { "type": "Polygon", "coordinates": [ [ [ 75.91408104854456, 22.987619683336753, 0.0 ], [ 75.912192182684848, 22.98361289277873, 0.0 ], [ 75.91461263788203, 22.981070219212882, 0.0 ], [ 75.91541555263386, 22.977140989099613, 0.0 ], [ 75.902665973339964, 22.975282382511807, 0.0 ], [ 75.900645810575185, 22.977383089817405, 0.0 ], [ 75.903215628790193, 22.98354589380758, 0.0 ], [ 75.901845059671814, 22.984764177784069, 0.0 ], [ 75.908440924803017, 22.986068122785081, 0.0 ], [ 75.909929790965236, 22.989529962705998, 0.0 ], [ 75.91408104854456, 22.987619683336753, 0.0 ] ] ] } },
{ "type": "Feature", "properties": { "Vill_LGD": "476141", "Villl_name": "SOLSINDI", "Sub_dist": "SANWER", "District": "INDORE" }, "geometry": { "type": "Polygon", "coordinates": [ [ [ 75.92384352913237, 22.980491138888485, 0.0 ], [ 75.926782061833109, 22.97891587168375, 0.0 ], [ 75.924059958317343, 22.975137287287989, 0.0 ], [ 75.928695148182101, 22.973919003069025, 0.0 ], [ 75.930558484745333, 22.971521700992479, 0.0 ], [ 75.926122131112791, 22.968623203457451, 0.0 ], [ 75.923239189235758, 22.964038378486169, 0.0 ], [ 75.904947082467132, 22.955032119234534, 0.0 ], [ 75.89786818665452, 22.954359920768415, 0.0 ], [ 75.900279442701617, 22.97660260594105, 0.0 ], [ 75.902665973339964, 22.975282382511807, 0.0 ], [ 75.91541555263386, 22.977140989099613, 0.0 ], [ 75.917397467545015, 22.975889196074323, 0.0 ], [ 75.919487334473516, 22.979558664602092, 0.0 ], [ 75.92384352913237, 22.980491138888485, 0.0 ] ] ] } },
{ "type": "Feature", "properties": { "Vill_LGD": "476189", "Villl_name": "SHAHNA", "Sub_dist": "SANWER", "District": "INDORE" }, "geometry": { "type": "Polygon", "coordinates": [ [ [ 75.893900283397556, 22.90992307833703, 0.0 ], [ 75.893186393369589, 22.908049553926023, 0.0 ], [ 75.887615207444242, 22.906199886582954, 0.0 ], [ 75.895324659473019, 22.900263131759623, 0.0 ], [ 75.895800553065854, 22.896914039743962, 0.0 ], [ 75.901059161150613, 22.892410910205321, 0.0 ], [ 75.900214453012865, 22.891179538742989, 0.0 ], [ 75.864237893279054, 22.890286351716281, 0.0 ], [ 75.864719734747354, 22.897670223438467, 0.0 ], [ 75.862808731076811, 22.908725133713919, 0.0 ], [ 75.887218756659763, 22.913657245439879, 0.0 ], [ 75.890883125866068, 22.913190871482318, 0.0 ], [ 75.893900283397556, 22.90992307833703, 0.0 ] ] ] } },
{ "type": "Feature", "properties": { "Vill_LGD": "476225", "Villl_name": "BUDHI BARLAI", "Sub_dist": "SANWER", "District": "INDORE" }, "geometry": { "type": "Polygon", "coordinates": [ [ [ 75.976857951605936, 22.918017378491033, 0.0 ], [ 75.982142152294031, 22.909125428537081, 0.0 ], [ 75.978834701833534, 22.905632378545203, 0.0 ], [ 75.982760811879615, 22.902548597569528, 0.0 ], [ 75.983329952093229, 22.898975498505763, 0.0 ], [ 75.97079609419967, 22.894569527264014, 0.0 ], [ 75.963895315378096, 22.89378236682137, 0.0 ], [ 75.96334635160747, 22.900967163037443, 0.0 ], [ 75.960857435040381, 22.904674363246585, 0.0 ], [ 75.959171614701404, 22.913073901183878, 0.0 ], [ 75.976857951605936, 22.918017378491033, 0.0 ] ] ] } },
{ "type": "Feature", "properties": { "Vill_LGD": "476222", "Villl_name": "PIRKARADIYA", "Sub_dist": "SANWER", "District": "INDORE" }, "geometry": { "type": "Polygon", "coordinates": [ [ [ 75.986634885460703, 22.886077497784882, 0.0 ], [ 75.986239880488441, 22.884526615233117, 0.0 ], [ 75.982534922243872, 22.883339748624422, 0.0 ], [ 75.974348702953733, 22.884983760539264, 0.0 ], [ 75.963938560908161, 22.883211063280314, 0.0 ], [ 75.962823901000291, 22.891389672858452, 0.0 ], [ 75.963895315378096, 22.89378236682137, 0.0 ], [ 75.97079609419967, 22.894569527264014, 0.0 ], [ 75.983196349589434, 22.898937733203116, 0.0 ], [ 75.981158792806639, 22.892004272834338, 0.0 ], [ 75.986634885460703, 22.886077497784882, 0.0 ] ] ] } },
{ "type": "Feature", "properties": { "Vill_LGD": "476224", "Villl_name": "BARLAI JAGIR", "Sub_dist": "SANWER", "District": "INDORE" }, "geometry": { "type": "Polygon", "coordinates": [ [ [ 75.96334635160747, 22.900967163037443, 0.0 ], [ 75.962669235776957, 22.887832378953053, 0.0 ], [ 75.964015893873167, 22.882836297990774, 0.0 ], [ 75.959328356228283, 22.882229535515787, 0.0 ], [ 75.9599470149642, 22.878190399676065, 0.0 ], [ 75.940941070640775, 22.874139367884432, 0.0 ], [ 75.934046582574879, 22.868601171972887, 0.0 ], [ 75.931020841878933, 22.867905921005306, 0.0 ], [ 75.929219210639545, 22.870225082858216, 0.0 ], [ 75.927505998574816, 22.877167160355924, 0.0 ], [ 75.926570980113851, 22.912073541422536, 0.0 ], [ 75.943693220908898, 22.910843155932664, 0.0 ], [ 75.959058590150335, 22.91289544132599, 0.0 ], [ 75.960857435040381, 22.904674363246585, 0.0 ], [ 75.96334635160747, 22.900967163037443, 0.0 ] ] ] } },
{ "type": "Feature", "properties": { "Vill_LGD": "476193", "Villl_name": "BRAHMAN PIPALYA", "Sub_dist": "SANWER", "District": "INDORE" }, "geometry": { "type": "Polygon", "coordinates": [ [ [ 75.92671935297372, 22.890445851453649, 0.0 ], [ 75.927576090187713, 22.87699462947457, 0.0 ], [ 75.896459059745141, 22.874538792409371, 0.0 ], [ 75.896740439976014, 22.877378666103777, 0.0 ], [ 75.899595792833566, 22.879478540461388, 0.0 ], [ 75.895532862965354, 22.883119114834003, 0.0 ], [ 75.89632998287378, 22.891054618527097, 0.0 ], [ 75.92671935297372, 22.890445851453649, 0.0 ] ] ] } },
{ "type": "Feature", "properties": { "Vill_LGD": "476191", "Villl_name": "PATWA KHEDI", "Sub_dist": "SANWER", "District": "INDORE" }, "geometry": { "type": "Polygon", "coordinates": [ [ [ 75.896983799247778, 22.91029988340004, 0.0 ], [ 75.897181366871905, 22.906505257644, 0.0 ], [ 75.903022943036973, 22.904500563095802, 0.0 ], [ 75.926311257721167, 22.906637459244148, 0.0 ], [ 75.927221417606034, 22.901423857940507, 0.0 ], [ 75.895616144030697, 22.89943626886587, 0.0 ], [ 75.887567617231184, 22.906604394747777, 0.0 ], [ 75.896983799247778, 22.91029988340004, 0.0 ] ] ] } },
{ "type": "Feature", "properties": { "Vill_LGD": "476192", "Villl_name": "KADWA", "Sub_dist": "SANWER", "District": "INDORE" }, "geometry": { "type": "Polygon", "coordinates": [ [ [ 75.92671935297372, 22.890445851453649, 0.0 ], [ 75.901590598296394, 22.890868841389178, 0.0 ], [ 75.895800553065854, 22.896914039743962, 0.0 ], [ 75.895616144030697, 22.89943626886587, 0.0 ], [ 75.927363231642801, 22.901413867287182, 0.0 ], [ 75.92671935297372, 22.890445851453649, 0.0 ] ] ] } },
{ "type": "Feature", "properties": { "Vill_LGD": "476198", "Villl_name": "TODI", "Sub_dist": "SANWER", "District": "INDORE" }, "geometry": { "type": "Polygon", "coordinates": [ [ [ 75.927576090187713, 22.87699462947457, 0.0 ], [ 75.931857478678481, 22.863848199324316, 0.0 ], [ 75.91287532743236, 22.863312820371295, 0.0 ], [ 75.904481778604335, 22.86127838119511, 0.0 ], [ 75.903042205441452, 22.863979069045651, 0.0 ], [ 75.897575393614304, 22.86661432237414, 0.0 ], [ 75.89764463476763, 22.870519868810863, 0.0 ], [ 75.895235431255102, 22.870151052327898, 0.0 ], [ 75.894045699545771, 22.872096261702467, 0.0 ], [ 75.895288968425987, 22.874219930838404, 0.0 ], [ 75.902702600204321, 22.875988168219166, 0.0 ], [ 75.927576090187713, 22.87699462947457, 0.0 ] ] ] } },
{ "type": "Feature", "properties": { "Vill_LGD": "476197", "Villl_name": "DHAN KHEDI", "Sub_dist": "SANWER", "District": "INDORE" }, "geometry": { "type": "Polygon", "coordinates": [ [ [ 75.894151629418388, 22.873273793024289, 0.0 ], [ 75.894949895390454, 22.870347357248917, 0.0 ], [ 75.897852838808916, 22.869639468571858, 0.0 ], [ 75.896587916683501, 22.865388899848938, 0.0 ], [ 75.897736006582036, 22.864496602471942, 0.0 ], [ 75.895154291741093, 22.865162850673489, 0.0 ], [ 75.896385662876995, 22.86361025309229, 0.0 ], [ 75.893952663697561, 22.860386083030761, 0.0 ], [ 75.868209135853576, 22.860614755378489, 0.0 ], [ 75.865437927224477, 22.862204510753266, 0.0 ], [ 75.867112971996079, 22.864451852340117, 0.0 ], [ 75.875490155713749, 22.868512174043598, 0.0 ], [ 75.875592681084584, 22.873248626219944, 0.0 ], [ 75.894151629418388, 22.873273793024289, 0.0 ] ] ] } },
{ "type": "Feature", "properties": { "Vill_LGD": "476194", "Villl_name": "MUNDLA HUSAIN", "Sub_dist": "SANWER", "District": "INDORE" }, "geometry": { "type": "Polygon", "coordinates": [ [ [ 75.896388860108431, 22.891073887310409, 0.0 ], [ 75.895473376676193, 22.88333921480648, 0.0 ], [ 75.898459599929922, 22.881554620119239, 0.0 ], [ 75.899583895833899, 22.87881229082673, 0.0 ], [ 75.897109255283482, 22.877925942123813, 0.0 ], [ 75.89677018301569, 22.874826693670663, 0.0 ], [ 75.894151629418388, 22.873273793024289, 0.0 ], [ 75.875592681084584, 22.873248626219944, 0.0 ], [ 75.874050790795422, 22.878083690096918, 0.0 ], [ 75.87083138064942, 22.878433470712146, 0.0 ], [ 75.86922762388393, 22.882150189126985, 0.0 ], [ 75.864243842792121, 22.881858705327655, 0.0 ], [ 75.864237893279054, 22.890286351716281, 0.0 ], [ 75.896388860108431, 22.891073887310409, 0.0 ] ] ] } },
{ "type": "Feature", "properties": { "Vill_LGD": "476212", "Villl_name": "KADWALI KHURD", "Sub_dist": "SANWER", "District": "INDORE" }, "geometry": { "type": "Polygon", "coordinates": [ [ [ 76.012524644751679, 22.842734477521059, 0.0 ], [ 76.014348461562776, 22.813791981607416, 0.0 ], [ 76.008266558338804, 22.813097179432649, 0.0 ], [ 76.002317905180306, 22.8069486521416, 0.0 ], [ 76.002270317429321, 22.804569191054554, 0.0 ], [ 75.998633088048535, 22.802656645041445, 0.0 ], [ 75.992434458438581, 22.802725797003781, 0.0 ], [ 75.994259484958278, 22.827781745989466, 0.0 ], [ 75.993564681415407, 22.830970222776699, 0.0 ], [ 75.991908576794444, 22.831565088893118, 0.0 ], [ 75.99065484251696, 22.841626536484931, 0.0 ], [ 75.997075797035677, 22.842140501044813, 0.0 ], [ 75.997429920570468, 22.844996976713929, 0.0 ], [ 76.004187013177344, 22.84551844589663, 0.0 ], [ 76.005314876927471, 22.850658082123353, 0.0 ], [ 76.0082987205938, 22.849822891030218, 0.0 ], [ 76.009926271520285, 22.844847437850174, 0.0 ], [ 76.012524644751679, 22.842734477521059, 0.0 ] ] ] } },
{ "type": "Feature", "properties": { "Vill_LGD": "476221", "Villl_name": "BARODA ARJUN", "Sub_dist": "SANWER", "District": "INDORE" }, "geometry": { "type": "Polygon", "coordinates": [ [ [ 75.982534922243872, 22.883339748624422, 0.0 ], [ 75.979739433021493, 22.880289994041156, 0.0 ], [ 75.983840042751496, 22.876353480881168, 0.0 ], [ 75.983680152632616, 22.872321438353964, 0.0 ], [ 75.979568443387137, 22.874291632578576, 0.0 ], [ 75.980639200466896, 22.872057318811382, 0.0 ], [ 75.977277023787707, 22.870979422477639, 0.0 ], [ 75.978354919790263, 22.870558257930373, 0.0 ], [ 75.977029951405612, 22.868522109368083, 0.0 ], [ 75.960146787548823, 22.869500885121074, 0.0 ], [ 75.958120778265865, 22.877637176028241, 0.0 ], [ 75.9599470149642, 22.878190399676065, 0.0 ], [ 75.959328356228283, 22.882229535515787, 0.0 ], [ 75.973837119099002, 22.884965915439981, 0.0 ], [ 75.982534922243872, 22.883339748624422, 0.0 ] ] ] } },
{ "type": "Feature", "properties": { "Vill_LGD": "476196", "Villl_name": "AMLI KHEDA", "Sub_dist": "SANWER", "District": "INDORE" }, "geometry": { "type": "Polygon", "coordinates": [ [ [ 75.895072669979811, 22.852496499202392, 0.0 ], [ 75.8629083064409, 22.848237264572738, 0.0 ], [ 75.861028532491687, 22.854810525216564, 0.0 ], [ 75.868209135853576, 22.860614755378489, 0.0 ], [ 75.895141674864547, 22.860957862977113, 0.0 ], [ 75.895477179081198, 22.858409459694332, 0.0 ], [ 75.894035224904201, 22.85760996115733, 0.0 ], [ 75.89673234447676, 22.857499316586949, 0.0 ], [ 75.895471230533147, 22.855607644066481, 0.0 ], [ 75.897690078358238, 22.854679654802677, 0.0 ], [ 75.895072669979811, 22.852496499202392, 0.0 ] ] ] } },
{ "type": "Feature", "properties": { "Vill_LGD": "476202", "Villl_name": "PANCHDERIYA", "Sub_dist": "SANWER", "District": "INDORE" }, "geometry": { "type": "Polygon", "coordinates": [ [ [ 75.861028532491687, 22.854810525216564, 0.0 ], [ 75.862966148939961, 22.847508233716042, 0.0 ], [ 75.88576614480975, 22.83894217264541, 0.0 ], [ 75.888086119141704, 22.83533015118676, 0.0 ], [ 75.886415737027178, 22.833395649978986, 0.0 ], [ 75.887279481950017, 22.829833596070305, 0.0 ], [ 75.885366394923437, 22.829448123746253, 0.0 ], [ 75.887493632846486, 22.827920510374369, 0.0 ], [ 75.886986807699927, 22.825100849293094, 0.0 ], [ 75.876393447940913, 22.825307861853908, 0.0 ], [ 75.861135686729497, 22.821047559561812, 0.0 ], [ 75.859242746501451, 22.830772495471976, 0.0 ], [ 75.849207370324947, 22.832860473194344, 0.0 ], [ 75.85637025372435, 22.84845963913515, 0.0 ], [ 75.856891356253143, 22.855151872615597, 0.0 ], [ 75.861028532491687, 22.854810525216564, 0.0 ] ] ] } },
{ "type": "Feature", "properties": { "Vill_LGD": "476201", "Villl_name": "PADARIYA BAJRANG", "Sub_dist": "SANWER", "District": "INDORE" }, "geometry": { "type": "Polygon", "coordinates": [ [ [ 75.895072669979811, 22.852496499202392, 0.0 ], [ 75.901064769463375, 22.84947406377378, 0.0 ], [ 75.900331895733586, 22.845938185503247, 0.0 ], [ 75.896953061399628, 22.845505122716315, 0.0 ], [ 75.898442604304833, 22.843239875921416, 0.0 ], [ 75.896167838524534, 22.841588529816054, 0.0 ], [ 75.896991132973426, 22.840108506752301, 0.0 ], [ 75.899056504578766, 22.840460665332085, 0.0 ], [ 75.899579986279321, 22.835658913490125, 0.0 ], [ 75.887262370859432, 22.835512467405639, 0.0 ], [ 75.88576614480975, 22.83894217264541, 0.0 ], [ 75.876443415834601, 22.841426330369, 0.0 ], [ 75.86285193463263, 22.848143548595047, 0.0 ], [ 75.895072669979811, 22.852496499202392, 0.0 ] ] ] } },
{ "type": "Feature", "properties": { "Vill_LGD": "476203", "Villl_name": "JASSA KARADIYA", "Sub_dist": "SANWER", "District": "INDORE" }, "geometry": { "type": "Polygon", "coordinates": [ [ [ 75.899579986279321, 22.835658913490125, 0.0 ], [ 75.896536417642849, 22.832921660571703, 0.0 ], [ 75.898530406147074, 22.827895050014497, 0.0 ], [ 75.895514438971603, 22.824664931189051, 0.0 ], [ 75.900088953523792, 22.81750275467579, 0.0 ], [ 75.897989079734316, 22.816366561322585, 0.0 ], [ 75.894164094382674, 22.817270756519196, 0.0 ], [ 75.891516587802286, 22.815537795349396, 0.0 ], [ 75.886881397697891, 22.824974736531264, 0.0 ], [ 75.887493632846486, 22.827920510374369, 0.0 ], [ 75.885387810159813, 22.829198280543718, 0.0 ], [ 75.887607846646517, 22.830590265456532, 0.0 ], [ 75.886437151513007, 22.833488449027435, 0.0 ], [ 75.887920626375376, 22.835849270789243, 0.0 ], [ 75.899579986279321, 22.835658913490125, 0.0 ] ] ] } },
{ "type": "Feature", "properties": { "Vill_LGD": "476205", "Villl_name": "BIJU KHEDI", "Sub_dist": "SANWER", "District": "INDORE" }, "geometry": { "type": "Polygon", "coordinates": [ [ [ 75.904291081528172, 22.819007762506992, 0.0 ], [ 75.899722516573448, 22.807651784861982, 0.0 ], [ 75.894573817164627, 22.808695338067317, 0.0 ], [ 75.892153905750931, 22.810801161623697, 0.0 ], [ 75.891240570197425, 22.815352197093443, 0.0 ], [ 75.894164094382674, 22.817270756519196, 0.0 ], [ 75.897989079734316, 22.816366561322585, 0.0 ], [ 75.900088953523792, 22.81750275467579, 0.0 ], [ 75.895591772344503, 22.823748838919677, 0.0 ], [ 75.8984590217256, 22.827472695187819, 0.0 ], [ 75.8980061989907, 22.830768294613051, 0.0 ], [ 75.902702791500801, 22.829108575135663, 0.0 ], [ 75.904291081528172, 22.819007762506992, 0.0 ] ] ] } },
{ "type": "Feature", "properties": { "Vill_LGD": "476238", "Villl_name": "MANGLAYA SADAK (CT)", "Sub_dist": "SANWER", "District": "INDORE" }, "geometry": { "type": "Polygon", "coordinates": [ [ [ 75.933532673972209, 22.827663845542791, 0.0 ], [ 75.94348358061012, 22.819416633240991, 0.0 ], [ 75.943583576300185, 22.804541987322267, 0.0 ], [ 75.92089541572426, 22.802049503306957, 0.0 ], [ 75.918254671228425, 22.808409107159783, 0.0 ], [ 75.917401158779143, 22.818671809049157, 0.0 ], [ 75.91491569225893, 22.817966808652965, 0.0 ], [ 75.914086201630752, 22.82056453498689, 0.0 ], [ 75.918109869493719, 22.825811247124356, 0.0 ], [ 75.933532673972209, 22.827663845542791, 0.0 ] ] ] } },
{ "type": "Feature", "properties": { "Vill_LGD": "476199", "Villl_name": "KHAKROD", "Sub_dist": "SANWER", "District": "INDORE" }, "geometry": { "type": "Polygon", "coordinates": [ [ [ 75.931857478678481, 22.863848199324316, 0.0 ], [ 75.931619587266979, 22.860519443175725, 0.0 ], [ 75.936397545019545, 22.854956262599366, 0.0 ], [ 75.934593913714011, 22.847613246088223, 0.0 ], [ 75.921747918329913, 22.849928223275143, 0.0 ], [ 75.902973494029794, 22.849109688227937, 0.0 ], [ 75.895072669979811, 22.852496499202392, 0.0 ], [ 75.897678180638735, 22.854780782112105, 0.0 ], [ 75.895471230533147, 22.855607644066481, 0.0 ], [ 75.89673234447676, 22.857499316586949, 0.0 ], [ 75.894106608631432, 22.857495746995138, 0.0 ], [ 75.8956556379771, 22.85968009260213, 0.0 ], [ 75.89389317787932, 22.860564542904978, 0.0 ], [ 75.896385662876995, 22.86361025309229, 0.0 ], [ 75.895154291741093, 22.865162850673489, 0.0 ], [ 75.897736006582036, 22.864496602471942, 0.0 ], [ 75.896587917009114, 22.865329413633475, 0.0 ], [ 75.897468317802961, 22.866768986741974, 0.0 ], [ 75.903042205441452, 22.863979069045651, 0.0 ], [ 75.904481778604335, 22.86127838119511, 0.0 ], [ 75.91287532743236, 22.863312820371295, 0.0 ], [ 75.931857478678481, 22.863848199324316, 0.0 ] ] ] } },
{ "type": "Feature", "properties": { "Vill_LGD": "476200", "Villl_name": "RAMPIPALYA", "Sub_dist": "SANWER", "District": "INDORE" }, "geometry": { "type": "Polygon", "coordinates": [ [ [ 75.93442735148453, 22.847637040544331, 0.0 ], [ 75.933080576649701, 22.837072233935896, 0.0 ], [ 75.910862676710494, 22.834864650591658, 0.0 ], [ 75.900331182400564, 22.83541668419717, 0.0 ], [ 75.898490193549335, 22.83692478667723, 0.0 ], [ 75.89897560312717, 22.840593916395999, 0.0 ], [ 75.896177357287755, 22.841298235379053, 0.0 ], [ 75.898442604304833, 22.843239875921416, 0.0 ], [ 75.896953061399628, 22.845505122716315, 0.0 ], [ 75.900331895733586, 22.845938185503247, 0.0 ], [ 75.899927387953966, 22.848503244216342, 0.0 ], [ 75.901410187262812, 22.84967362228678, 0.0 ], [ 75.921747918329913, 22.849928223275143, 0.0 ], [ 75.93442735148453, 22.847637040544331, 0.0 ] ] ] } },
{ "type": "Feature", "properties": { "Vill_LGD": "476206", "Villl_name": "DHABLI", "Sub_dist": "SANWER", "District": "INDORE" }, "geometry": { "type": "Polygon", "coordinates": [ [ [ 75.904142365185479, 22.818912584204771, 0.0 ], [ 75.917401158779143, 22.818671809049157, 0.0 ], [ 75.918926410696585, 22.806344429442724, 0.0 ], [ 75.899319651908115, 22.805737668152879, 0.0 ], [ 75.904142365185479, 22.818912584204771, 0.0 ] ] ] } },
{ "type": "Feature", "properties": { "Vill_LGD": "476204", "Villl_name": "GARI PIPALYA", "Sub_dist": "SANWER", "District": "INDORE" }, "geometry": { "type": "Polygon", "coordinates": [ [ [ 75.93131501643073, 22.837000849434528, 0.0 ], [ 75.933532673972209, 22.827663845542791, 0.0 ], [ 75.918109869493719, 22.825811247124356, 0.0 ], [ 75.914086201630752, 22.82056453498689, 0.0 ], [ 75.914220889080468, 22.81821427154852, 0.0 ], [ 75.904291081528172, 22.819007762506992, 0.0 ], [ 75.902702791500801, 22.829108575135663, 0.0 ], [ 75.896545936788939, 22.832697992216534, 0.0 ], [ 75.899605922055542, 22.835531771209169, 0.0 ], [ 75.910862676710494, 22.834864650591658, 0.0 ], [ 75.93131501643073, 22.837000849434528, 0.0 ] ] ] } },
{ "type": "Feature", "properties": { "Vill_LGD": "476207", "Villl_name": "MUNDLABAG", "Sub_dist": "SANWER", "District": "INDORE" }, "geometry": { "type": "Polygon", "coordinates": [ [ [ 75.969345076224471, 22.813186373239176, 0.0 ], [ 75.966009995323262, 22.804613372402979, 0.0 ], [ 75.943660907902611, 22.805356954716942, 0.0 ], [ 75.943666075308158, 22.812220359533722, 0.0 ], [ 75.96275530074, 22.814135825637567, 0.0 ], [ 75.969345076224471, 22.813186373239176, 0.0 ] ] ] } },
{ "type": "Feature", "properties": { "Vill_LGD": "476208", "Villl_name": "RAHU KHEDI", "Sub_dist": "SANWER", "District": "INDORE" }, "geometry": { "type": "Polygon", "coordinates": [ [ [ 75.950784628955759, 22.839690840194031, 0.0 ], [ 75.943484336345975, 22.819399087648041, 0.0 ], [ 75.933532673972209, 22.827663845542791, 0.0 ], [ 75.93131501643073, 22.837000849434528, 0.0 ], [ 75.933080576649701, 22.837072233935896, 0.0 ], [ 75.933712646140293, 22.841480788267877, 0.0 ], [ 75.950784628955759, 22.839690840194031, 0.0 ] ] ] } },
{ "type": "Feature", "properties": { "Vill_LGD": "476209", "Villl_name": "SULA KHEDI", "Sub_dist": "SANWER", "District": "INDORE" }, "geometry": { "type": "Polygon", "coordinates": [ [ [ 75.975248432861463, 22.822204338725918, 0.0 ], [ 75.973293525683133, 22.815865049911146, 0.0 ], [ 75.969345076224471, 22.813186373239176, 0.0 ], [ 75.96275530074, 22.814135825637567, 0.0 ], [ 75.94320280366388, 22.812183071719822, 0.0 ], [ 75.943493959771132, 22.819598672290969, 0.0 ], [ 75.946204806841124, 22.824513494913194, 0.0 ], [ 75.952560023752795, 22.825034630050546, 0.0 ], [ 75.963255949850719, 22.832811975961434, 0.0 ], [ 75.968288510224582, 22.833126065068857, 0.0 ], [ 75.970265841829075, 22.828050674419579, 0.0 ], [ 75.975248432861463, 22.822204338725918, 0.0 ] ] ] } },
{ "type": "Feature", "properties": { "Vill_LGD": "476210", "Villl_name": "LASUDIYA PARMAR", "Sub_dist": "SANWER", "District": "INDORE" }, "geometry": { "type": "Polygon", "coordinates": [ [ [ 75.963512931829911, 22.836124185861433, 0.0 ], [ 75.963253322063792, 22.832491861308132, 0.0 ], [ 75.959612746205067, 22.830664435353157, 0.0 ], [ 75.958694275608423, 22.828394429427242, 0.0 ], [ 75.952560023752795, 22.825034630050546, 0.0 ], [ 75.946204806841124, 22.824513494913194, 0.0 ], [ 75.950784628955759, 22.839690840194031, 0.0 ], [ 75.933712646140293, 22.841480788267877, 0.0 ], [ 75.936348624598523, 22.855127773207283, 0.0 ], [ 75.962017061358154, 22.853595440702907, 0.0 ], [ 75.960987945287314, 22.840413226052437, 0.0 ], [ 75.961689885665294, 22.836350297013908, 0.0 ], [ 75.963512931829911, 22.836124185861433, 0.0 ] ] ] } },
{ "type": "Feature", "properties": { "Vill_LGD": "476220", "Villl_name": "SILOTIYA", "Sub_dist": "SANWER", "District": "INDORE" }, "geometry": { "type": "Polygon", "coordinates": [ [ [ 75.984464684455588, 22.874112566069286, 0.0 ], [ 75.985748773661086, 22.872116737998674, 0.0 ], [ 75.989603501287462, 22.871838340585633, 0.0 ], [ 75.997035820447323, 22.874308503871724, 0.0 ], [ 75.997362922501338, 22.870996011666392, 0.0 ], [ 76.000034220133074, 22.868970003007913, 0.0 ], [ 76.000526907024891, 22.864527065190163, 0.0 ], [ 75.97895709504202, 22.86098433910842, 0.0 ], [ 75.979753545884193, 22.867059557482804, 0.0 ], [ 75.979296690787436, 22.868710903235421, 0.0 ], [ 75.977029951405612, 22.868522109368083, 0.0 ], [ 75.978354919790263, 22.870558257930373, 0.0 ], [ 75.977219915828982, 22.870908039226837, 0.0 ], [ 75.980203759821563, 22.871179297115322, 0.0 ], [ 75.979568443387137, 22.874291632578576, 0.0 ], [ 75.983501693079916, 22.872264332244924, 0.0 ], [ 75.984464684455588, 22.874112566069286, 0.0 ] ] ] } },
{ "type": "Feature", "properties": { "Vill_LGD": "476219", "Villl_name": "PALASIYA", "Sub_dist": "SANWER", "District": "INDORE" }, "geometry": { "type": "Polygon", "coordinates": [ [ [ 76.003444825734221, 22.866391755413854, 0.0 ], [ 76.005485888850743, 22.861191263372888, 0.0 ], [ 76.004042858366518, 22.860293409592604, 0.0 ], [ 76.003914367485393, 22.852898044369478, 0.0 ], [ 75.998153691738921, 22.851563165640091, 0.0 ], [ 75.997075797035677, 22.842140501044813, 0.0 ], [ 75.978630441461604, 22.841247164867422, 0.0 ], [ 75.97895709504202, 22.86098433910842, 0.0 ], [ 76.000450764267825, 22.864479474553296, 0.0 ], [ 76.000034220133074, 22.868970003007913, 0.0 ], [ 76.003444825734221, 22.866391755413854, 0.0 ] ] ] } },
{ "type": "Feature", "properties": { "Vill_LGD": "476211", "Villl_name": "KADWALI BUZURG", "Sub_dist": "SANWER", "District": "INDORE" }, "geometry": { "type": "Polygon", "coordinates": [ [ [ 75.99065484251696, 22.841626536484931, 0.0 ], [ 75.991908576794444, 22.831565088893118, 0.0 ], [ 75.993564681415407, 22.830970222776699, 0.0 ], [ 75.994259484958278, 22.827781745989466, 0.0 ], [ 75.994245207628126, 22.818744553029568, 0.0 ], [ 75.992644967520803, 22.81436682295891, 0.0 ], [ 75.982283130557363, 22.816512263848669, 0.0 ], [ 75.9808323368473, 22.819742244270699, 0.0 ], [ 75.975033470044522, 22.820027148443732, 0.0 ], [ 75.975248432861463, 22.822204338725918, 0.0 ], [ 75.970265841829075, 22.828050674419579, 0.0 ], [ 75.968288510224582, 22.833126065068857, 0.0 ], [ 75.963255949850719, 22.832811975961434, 0.0 ], [ 75.963512931829911, 22.836124185861433, 0.0 ], [ 75.968716813164335, 22.835424624059652, 0.0 ], [ 75.977045718641421, 22.840485737892948, 0.0 ], [ 75.99065484251696, 22.841626536484931, 0.0 ] ] ] } },
{ "type": "Feature", "properties": { "Vill_LGD": "476214", "Villl_name": "MELKALMA", "Sub_dist": "SANWER", "District": "INDORE" }, "geometry": { "type": "Polygon", "coordinates": [ [ [ 76.033279452630396, 22.813030555090489, 0.0 ], [ 76.047097776401472, 22.808485388080953, 0.0 ], [ 76.048848510319715, 22.809110989396721, 0.0 ], [ 76.049952579316738, 22.80628894840547, 0.0 ], [ 76.051280320245567, 22.806393644874532, 0.0 ], [ 76.049081698025262, 22.790565470515435, 0.0 ], [ 76.022579261171416, 22.789832597504333, 0.0 ], [ 76.024361476924099, 22.797273171292865, 0.0 ], [ 76.02491302748453, 22.812804842236357, 0.0 ], [ 76.033279452630396, 22.813030555090489, 0.0 ] ] ] } },
{ "type": "Feature", "properties": { "Vill_LGD": "476215", "Villl_name": "VYAS KHEDI", "Sub_dist": "SANWER", "District": "INDORE" }, "geometry": { "type": "Polygon", "coordinates": [ [ [ 76.051717350450573, 22.819287574872959, 0.0 ], [ 76.053445629187678, 22.81628744351638, 0.0 ], [ 76.051013819791379, 22.815464151339715, 0.0 ], [ 76.051294596039597, 22.811347682440143, 0.0 ], [ 76.047865151781437, 22.808628154489934, 0.0 ], [ 76.033279452630396, 22.813030555090489, 0.0 ], [ 76.035287718288174, 22.828915835614705, 0.0 ], [ 76.041519771014848, 22.827689821587121, 0.0 ], [ 76.042290715556334, 22.823130774156038, 0.0 ], [ 76.048386895183043, 22.81713929044901, 0.0 ], [ 76.051717350450573, 22.819287574872959, 0.0 ] ] ] } },
{ "type": "Feature", "properties": { "Vill_LGD": "476213", "Villl_name": "BISA KHEDI", "Sub_dist": "SANWER", "District": "INDORE" }, "geometry": { "type": "Polygon", "coordinates": [ [ [ 76.02491302748453, 22.812804842236357, 0.0 ], [ 76.02415327388816, 22.799164843489905, 0.0 ], [ 76.000211653913198, 22.800094814972784, 0.0 ], [ 75.998633088048535, 22.802656645041445, 0.0 ], [ 76.002270317429321, 22.804569191054554, 0.0 ], [ 76.002317905180306, 22.8069486521416, 0.0 ], [ 76.008266558338804, 22.813097179432649, 0.0 ], [ 76.015090852484846, 22.814020411306569, 0.0 ], [ 76.02491302748453, 22.812804842236357, 0.0 ] ] ] } },
{ "type": "Feature", "properties": { "Vill_LGD": "476218", "Villl_name": "MANDALAWADA", "Sub_dist": "SANWER", "District": "INDORE" }, "geometry": { "type": "Polygon", "coordinates": [ [ [ 76.012931735985575, 22.863129514053988, 0.0 ], [ 76.023268115387808, 22.85879651433714, 0.0 ], [ 76.020948139529366, 22.856904844153238, 0.0 ], [ 76.02234726245787, 22.850908601898663, 0.0 ], [ 76.024146135731428, 22.85055882147455, 0.0 ], [ 76.026401864852645, 22.852643229275639, 0.0 ], [ 76.031923905116585, 22.848279739105656, 0.0 ], [ 76.028393268805956, 22.845068727975338, 0.0 ], [ 76.025587884877254, 22.838065974710901, 0.0 ], [ 76.018485194023114, 22.83626710210239, 0.0 ], [ 76.012838733312307, 22.836645435996388, 0.0 ], [ 76.012524644751679, 22.842734477521059, 0.0 ], [ 76.009926271520285, 22.844847437850174, 0.0 ], [ 76.007913248595486, 22.850037043117641, 0.0 ], [ 76.005250631249055, 22.85066521962019, 0.0 ], [ 76.004187013177344, 22.84551844589663, 0.0 ], [ 75.997429920570468, 22.844996976713929, 0.0 ], [ 75.998153691738921, 22.851563165640091, 0.0 ], [ 76.003914367485393, 22.852898044369478, 0.0 ], [ 76.004713865965329, 22.860807372072099, 0.0 ], [ 76.008520215627186, 22.859945795549674, 0.0 ], [ 76.012931735985575, 22.863129514053988, 0.0 ] ] ] } },
{ "type": "Feature", "properties": { "Vill_LGD": "476217", "Villl_name": "BHONDWAS", "Sub_dist": "SANWER", "District": "INDORE" }, "geometry": { "type": "Polygon", "coordinates": [ [ [ 76.038954711636222, 22.837255255243686, 0.0 ], [ 76.036589527462851, 22.834247615978505, 0.0 ], [ 76.036896234462986, 22.828820657440605, 0.0 ], [ 76.013157921236186, 22.826890759457715, 0.0 ], [ 76.012615895498726, 22.836585076961988, 0.0 ], [ 76.025587884877254, 22.838065974710901, 0.0 ], [ 76.028393268805956, 22.845068727975338, 0.0 ], [ 76.031923905116585, 22.848279739105656, 0.0 ], [ 76.033113135395041, 22.843595327788687, 0.0 ], [ 76.037336677936423, 22.841685811120303, 0.0 ], [ 76.036575250628005, 22.838663894428759, 0.0 ], [ 76.038954711636222, 22.837255255243686, 0.0 ] ] ] } },
{ "type": "Feature", "properties": { "Vill_LGD": "476216", "Villl_name": "FARASPUR", "Sub_dist": "SANWER", "District": "INDORE" }, "geometry": { "type": "Polygon", "coordinates": [ [ [ 76.035287718288174, 22.828915835614705, 0.0 ], [ 76.033279452630396, 22.813030555090489, 0.0 ], [ 76.014384686880987, 22.813935671059607, 0.0 ], [ 76.013157921236186, 22.826890759457715, 0.0 ], [ 76.035287718288174, 22.828915835614705, 0.0 ] ] ] } },
{ "type": "Feature", "properties": { "Vill_LGD": "475947", "Villl_name": "KEER KHEDA", "Sub_dist": "DEPALPUR", "District": "INDORE" }, "geometry": { "type": "Polygon", "coordinates": [ [ [ 75.51487592739015, 22.893513096121481, 0.0 ], [ 75.505217261469056, 22.895706141253306, 0.0 ], [ 75.494438580522413, 22.902739790969637, 0.0 ], [ 75.496818040268849, 22.902436409135241, 0.0 ], [ 75.495687796637995, 22.903596397469244, 0.0 ], [ 75.497692492584008, 22.904085375315962, 0.0 ], [ 75.502332442443389, 22.902993203259236, 0.0 ], [ 75.506067113669801, 22.910572990323338, 0.0 ], [ 75.523380302629022, 22.897310517391166, 0.0 ], [ 75.51487592739015, 22.893513096121481, 0.0 ] ] ] } },
{ "type": "Feature", "properties": { "Vill_LGD": "476364", "Villl_name": "NEHRU", "Sub_dist": "BHICHOLI_HAPSI", "District": "INDORE" }, "geometry": { "type": "Polygon", "coordinates": [ [ [ 75.884390463609606, 22.612770129236839, 0.0 ], [ 75.881120830453639, 22.61069873915778, 0.0 ], [ 75.880219797472492, 22.600777649333338, 0.0 ], [ 75.869445599046415, 22.601201192725345, 0.0 ], [ 75.867760940261221, 22.599059677318024, 0.0 ], [ 75.866923369517863, 22.600344586924933, 0.0 ], [ 75.864991248646959, 22.599821104756227, 0.0 ], [ 75.863411285728645, 22.596042520301616, 0.0 ], [ 75.861433953977809, 22.595373892892937, 0.0 ], [ 75.852816706998667, 22.596799389362797, 0.0 ], [ 75.851467740492893, 22.599355703170197, 0.0 ], [ 75.852617800951805, 22.603565289120205, 0.0 ], [ 75.856616602941344, 22.607216737334085, 0.0 ], [ 75.866330361623056, 22.606493116698925, 0.0 ], [ 75.872856385733229, 22.608403638252543, 0.0 ], [ 75.879726576243826, 22.613431983006116, 0.0 ], [ 75.884390463609606, 22.612770129236839, 0.0 ] ] ] } },
{ "type": "Feature", "properties": { "Vill_LGD": "NA", "Villl_name": "RF", "Sub_dist": "KHUDAIL", "District": "INDORE" }, "geometry": { "type": "Polygon", "coordinates": [ [ [ 76.255135074687786, 22.649848590549368, 0.0 ], [ 76.255022936555505, 22.644280906596464, 0.0 ], [ 76.247542182816687, 22.6445327797156, 0.0 ], [ 76.237437685542233, 22.636233660353234, 0.0 ], [ 76.235505564337245, 22.630618132176433, 0.0 ], [ 76.235481768733536, 22.623808114365101, 0.0 ], [ 76.231100320430002, 22.617403785117002, 0.0 ], [ 76.216220659201426, 22.615859017843079, 0.0 ], [ 76.21410229272999, 22.617091640612408, 0.0 ], [ 76.212308156879587, 22.623136082244994, 0.0 ], [ 76.200491847548406, 22.624938414151103, 0.0 ], [ 76.204224891111096, 22.631712476674522, 0.0 ], [ 76.212483632314104, 22.639793192965879, 0.0 ], [ 76.228265758952077, 22.651201092880541, 0.0 ], [ 76.232615248555589, 22.660193676070623, 0.0 ], [ 76.23215433644485, 22.650648080636682, 0.0 ], [ 76.249599864948905, 22.649671764154601, 0.0 ], [ 76.249732516194527, 22.6512170165282, 0.0 ], [ 76.255135074687786, 22.649848590549368, 0.0 ] ] ] } },
{ "type": "Feature", "properties": { "Vill_LGD": "476538", "Villl_name": "JAM BUZURG", "Sub_dist": "Dr. Ambedkar Nagar Mhow", "District": "INDORE" }, "geometry": { "type": "Polygon", "coordinates": [ [ [ 75.806068254462488, 22.412692138876732, 0.0 ], [ 75.810856919769833, 22.40873033694275, 0.0 ], [ 75.812451158464015, 22.404804226089293, 0.0 ], [ 75.808257357636791, 22.398683061587494, 0.0 ], [ 75.800292112243852, 22.399789511890692, 0.0 ], [ 75.797966189571, 22.396517753355038, 0.0 ], [ 75.790577962376119, 22.403031526783042, 0.0 ], [ 75.797149521592644, 22.411466468906955, 0.0 ], [ 75.800657760722245, 22.413268601846486, 0.0 ], [ 75.806068254462488, 22.412692138876732, 0.0 ] ] ] } },
{ "type": "Feature", "properties": { "Vill_LGD": "476542", "Villl_name": "NACHANBOR", "Sub_dist": "Dr. Ambedkar Nagar Mhow", "District": "INDORE" }, "geometry": { "type": "Polygon", "coordinates": [ [ [ 75.814992607611771, 22.41228536805794, 0.0 ], [ 75.812132642313316, 22.412102724100592, 0.0 ], [ 75.809932029548236, 22.409620057177712, 0.0 ], [ 75.809386411577833, 22.412584666570915, 0.0 ], [ 75.804571573284505, 22.415212780738187, 0.0 ], [ 75.80698808052243, 22.417755783952895, 0.0 ], [ 75.814992607611771, 22.41228536805794, 0.0 ] ] ] } },
{ "type": "Feature", "properties": { "Vill_LGD": "802270", "Villl_name": "BETMA (NP)", "Sub_dist": "DEPALPUR", "District": "INDORE" }, "geometry": { "type": "Polygon", "coordinates": [ [ [ 75.618008217702823, 22.696894304926474, 0.0 ], [ 75.619269494220248, 22.693553117956224, 0.0 ], [ 75.621754779609077, 22.69387717252431, 0.0 ], [ 75.621739874497493, 22.691821091304188, 0.0 ], [ 75.627926714217182, 22.691084716586872, 0.0 ], [ 75.627750303154954, 22.685491017744273, 0.0 ], [ 75.61285870081808, 22.680103552526987, 0.0 ], [ 75.607421781667384, 22.681449913637941, 0.0 ], [ 75.607840201033099, 22.683132000066951, 0.0 ], [ 75.605192444695135, 22.68292212874373, 0.0 ], [ 75.605087394536241, 22.687932813702172, 0.0 ], [ 75.608232313038826, 22.689619292672724, 0.0 ], [ 75.608815776553627, 22.692917410609539, 0.0 ], [ 75.611178071543776, 22.692582312702818, 0.0 ], [ 75.613664998352363, 22.695572849650222, 0.0 ], [ 75.618008217702823, 22.696894304926474, 0.0 ] ] ] } },
{ "type": "Feature", "properties": { "Vill_LGD": "802276", "Villl_name": "MHOWGAON (NP)", "Sub_dist": "Dr. Ambedkar Nagar Mhow", "District": "INDORE" }, "geometry": { "type": "Polygon", "coordinates": [ [ [ 75.727074398163154, 22.593135019622096, 0.0 ], [ 75.734014800487088, 22.592822762723998, 0.0 ], [ 75.741851174320317, 22.587302970034237, 0.0 ], [ 75.75369726422538, 22.58490571791808, 0.0 ], [ 75.749378496726933, 22.574274574801489, 0.0 ], [ 75.750587656906291, 22.572767959266219, 0.0 ], [ 75.749078974543195, 22.568949422344577, 0.0 ], [ 75.752312916671727, 22.568783169614019, 0.0 ], [ 75.752047957161963, 22.563829073816315, 0.0 ], [ 75.749120268237888, 22.5623314405209, 0.0 ], [ 75.749351715202792, 22.557032940154681, 0.0 ], [ 75.746531085170318, 22.554630666898166, 0.0 ], [ 75.738253344205461, 22.552622980493052, 0.0 ], [ 75.733899800723634, 22.553731094467224, 0.0 ], [ 75.733423722604854, 22.555176484438551, 0.0 ], [ 75.72859794169247, 22.553740145172977, 0.0 ], [ 75.726969056708967, 22.555681311373739, 0.0 ], [ 75.723980299903346, 22.555550644436106, 0.0 ], [ 75.729963374968989, 22.561740317885288, 0.0 ], [ 75.722361609443283, 22.564776198034522, 0.0 ], [ 75.722657536128324, 22.570993427059388, 0.0 ], [ 75.724145504892007, 22.572999661852624, 0.0 ], [ 75.723005295801855, 22.573473254570473, 0.0 ], [ 75.723418051360724, 22.576671432695331, 0.0 ], [ 75.710710014754142, 22.583001473451514, 0.0 ], [ 75.721799598045649, 22.583702025601148, 0.0 ], [ 75.725583428849689, 22.587702753730017, 0.0 ], [ 75.722212097183245, 22.589813044997172, 0.0 ], [ 75.722626476947923, 22.590943025343101, 0.0 ], [ 75.727074398163154, 22.593135019622096, 0.0 ] ] ] } },
{ "type": "Feature", "properties": { "Vill_LGD": "802271", "Villl_name": "HATOD (V)", "Sub_dist": "HATOD", "District": "INDORE" }, "geometry": { "type": "Polygon", "coordinates": [ [ [ 75.756487141300596, 22.805705887537368, 0.0 ], [ 75.753984303428481, 22.809036082572128, 0.0 ], [ 75.752912719946238, 22.812084413267755, 0.0 ], [ 75.747009467662693, 22.811608949804288, 0.0 ], [ 75.745472522417984, 22.810890209963272, 0.0 ], [ 75.74544427806039, 22.807186161566808, 0.0 ], [ 75.73982375048206, 22.808311873815892, 0.0 ], [ 75.739731275025804, 22.80559478515173, 0.0 ], [ 75.731828282092863, 22.805070787801508, 0.0 ], [ 75.728125395427057, 22.796836505720997, 0.0 ], [ 75.735844638745931, 22.795140091933497, 0.0 ], [ 75.733984364959539, 22.793312456065557, 0.0 ], [ 75.735589188049488, 22.791929984811464, 0.0 ], [ 75.73349324892007, 22.789970894989111, 0.0 ], [ 75.733657095351361, 22.787785068656941, 0.0 ], [ 75.738957662835631, 22.788961567771839, 0.0 ], [ 75.742641183182855, 22.792113469004001, 0.0 ], [ 75.748091254252387, 22.792766597817529, 0.0 ], [ 75.753008005412937, 22.786802558783297, 0.0 ], [ 75.753285467883089, 22.784456529119183, 0.0 ], [ 75.750539525753723, 22.782488121110621, 0.0 ], [ 75.749922380087682, 22.776320936959156, 0.0 ], [ 75.750976684501595, 22.765755185477975, 0.0 ], [ 75.743911943656798, 22.766263644692231, 0.0 ], [ 75.743844779359335, 22.76892343097926, 0.0 ], [ 75.738369916404977, 22.771169973943962, 0.0 ], [ 75.73173598042807, 22.77655707397939, 0.0 ], [ 75.709539224508575, 22.782580584168084, 0.0 ], [ 75.707784902945235, 22.791273695874274, 0.0 ], [ 75.711355572414291, 22.79272722840345, 0.0 ], [ 75.711722009407012, 22.796377321505613, 0.0 ], [ 75.714596398171309, 22.797095918653486, 0.0 ], [ 75.718059099400918, 22.806366176101299, 0.0 ], [ 75.728235491583291, 22.809259575474069, 0.0 ], [ 75.729319097651342, 22.815031346102813, 0.0 ], [ 75.739731215382577, 22.815241335749707, 0.0 ], [ 75.749381612037624, 22.817538369338685, 0.0 ], [ 75.751681700081733, 22.816645671350944, 0.0 ], [ 75.756487141300596, 22.805705887537368, 0.0 ] ] ] } },
{ "type": "Feature", "properties": { "Vill_LGD": "802268", "Villl_name": "RUNJI-GAUTAMPURA (V)", "Sub_dist": "DEPALPUR", "District": "INDORE" }, "geometry": { "type": "Polygon", "coordinates": [ [ [ 75.523922994435537, 22.977323364817835, 0.0 ], [ 75.523267172581825, 22.981866080709825, 0.0 ], [ 75.527267703764949, 22.984062813311063, 0.0 ], [ 75.530826879319363, 22.982915598654248, 0.0 ], [ 75.530980590832542, 22.987410380511658, 0.0 ], [ 75.536270904803075, 22.986616608907056, 0.0 ], [ 75.534553761060948, 22.988600529111128, 0.0 ], [ 75.535784547202852, 22.992204272270751, 0.0 ], [ 75.529811278362047, 22.992975068596895, 0.0 ], [ 75.526050627452477, 22.99153841936754, 0.0 ], [ 75.526240661082994, 22.996025503406827, 0.0 ], [ 75.538722604337465, 22.998209048112553, 0.0 ], [ 75.540465837109693, 23.002841061761792, 0.0 ], [ 75.563747870310408, 22.996398233089842, 0.0 ], [ 75.563593206430994, 22.993310882946087, 0.0 ], [ 75.567140249140763, 22.987388747467417, 0.0 ], [ 75.565941795668039, 22.980523491494392, 0.0 ], [ 75.529090394223758, 22.980486689820466, 0.0 ], [ 75.526990519797039, 22.979862082283887, 0.0 ], [ 75.525967511690169, 22.977286684589746, 0.0 ], [ 75.523922994435537, 22.977323364817835, 0.0 ] ] ] } },
{ "type": "Feature", "properties": { "Vill_LGD": "802269", "Villl_name": "DEPALPUR (V)", "Sub_dist": "DEPALPUR", "District": "INDORE" }, "geometry": { "type": "Polygon", "coordinates": [ [ [ 75.526298493780203, 22.874090450971078, 0.0 ], [ 75.546928420173273, 22.871824014470217, 0.0 ], [ 75.556000116149491, 22.865298343279967, 0.0 ], [ 75.562154591787106, 22.87056171041548, 0.0 ], [ 75.573718772463053, 22.872381998311887, 0.0 ], [ 75.576773692919318, 22.861514258333965, 0.0 ], [ 75.577863580432933, 22.848272490932597, 0.0 ], [ 75.569237570450582, 22.847645274884883, 0.0 ], [ 75.568310503665245, 22.838647098602195, 0.0 ], [ 75.563319834993891, 22.839546860309618, 0.0 ], [ 75.563248031743854, 22.83851220880187, 0.0 ], [ 75.561104633799587, 22.839665151300967, 0.0 ], [ 75.561975319204706, 22.84237974535759, 0.0 ], [ 75.549882083854413, 22.847719478082968, 0.0 ], [ 75.550544732163672, 22.850599397954767, 0.0 ], [ 75.548512360034294, 22.850798576298661, 0.0 ], [ 75.548050344176275, 22.848647787333277, 0.0 ], [ 75.546261718855206, 22.849239955878829, 0.0 ], [ 75.54591426276663, 22.854330186917021, 0.0 ], [ 75.542843944681906, 22.855960775175284, 0.0 ], [ 75.546782248728164, 22.856246875170655, 0.0 ], [ 75.544212452403016, 22.857880549635343, 0.0 ], [ 75.543433195847669, 22.85622354590754, 0.0 ], [ 75.541209776568408, 22.856887222939545, 0.0 ], [ 75.539563003146625, 22.862787242173138, 0.0 ], [ 75.538631621221114, 22.86058341234747, 0.0 ], [ 75.540375734607778, 22.855254529119438, 0.0 ], [ 75.538351971259758, 22.854487170347856, 0.0 ], [ 75.539587663013734, 22.852778733994125, 0.0 ], [ 75.534919644821443, 22.85219666178687, 0.0 ], [ 75.534361007471148, 22.848782923339382, 0.0 ], [ 75.529817225075888, 22.847623509656383, 0.0 ], [ 75.529362035932067, 22.844709477706573, 0.0 ], [ 75.532908744937075, 22.843068819230794, 0.0 ], [ 75.522476427467055, 22.834164866925132, 0.0 ], [ 75.522571121612103, 22.840171777978501, 0.0 ], [ 75.51212381950117, 22.851063356288169, 0.0 ], [ 75.51224406061371, 22.856642100176924, 0.0 ], [ 75.510574652006554, 22.856919013905841, 0.0 ], [ 75.514514213062867, 22.877296774905698, 0.0 ], [ 75.526298493780203, 22.874090450971078, 0.0 ] ] ] } },
{ "type": "Feature", "properties": { "Vill_LGD": "802277", "Villl_name": "MANPUR (V)", "Sub_dist": "Dr. Ambedkar Nagar Mhow", "District": "INDORE" }, "geometry": { "type": "Polygon", "coordinates": [ [ [ 75.628114662721458, 22.433882635151601, 0.0 ], [ 75.632117916627266, 22.422884567820461, 0.0 ], [ 75.636472652442478, 22.422708673503859, 0.0 ], [ 75.64464533807309, 22.426357873424696, 0.0 ], [ 75.651021231694841, 22.422652186826198, 0.0 ], [ 75.651999691378535, 22.41969179579668, 0.0 ], [ 75.647971364250395, 22.405045354839757, 0.0 ], [ 75.63501453867967, 22.401691886779879, 0.0 ], [ 75.622329802365471, 22.400840459258507, 0.0 ], [ 75.619982854446647, 22.402775180041864, 0.0 ], [ 75.619434285649035, 22.401262275258549, 0.0 ], [ 75.617528165862524, 22.402844852462028, 0.0 ], [ 75.616152154068601, 22.410174385358911, 0.0 ], [ 75.616732742097057, 22.418045641612107, 0.0 ], [ 75.612606756936941, 22.419311514778538, 0.0 ], [ 75.607084028578015, 22.417863613010109, 0.0 ], [ 75.60665765768627, 22.422007023113277, 0.0 ], [ 75.610200674525373, 22.428174586440448, 0.0 ], [ 75.607737933617713, 22.432543277216283, 0.0 ], [ 75.604225849199011, 22.433364190749149, 0.0 ], [ 75.604611373817022, 22.444278275503446, 0.0 ], [ 75.618036292917665, 22.441275396400719, 0.0 ], [ 75.611611276967281, 22.440601960310499, 0.0 ], [ 75.615070078492863, 22.434409175175901, 0.0 ], [ 75.612654111286346, 22.427609338027263, 0.0 ], [ 75.609408646088866, 22.425313979146516, 0.0 ], [ 75.61479408617447, 22.426493075751971, 0.0 ], [ 75.615971028621502, 22.419843741913894, 0.0 ], [ 75.619154597751603, 22.420970759588492, 0.0 ], [ 75.624619267530619, 22.419996301813015, 0.0 ], [ 75.626550472735872, 22.424158964813515, 0.0 ], [ 75.624917344966747, 22.428773959438427, 0.0 ], [ 75.62733037736902, 22.430369158143545, 0.0 ], [ 75.624613260287518, 22.431351687112741, 0.0 ], [ 75.624896459423795, 22.433044495264046, 0.0 ], [ 75.628114662721458, 22.433882635151601, 0.0 ] ] ] } },
{ "type": "Feature", "properties": { "Vill_LGD": "802274", "Villl_name": "RAU NP", "Sub_dist": "RAU", "District": "INDORE" }, "geometry": { "type": "Polygon", "coordinates": [ [ [ 75.817038997515823, 22.654654386040569, 0.0 ], [ 75.828891080560084, 22.652282911083923, 0.0 ], [ 75.827293398830037, 22.642862428409327, 0.0 ], [ 75.828277178964029, 22.63667602687331, 0.0 ], [ 75.834512556243297, 22.635148412872251, 0.0 ], [ 75.837607775250632, 22.628066858998015, 0.0 ], [ 75.842524912529115, 22.622213351813883, 0.0 ], [ 75.838566472920519, 22.612167744564676, 0.0 ], [ 75.826610211541961, 22.611017066357341, 0.0 ], [ 75.818293543267799, 22.612327015369353, 0.0 ], [ 75.811252172096317, 22.617258287879579, 0.0 ], [ 75.804923381452554, 22.625898729025561, 0.0 ], [ 75.802281711072993, 22.6270037785747, 0.0 ], [ 75.803610917630863, 22.630022892532278, 0.0 ], [ 75.801186862898604, 22.628003907526402, 0.0 ], [ 75.795296046747609, 22.62766912869688, 0.0 ], [ 75.794436335914909, 22.632854972319375, 0.0 ], [ 75.803376814782723, 22.639937315310362, 0.0 ], [ 75.80555075585356, 22.65370800925675, 0.0 ], [ 75.817038997515823, 22.654654386040569, 0.0 ] ] ] } },
{ "type": "Feature", "properties": { "Vill_LGD": "802268", "Villl_name": "RUNJI-GAUTAMPURA (NP)", "Sub_dist": "DEPALPUR", "District": "INDORE" }, "geometry": { "type": "Polygon", "coordinates": [ [ [ 75.520589139807583, 22.977095332501943, 0.0 ], [ 75.518947942770282, 22.974127581453111, 0.0 ], [ 75.510731159566646, 22.975540321136975, 0.0 ], [ 75.509004543336715, 22.97652113459921, 0.0 ], [ 75.510498845476846, 22.980513871252462, 0.0 ], [ 75.508976395321454, 22.98364460258658, 0.0 ], [ 75.520255552922663, 22.983085233976794, 0.0 ], [ 75.520589139807583, 22.977095332501943, 0.0 ] ] ] } },
{ "type": "Feature", "properties": { "Vill_LGD": "802268", "Villl_name": "RUNJI-GAUTAMPURA (NP)", "Sub_dist": "DEPALPUR", "District": "INDORE" }, "geometry": { "type": "Polygon", "coordinates": [ [ [ 75.516164451003547, 22.998729736661925, 0.0 ], [ 75.526199125675532, 22.997620776021822, 0.0 ], [ 75.526050627452477, 22.99153841936754, 0.0 ], [ 75.529811278362047, 22.992975068596895, 0.0 ], [ 75.535784547202852, 22.992204272270751, 0.0 ], [ 75.534553761060948, 22.988600529111128, 0.0 ], [ 75.536270878399066, 22.986616479159768, 0.0 ], [ 75.530980590832542, 22.987410380511658, 0.0 ], [ 75.530826879319363, 22.982915598654248, 0.0 ], [ 75.527267703764949, 22.984062813311063, 0.0 ], [ 75.523267172581825, 22.981866080709825, 0.0 ], [ 75.523464459693741, 22.978679111304452, 0.0 ], [ 75.524731399007422, 22.978283770071233, 0.0 ], [ 75.523568011107059, 22.976805233565432, 0.0 ], [ 75.520673840979612, 22.976762846650033, 0.0 ], [ 75.520255552922663, 22.983085233976794, 0.0 ], [ 75.515466965861108, 22.983707039118499, 0.0 ], [ 75.513643644874421, 22.982486582942933, 0.0 ], [ 75.511662485170064, 22.98408995493725, 0.0 ], [ 75.50845560106869, 22.98370500122363, 0.0 ], [ 75.507817523323766, 22.985889846351697, 0.0 ], [ 75.51077953538244, 22.986953895403509, 0.0 ], [ 75.510938913988696, 22.989283652016841, 0.0 ], [ 75.512678293632277, 22.988519245990027, 0.0 ], [ 75.516164451003547, 22.998729736661925, 0.0 ] ] ] } },
{ "type": "Feature", "properties": { "Vill_LGD": "802268", "Villl_name": "RUNJI-GAUTAMPURA (V)", "Sub_dist": "DEPALPUR", "District": "INDORE" }, "geometry": { "type": "Polygon", "coordinates": [ [ [ 75.516073573939508, 22.998403468682831, 0.0 ], [ 75.512678293632277, 22.988519245990027, 0.0 ], [ 75.510938913988696, 22.989283652016841, 0.0 ], [ 75.51077953538244, 22.986953895403509, 0.0 ], [ 75.509689022111303, 22.986591972066009, 0.0 ], [ 75.510460773799721, 22.988023450676017, 0.0 ], [ 75.507833848512306, 22.988532653998679, 0.0 ], [ 75.507981374265739, 22.990388633788641, 0.0 ], [ 75.503126683095573, 22.995399729413656, 0.0 ], [ 75.506959179599647, 22.995989010631874, 0.0 ], [ 75.508003762182355, 22.999703348597254, 0.0 ], [ 75.516073573939508, 22.998403468682831, 0.0 ] ] ] } },
{ "type": "Feature", "properties": { "Vill_LGD": "475993", "Villl_name": "BADOLI HOJ", "Sub_dist": "DEPALPUR", "District": "INDORE" }, "geometry": { "type": "Polygon", "coordinates": [ [ [ 75.539563003146625, 22.862787242173138, 0.0 ], [ 75.541209776568408, 22.856887222939545, 0.0 ], [ 75.543433195847669, 22.85622354590754, 0.0 ], [ 75.544212452403016, 22.857880549635343, 0.0 ], [ 75.546782248728164, 22.856246875170655, 0.0 ], [ 75.542843944681906, 22.855960775175284, 0.0 ], [ 75.54591426276663, 22.854330186917021, 0.0 ], [ 75.546261718855206, 22.849239955878829, 0.0 ], [ 75.548050344176275, 22.848647787333277, 0.0 ], [ 75.548512360034294, 22.850798576298661, 0.0 ], [ 75.550544732163672, 22.850599397954767, 0.0 ], [ 75.549882083854413, 22.847719478082968, 0.0 ], [ 75.561975319204706, 22.84237974535759, 0.0 ], [ 75.561104633799587, 22.839665151300967, 0.0 ], [ 75.563268172445888, 22.838502006836876, 0.0 ], [ 75.562690783036558, 22.835547180785504, 0.0 ], [ 75.553821168590446, 22.838706559951689, 0.0 ], [ 75.553717672304472, 22.8418400709471, 0.0 ], [ 75.547724655161375, 22.843505248155033, 0.0 ], [ 75.546616345426614, 22.845361526843824, 0.0 ], [ 75.538864087421146, 22.842622129630353, 0.0 ], [ 75.537568194187713, 22.837370688632397, 0.0 ], [ 75.533434476470163, 22.83864533584325, 0.0 ], [ 75.532908744937075, 22.843068819230794, 0.0 ], [ 75.529362035932067, 22.844709477706573, 0.0 ], [ 75.529817225075888, 22.847623509656383, 0.0 ], [ 75.534361007471148, 22.848782923339382, 0.0 ], [ 75.534919644821443, 22.85219666178687, 0.0 ], [ 75.539587663013734, 22.852778733994125, 0.0 ], [ 75.538351971259758, 22.854487170347856, 0.0 ], [ 75.540375734607778, 22.855254529119438, 0.0 ], [ 75.538631621221114, 22.86058341234747, 0.0 ], [ 75.539563003146625, 22.862787242173138, 0.0 ] ] ] } },
{ "type": "Feature", "properties": { "Vill_LGD": "802269", "Villl_name": "DEPALPUR (V)", "Sub_dist": "DEPALPUR", "District": "INDORE" }, "geometry": { "type": "Polygon", "coordinates": [ [ [ 75.558984835069481, 22.823287815033478, 0.0 ], [ 75.545627962217495, 22.845189836929634, 0.0 ], [ 75.553717672304472, 22.8418400709471, 0.0 ], [ 75.553821168590446, 22.838706559951689, 0.0 ], [ 75.56266727427942, 22.835551221893041, 0.0 ], [ 75.560875622588753, 22.832131336426659, 0.0 ], [ 75.561054486110123, 22.823651987857197, 0.0 ], [ 75.558984835069481, 22.823287815033478, 0.0 ] ] ] } },
{ "type": "Feature", "properties": { "Vill_LGD": "802272", "Villl_name": "SAWER (NP)", "Sub_dist": "SANWER", "District": "INDORE" }, "geometry": { "type": "Polygon", "coordinates": [ [ [ 75.83379559743004, 22.990555737737555, 0.0 ], [ 75.84024162279637, 22.981695882590497, 0.0 ], [ 75.841417501280944, 22.977412765869481, 0.0 ], [ 75.839090532821189, 22.97147740901708, 0.0 ], [ 75.832355417572259, 22.973912821649478, 0.0 ], [ 75.832677146501126, 22.975434884044184, 0.0 ], [ 75.830826100383092, 22.975953330799012, 0.0 ], [ 75.829131065122795, 22.973994831797651, 0.0 ], [ 75.830011664485014, 22.966534625611665, 0.0 ], [ 75.838114840290956, 22.96021044300948, 0.0 ], [ 75.838683741261178, 22.957505906472683, 0.0 ], [ 75.833979686166984, 22.95653527480944, 0.0 ], [ 75.829207132593751, 22.959111761271789, 0.0 ], [ 75.82979427420446, 22.961705158946131, 0.0 ], [ 75.82722765594913, 22.961075672700971, 0.0 ], [ 75.826324080056992, 22.963577872663294, 0.0 ], [ 75.823999592038291, 22.964151604555937, 0.0 ], [ 75.82322380892758, 22.967448910660462, 0.0 ], [ 75.814933480640903, 22.968475753463551, 0.0 ], [ 75.814194442156889, 22.972207864757372, 0.0 ], [ 75.815281120813182, 22.972343314845837, 0.0 ], [ 75.814536933029046, 22.975517017587435, 0.0 ], [ 75.819544771141096, 22.974791374142779, 0.0 ], [ 75.821391094693027, 22.978584433618298, 0.0 ], [ 75.827348566461978, 22.979195096188597, 0.0 ], [ 75.82800674627255, 22.98106704254635, 0.0 ], [ 75.832102450601866, 22.981796666184213, 0.0 ], [ 75.832199550656185, 22.989802233444031, 0.0 ], [ 75.830593508673715, 22.989945094965965, 0.0 ], [ 75.83379559743004, 22.990555737737555, 0.0 ] ] ] } },
{ "type": "Feature", "properties": { "Vill_LGD": "777427", "Villl_name": "RAWER", "Sub_dist": "SANWER", "District": "INDORE" }, "geometry": { "type": "Polygon", "coordinates": [ [ [ 75.840513072461206, 22.969175751717732, 0.0 ], [ 75.836627436102091, 22.971556744378489, 0.0 ], [ 75.83126769975425, 22.968951233735229, 0.0 ], [ 75.828870587008538, 22.972495546489604, 0.0 ], [ 75.830826100383092, 22.975953330799012, 0.0 ], [ 75.832677146501126, 22.975434884044184, 0.0 ], [ 75.832355417572259, 22.973912821649478, 0.0 ], [ 75.839090532821189, 22.97147740901708, 0.0 ], [ 75.841346896389496, 22.976307903515586, 0.0 ], [ 75.84041172226226, 22.981392823021569, 0.0 ], [ 75.833903250587952, 22.99055003865444, 0.0 ], [ 75.831136698974461, 22.990107948573783, 0.0 ], [ 75.831091166499576, 22.995316255989884, 0.0 ], [ 75.833756589502912, 22.999830755957628, 0.0 ], [ 75.833378273712825, 23.005232611718778, 0.0 ], [ 75.836894372401389, 23.004813844564968, 0.0 ], [ 75.836237971125584, 22.990978996293371, 0.0 ], [ 75.844091966666952, 22.993024755974243, 0.0 ], [ 75.854923337852483, 22.989068781019338, 0.0 ], [ 75.854139568991286, 22.980383089691109, 0.0 ], [ 75.856308744974584, 22.972804923681469, 0.0 ], [ 75.840513072461206, 22.969175751717732, 0.0 ] ] ] } },
{ "type": "Feature", "properties": { "Vill_LGD": "802272", "Villl_name": "SAWER (V)", "Sub_dist": "SANWER", "District": "INDORE" }, "geometry": { "type": "Polygon", "coordinates": [ [ [ 75.832166568362439, 22.989887131692207, 0.0 ], [ 75.832102450601866, 22.981796666184213, 0.0 ], [ 75.82800674627255, 22.98106704254635, 0.0 ], [ 75.827348566461978, 22.979195096188597, 0.0 ], [ 75.824999738684696, 22.979938609345563, 0.0 ], [ 75.822900821394583, 22.985829670819918, 0.0 ], [ 75.832166568362439, 22.989887131692207, 0.0 ] ] ] } },
{ "type": "Feature", "properties": { "Vill_LGD": "802272", "Villl_name": "SAWER (V)", "Sub_dist": "SANWER", "District": "INDORE" }, "geometry": { "type": "Polygon", "coordinates": [ [ [ 75.80720612923426, 22.989575426477089, 0.0 ], [ 75.809880644381153, 22.986348876738834, 0.0 ], [ 75.814192227670404, 22.985677869348372, 0.0 ], [ 75.812088783654417, 22.984592835688307, 0.0 ], [ 75.814601494797571, 22.983060462030267, 0.0 ], [ 75.813192853276007, 22.982551257944952, 0.0 ], [ 75.814653842899787, 22.981304420363543, 0.0 ], [ 75.814933480640903, 22.968475753463551, 0.0 ], [ 75.82322380892758, 22.967448910660462, 0.0 ], [ 75.823999592038291, 22.964151604555937, 0.0 ], [ 75.826324080056992, 22.963577872663294, 0.0 ], [ 75.82722765594913, 22.961075672700971, 0.0 ], [ 75.82979427420446, 22.961705158946131, 0.0 ], [ 75.829207132593751, 22.959111761271789, 0.0 ], [ 75.833979686166984, 22.95653527480944, 0.0 ], [ 75.838683741261178, 22.957505906472683, 0.0 ], [ 75.838114840290956, 22.96021044300948, 0.0 ], [ 75.830757994843395, 22.965424883760722, 0.0 ], [ 75.828902668559707, 22.970348478645249, 0.0 ], [ 75.831898257037153, 22.968867952624802, 0.0 ], [ 75.837400761109024, 22.971378283182631, 0.0 ], [ 75.841921735503959, 22.967113100959811, 0.0 ], [ 75.843541526826172, 22.959050212664792, 0.0 ], [ 75.84783169392054, 22.950155787286057, 0.0 ], [ 75.844213711600631, 22.949322822536416, 0.0 ], [ 75.842052330539047, 22.955660746756429, 0.0 ], [ 75.829222277460914, 22.953814285111555, 0.0 ], [ 75.826043316692619, 22.955051605190686, 0.0 ], [ 75.803264141912393, 22.954880111043153, 0.0 ], [ 75.803972031507641, 22.963321248573912, 0.0 ], [ 75.799712796250134, 22.980340343082815, 0.0 ], [ 75.801057270115749, 22.985744803676276, 0.0 ], [ 75.805245120790971, 22.98530698342838, 0.0 ], [ 75.80720612923426, 22.989575426477089, 0.0 ] ] ] } },
{ "type": "Feature", "properties": { "Vill_LGD": "802271", "Villl_name": "HATOD (V)", "Sub_dist": "HATOD", "District": "INDORE" }, "geometry": { "type": "Polygon", "coordinates": [ [ [ 75.758209284170491, 22.788007560131852, 0.0 ], [ 75.756999477612752, 22.791049129277624, 0.0 ], [ 75.75494520988768, 22.791246540986581, 0.0 ], [ 75.754221504288267, 22.797757340010829, 0.0 ], [ 75.751989583539498, 22.801942070771336, 0.0 ], [ 75.757508928516643, 22.803196477391687, 0.0 ], [ 75.756688778131831, 22.805559538241877, 0.0 ], [ 75.763288593502537, 22.800947639850882, 0.0 ], [ 75.766466573813076, 22.790934191183954, 0.0 ], [ 75.760683312194672, 22.790624447023415, 0.0 ], [ 75.760931436654346, 22.788056619079459, 0.0 ], [ 75.758209284170491, 22.788007560131852, 0.0 ] ] ] } },
{ "type": "Feature", "properties": { "Vill_LGD": "802271", "Villl_name": "HATOD (NP)", "Sub_dist": "HATOD", "District": "INDORE" }, "geometry": { "type": "Polygon", "coordinates": [ [ [ 75.752912719946238, 22.812084413267755, 0.0 ], [ 75.757508928516643, 22.803196477391687, 0.0 ], [ 75.751989583539498, 22.801942070771336, 0.0 ], [ 75.754221504288267, 22.797757340010829, 0.0 ], [ 75.75494520988768, 22.791246540986581, 0.0 ], [ 75.756999477612752, 22.791049129277624, 0.0 ], [ 75.758156269705296, 22.788395562970688, 0.0 ], [ 75.757827788732342, 22.784709630432477, 0.0 ], [ 75.753084747623092, 22.784551771417664, 0.0 ], [ 75.753008005412937, 22.786802558783297, 0.0 ], [ 75.748091254252387, 22.792766597817529, 0.0 ], [ 75.742641183182855, 22.792113469004001, 0.0 ], [ 75.738957662835631, 22.788961567771839, 0.0 ], [ 75.733657095351361, 22.787785068656941, 0.0 ], [ 75.73349324892007, 22.789970894989111, 0.0 ], [ 75.735589188049488, 22.791929984811464, 0.0 ], [ 75.733984364959539, 22.793312456065557, 0.0 ], [ 75.735844638745931, 22.795140091933497, 0.0 ], [ 75.72811733376632, 22.796599640162089, 0.0 ], [ 75.731828282092863, 22.805070787801508, 0.0 ], [ 75.739731275025804, 22.80559478515173, 0.0 ], [ 75.73982375048206, 22.808311873815892, 0.0 ], [ 75.74544427806039, 22.807186161566808, 0.0 ], [ 75.745472522417984, 22.810890209963272, 0.0 ], [ 75.747009467662693, 22.811608949804288, 0.0 ], [ 75.752912719946238, 22.812084413267755, 0.0 ] ] ] } },
{ "type": "Feature", "properties": { "Vill_LGD": "476030", "Villl_name": "BADIPURA", "Sub_dist": "DEPALPUR", "District": "INDORE" }, "geometry": { "type": "Polygon", "coordinates": [ [ [ 75.611406011603762, 22.681455529561585, 0.0 ], [ 75.612977757463952, 22.679240713705187, 0.0 ], [ 75.612104971890943, 22.676730381935073, 0.0 ], [ 75.608459245797945, 22.675702273457059, 0.0 ], [ 75.605075652783043, 22.675549987556607, 0.0 ], [ 75.599003267854499, 22.678514796175278, 0.0 ], [ 75.597204394265489, 22.677777163257975, 0.0 ], [ 75.594144615883934, 22.700338873066109, 0.0 ], [ 75.597479138432078, 22.700509525881827, 0.0 ], [ 75.607758410300463, 22.693628123706841, 0.0 ], [ 75.607287198426818, 22.689725655651031, 0.0 ], [ 75.605087394536241, 22.687932813702172, 0.0 ], [ 75.605192444695135, 22.68292212874373, 0.0 ], [ 75.607840201033099, 22.683132000066951, 0.0 ], [ 75.607421781667384, 22.681449913637941, 0.0 ], [ 75.611406011603762, 22.681455529561585, 0.0 ] ] ] } },
{ "type": "Feature", "properties": { "Vill_LGD": "802270", "Villl_name": "BETMA (V)", "Sub_dist": "DEPALPUR", "District": "INDORE" }, "geometry": { "type": "Polygon", "coordinates": [ [ [ 75.635517051238494, 22.681170527198297, 0.0 ], [ 75.635737777414874, 22.678119987474819, 0.0 ], [ 75.624777980477702, 22.679576216833283, 0.0 ], [ 75.621632334428966, 22.678614914280374, 0.0 ], [ 75.615474288112125, 22.680290055404623, 0.0 ], [ 75.613584995913286, 22.678367451055248, 0.0 ], [ 75.614232210287994, 22.677320488428766, 0.0 ], [ 75.612228705414438, 22.676630442639365, 0.0 ], [ 75.612977757463952, 22.679240713705187, 0.0 ], [ 75.611460852163006, 22.679603580934774, 0.0 ], [ 75.626611317504882, 22.685480921771923, 0.0 ], [ 75.635517051238494, 22.681170527198297, 0.0 ] ] ] } },
{ "type": "Feature", "properties": { "Vill_LGD": "802270", "Villl_name": "BETMA (V)", "Sub_dist": "DEPALPUR", "District": "INDORE" }, "geometry": { "type": "Polygon", "coordinates": [ [ [ 75.606689127755729, 22.711290617027942, 0.0 ], [ 75.623312806478822, 22.710136375190267, 0.0 ], [ 75.622029076910394, 22.697838651675514, 0.0 ], [ 75.626835588507333, 22.699261569207607, 0.0 ], [ 75.629234084764605, 22.698343098134032, 0.0 ], [ 75.627926714217182, 22.691084716586872, 0.0 ], [ 75.621739874497493, 22.691821091304188, 0.0 ], [ 75.621754779609077, 22.69387717252431, 0.0 ], [ 75.619269494220248, 22.693553117956224, 0.0 ], [ 75.617899182580828, 22.69693535726384, 0.0 ], [ 75.613664998352363, 22.695572849650222, 0.0 ], [ 75.611178071543776, 22.692582312702818, 0.0 ], [ 75.608815776553627, 22.692917410609539, 0.0 ], [ 75.608131401801643, 22.689633060691389, 0.0 ], [ 75.607758410300463, 22.693628123706841, 0.0 ], [ 75.597479138432078, 22.700509525881827, 0.0 ], [ 75.600024714979028, 22.702955259237246, 0.0 ], [ 75.600277991618583, 22.707307834201629, 0.0 ], [ 75.605823004689015, 22.70922524571602, 0.0 ], [ 75.606689127755729, 22.711290617027942, 0.0 ] ] ] } },
{ "type": "Feature", "properties": { "Vill_LGD": "802276", "Villl_name": "MHOWGAON (V)", "Sub_dist": "Dr. Ambedkar Nagar Mhow", "District": "INDORE" }, "geometry": { "type": "Polygon", "coordinates": [ [ [ 75.753579466708814, 22.583772884641029, 0.0 ], [ 75.75369726422538, 22.58490571791808, 0.0 ], [ 75.747073922038282, 22.587042347493718, 0.0 ], [ 75.750781291460939, 22.587031711278566, 0.0 ], [ 75.751681778311706, 22.592220800078252, 0.0 ], [ 75.754608515855239, 22.592615790343491, 0.0 ], [ 75.753579466708814, 22.583772884641029, 0.0 ] ] ] } },
{ "type": "Feature", "properties": { "Vill_LGD": "802276", "Villl_name": "MHOWGAON (V)", "Sub_dist": "Dr. Ambedkar Nagar Mhow", "District": "INDORE" }, "geometry": { "type": "Polygon", "coordinates": [ [ [ 75.710710014754142, 22.583001473451514, 0.0 ], [ 75.723418051360724, 22.576671432695331, 0.0 ], [ 75.723005295801855, 22.573473254570473, 0.0 ], [ 75.724145504892007, 22.572999661852624, 0.0 ], [ 75.722657536128324, 22.570993427059388, 0.0 ], [ 75.722361609443283, 22.564776198034522, 0.0 ], [ 75.729963374968989, 22.561740317885288, 0.0 ], [ 75.724710901803149, 22.556576874994143, 0.0 ], [ 75.713448294691801, 22.558828870441733, 0.0 ], [ 75.705918804109231, 22.576254169503105, 0.0 ], [ 75.710732596261295, 22.577339501917749, 0.0 ], [ 75.708901506876373, 22.582489692623994, 0.0 ], [ 75.710710014754142, 22.583001473451514, 0.0 ] ] ] } },
{ "type": "Feature", "properties": { "Vill_LGD": "802277", "Villl_name": "MANPUR (NP)", "Sub_dist": "Dr. Ambedkar Nagar Mhow", "District": "INDORE" }, "geometry": { "type": "Polygon", "coordinates": [ [ [ 75.611611276967281, 22.440601960310499, 0.0 ], [ 75.621686126189388, 22.440383741594363, 0.0 ], [ 75.628914812682069, 22.434911772429285, 0.0 ], [ 75.624896459423795, 22.433044495264046, 0.0 ], [ 75.624613260287518, 22.431351687112741, 0.0 ], [ 75.62733037736902, 22.430369158143545, 0.0 ], [ 75.624917344966747, 22.428773959438427, 0.0 ], [ 75.626550472735872, 22.424158964813515, 0.0 ], [ 75.624619267530619, 22.419996301813015, 0.0 ], [ 75.619154597751603, 22.420970759588492, 0.0 ], [ 75.615971028621502, 22.419843741913894, 0.0 ], [ 75.61479408617447, 22.426493075751971, 0.0 ], [ 75.609408646088866, 22.425313979146516, 0.0 ], [ 75.612654111286346, 22.427609338027263, 0.0 ], [ 75.615070078492863, 22.434409175175901, 0.0 ], [ 75.611611276967281, 22.440601960310499, 0.0 ] ] ] } },
{ "type": "Feature", "properties": { "Vill_LGD": "777425", "Villl_name": "Indore (M Corp. + OG) Part\r\n", "Sub_dist": "MALHARGANJ", "District": "INDORE" }, "geometry": { "type": "Polygon", "coordinates": [ [ [ 75.772970564057715, 22.743384237625627, 0.0 ], [ 75.79401846888598, 22.739922250960973, 0.0 ], [ 75.794795622821226, 22.725766729078625, 0.0 ], [ 75.783762175062421, 22.723808327257331, 0.0 ], [ 75.781206633891458, 22.721466938358112, 0.0 ], [ 75.780526778877174, 22.712318744232299, 0.0 ], [ 75.763956255362757, 22.712125807756173, 0.0 ], [ 75.761454589621238, 22.740830606347494, 0.0 ], [ 75.770991326650829, 22.741762520338419, 0.0 ], [ 75.772970564057715, 22.743384237625627, 0.0 ] ] ] } },
{ "type": "Feature", "properties": { "Vill_LGD": "476049", "Villl_name": "BAJRANGPURA", "Sub_dist": "DEPALPUR", "District": "INDORE" }, "geometry": { "type": "Polygon", "coordinates": [ [ [ 75.680716325967154, 22.653603669251019, 0.0 ], [ 75.681968682519056, 22.651528431252679, 0.0 ], [ 75.680003849020139, 22.648557132042995, 0.0 ], [ 75.679028885703744, 22.641914080991175, 0.0 ], [ 75.682983583213087, 22.637389557409808, 0.0 ], [ 75.683497596235412, 22.634015238948752, 0.0 ], [ 75.676832241609929, 22.637741531225021, 0.0 ], [ 75.666604887863812, 22.636856729389418, 0.0 ], [ 75.665342561856008, 22.643696512459833, 0.0 ], [ 75.669986012239306, 22.65140800835157, 0.0 ], [ 75.672344829399478, 22.649516422605203, 0.0 ], [ 75.677328205445122, 22.654276731071782, 0.0 ], [ 75.680716325967154, 22.653603669251019, 0.0 ] ] ] } },
{ "type": "Feature", "properties": { "Vill_LGD": "476049", "Villl_name": "CHIRAKHAN", "Sub_dist": "DEPALPUR", "District": "INDORE" }, "geometry": { "type": "Polygon", "coordinates": [ [ [ 75.683497596235412, 22.634015238948752, 0.0 ], [ 75.682983583213087, 22.637389557409808, 0.0 ], [ 75.687705772402197, 22.638721114942307, 0.0 ], [ 75.692049676660602, 22.643509958868972, 0.0 ], [ 75.704808206950617, 22.646297185705858, 0.0 ], [ 75.706688024360375, 22.632626129413524, 0.0 ], [ 75.70441556908429, 22.62890403743954, 0.0 ], [ 75.697773576818619, 22.626863829937104, 0.0 ], [ 75.692254983405519, 22.628094533350183, 0.0 ], [ 75.683497596235412, 22.634015238948752, 0.0 ] ] ] } }
]
}
